"","cg11616676","cg03819286","cg05518803","cg06998282","cg00140235","cg18634848","cg05313680","cg17025661","cg25984597","cg15175129","cg22502206","cg00622654","cg11709544","cg19104399","cg07621949","cg11280964","cg14821713","cg18127922","cg02410860","cg01947949","cg14144850","cg15485670","cg14856606","cg04030905","cg24206614","cg25936334","cg00130808","cg15420153","cg12635019","cg20248774","cg22656521","cg23403950","cg08324610","cg11596241","cg03361549","cg24315042","cg08485937","cg09214323","cg24280297","cg27189973","cg16196713","cg00933411","cg00425213","cg07904447","cg25434174"
"PDD38",0.02329776,0.7257812,0.06072393,0.06384574,0.007388611,0.01759621,0.7288733,0.01143828,0.827452,0.1862449,0.1598906,0.01914327,0.2548877,0.9692278,0.9070935,0.02554169,0.02830201,0.3349724,0.004934929,0.05784644,0.9116448,0.233234,0.9234786,0.01854773,0.6700664,0.0741814,0.7927773,0.1615638,0.1670739,0.2334112,0.8353132,0.03989409,0.273279,0.8758187,0.01039432,0.9258175,0.9282158,0.7606538,0.01747038,0.1553047,0.01376451,0.8898723,0.8046131,0.0280196,0.02586745
"CTRL61",0.02219866,0.6083916,0.03076221,0.01346789,0.006471786,0.01131357,0.8177573,0.01316013,0.8995864,0.221219,0.1570704,0.01310729,0.1927944,0.979416,0.8519948,0.02158749,0.0780119,0.2980935,0.01107146,0.02663131,0.8620368,0.1849427,0.8669251,0.008042587,0.506216,0.06506399,0.7242218,0.176254,0.2088994,0.29065,0.8266242,0.04382393,0.282125,0.8261808,0.00451758,0.8379731,0.9345542,0.7928147,0.01317538,0.1163811,0.004338217,0.888578,0.667614,0.02377479,0.03024697
"PDD23",0.07516615,0.6709693,0.06899248,0.01654682,0.006154748,0.02529109,0.823363,0.01193152,0.8637797,0.2761302,0.1507328,0.0107604,0.1643972,0.9782762,0.8884689,0.01558266,0.03366494,0.3754685,0.009156533,0.08861454,0.8933736,0.1903915,0.8527451,0.005726054,0.5691284,0.05002952,0.8151191,0.1545906,0.2167339,0.2941177,0.8270948,0.0302921,0.2831301,0.8977734,0.006958954,0.8612664,0.9280327,0.7705194,0.01258688,0.09481249,0.01497302,0.9299561,0.8540201,0.02919373,0.007808825
"PDD21",0.04946122,0.6562812,0.05957816,0.04909073,0.004833642,0.02502469,0.8183128,0.01232987,0.8098756,0.289502,0.1057663,0.01292308,0.2323658,0.9753959,0.8922373,0.01773692,0.07173743,0.2282783,0.01419014,0.04612018,0.8685298,0.1284615,0.8136284,0.01261787,0.7262033,0.06979427,0.840357,0.1648119,0.1496872,0.2875904,0.8055228,0.04157187,0.2750523,0.9213357,0.002282337,0.9183756,0.9070525,0.6509991,0.01410828,0.1130574,0.01664093,0.8774502,0.835052,0.02971187,0.01380781
"PD29",0.05693455,0.5671002,0.04563083,0.005598126,0.001916233,0.02798089,0.7458741,0.0188887,0.8569191,0.1980129,0.1371818,0.002291476,0.2283417,0.9668819,0.8063693,0.0402745,0.04495849,0.3886598,0.00953482,0.03905073,0.8998327,0.1644782,0.8060527,0.01859513,0.6149212,0.06615044,0.6987088,0.1747573,0.2014055,0.2565543,0.8232306,0.04691859,0.3740175,0.8319736,0.00685334,0.873522,0.8937237,0.8051481,0.01268683,0.1453147,0.005767013,0.8180043,0.7172266,0.03758446,0.01683793
"PD5",0.1580786,0.6997158,0.07113691,0.07452213,0.01802907,0.03005337,0.8777588,0.01416953,0.8172033,0.2780514,0.1177263,0.02568684,0.3514868,0.9563814,0.8822726,0.03427741,0.1502111,0.313187,0.01908662,0.06650718,0.8622962,0.2140255,0.8262409,0.01832921,0.6620157,0.06756245,0.8021077,0.1592006,0.1065205,0.325911,0.7642865,0.06676103,0.2808389,0.8805957,0.007331224,0.8994746,0.9121008,0.7437851,0.01766595,0.1404173,0.02118126,0.8551646,0.8638604,0.02606423,0.0290653
"CTRL88",0.1006945,0.6172201,0.08837285,0.03051385,0.01211762,0.01428213,0.7969598,0.01200675,0.9092134,0.2408661,0.1353767,0.02219415,0.2578065,0.9489398,0.860692,0.04283204,0.05920096,0.2956886,0.01187521,0.06652807,0.8890805,0.1633987,0.8991182,0.01464944,0.5142441,0.05259609,0.7032126,0.1703371,0.1344831,0.3394555,0.8989106,0.04180491,0.3417541,0.8468272,0.003680296,0.8862689,0.9526819,0.7992465,0.01585716,0.09784192,0.008675971,0.8559646,0.7733805,0.03060531,0.002660218
"PD41",0.07004507,0.671172,0.04372996,0.02688357,0.005874674,0.02430369,0.7815009,0.02131418,0.8481426,0.2613184,0.1503666,0.01258457,0.2938767,0.9610076,0.8073009,0.02448314,0.06667708,0.3743975,0.008960299,0.0370926,0.9424939,0.1232477,0.9367706,0.006805321,0.5745318,0.05773857,0.749877,0.1692488,0.173301,0.324743,0.8065561,0.06360373,0.3909813,0.8483603,0.004079828,0.8879565,0.9135089,0.8086117,0.008958446,0.114704,0.009650866,0.8443595,0.8064261,0.04119187,0.01877635
"PDD39",0.04723844,0.5860979,0.03532918,0.001065085,0.01235033,0.01218589,0.7274177,0.0124738,0.8322076,0.2607549,0.1552249,0.01971434,0.2339776,0.9562746,0.8503294,0.04595901,0.02776817,0.2641576,0.008600318,0.05854386,0.9542545,0.3957655,0.8787814,0.02098971,0.5134668,0.06574249,0.8263332,0.1737892,0.1754386,0.2499692,0.7902585,0.04540677,0.18822,0.8443688,0.006674916,0.86948,0.9128633,0.6784693,0.0160582,0.09023603,0.01464714,0.919165,0.8045349,0.04186963,0.01880838
"PD11",0.02436774,0.6809086,0.04548727,0.0003556025,0.001708331,0.012111,0.8167581,0.009583159,0.850172,0.2490606,0.1238157,0.01606314,0.2987403,0.9398815,0.8633483,0.02928898,0.06852508,0.3642372,0.01770924,0.06716877,0.9145433,0.1802233,0.877261,0.01772897,0.5384094,0.05786026,0.7404087,0.1480023,0.2010624,0.3005013,0.7934208,0.0648405,0.3181355,0.8883732,0.002497148,0.8762271,0.9322077,0.7649147,0.0192795,0.1993343,0.006463101,0.9001397,0.7730168,0.02901978,0.01592252
"PDD26",0.06688799,0.7010031,0.03325515,0.04655952,0.008923139,0.01658834,0.787082,0.01119647,0.8563582,0.2314959,0.1079441,0.01202774,0.2508007,0.9699038,0.9009301,0.01189753,0.05669177,0.277518,0.005692318,0.02623668,0.9224447,0.169338,0.8332241,0.0140593,0.7176155,0.05610299,0.8117359,0.1812005,0.06983675,0.2708041,0.7862371,0.04507617,0.2708549,0.9088367,0.004943439,0.8929789,0.9097552,0.7161959,0.01448498,0.07302699,0.009754738,0.8785288,0.8656518,0.0315264,0.009265796
"PDD25",0.1728291,0.7196901,0.1015037,0.0263194,0.00240096,0.01535229,0.6236279,0.01196904,0.9209733,0.2523622,0.1258304,0.01692976,0.3694572,0.9775834,0.7231642,0.06129936,0.07206185,0.3983539,0.009225324,0.03306301,0.9582058,0.185994,0.8488413,0.009545533,0.6943372,0.0458595,0.6213352,0.1505117,0.2041348,0.3042044,0.8691951,0.04968944,0.576486,0.9147504,0.005246798,0.8751502,0.8500046,0.8933402,0.03264432,0.07189145,0.008627804,0.8119463,0.7669008,0.03198995,0.01498291
"PD1",0.06265116,0.6369721,0.02745889,0.005531457,0.008325281,0.01359375,0.7587718,0.009595132,0.8516654,0.2096932,0.07631445,0.0173852,0.2376677,0.9653681,0.8592973,0.04091729,0.01408582,0.2910542,0.006409015,0.0732151,0.8714371,0.2260934,0.8344777,0.005118533,0.6356696,0.04522672,0.8163453,0.1482031,0.1571321,0.3013132,0.7991865,0.02950433,0.2776531,0.8533323,0.003959482,0.8871533,0.9235278,0.7755388,0.01125054,0.126248,0.004034914,0.8274996,0.7549025,0.01937682,0.009970613
"CTRL24",0.02700742,0.6684136,0.02958355,0.004888903,0.00526118,0.02277275,0.7506717,0.01934612,0.8476693,0.244094,0.1710974,0.01811628,0.3214016,0.9721624,0.8464375,0.0310152,0.0007173265,0.3577313,0.007927109,0.0853389,0.9011629,0.2297962,0.8365573,0.01101601,0.6074982,0.06334597,0.8220859,0.1789777,0.1519101,0.3009121,0.7519965,0.04766839,0.236583,0.8666564,0.008484958,0.8392706,0.9101313,0.7263019,0.01189443,0.09947585,0.01050696,0.9165715,0.8338931,0.03716846,0.02723289
"PD55",0.04492273,0.6365578,0.0282468,0.03722882,0.01062946,0.009053794,0.7511477,0.002462212,0.8056411,0.2554948,0.1159632,0.01141199,0.2711128,0.9804571,0.8653331,0.03115996,0.05919825,0.2801339,0.005518241,0.06439922,0.9471329,0.1224263,0.8664915,0.005986528,0.6524517,0.04879049,0.7692308,0.1651989,0.1390025,0.2619915,0.773493,0.04219582,0.2234143,0.8601229,0.005347165,0.8679808,0.9270917,0.8008657,0.008497876,0.1136704,0.009135757,0.8410706,0.7842689,0.0175129,0.01322373
"CTRL15",0.0366462,0.5752521,0.01910345,0.02594483,0.006231118,0.01228071,0.7604623,0.011044,0.7973745,0.2200169,0.1587766,0.01189286,0.2408586,0.9833358,0.7877439,0.02040207,0.05273312,0.334474,0.01327561,0.06390426,0.9626766,0.1570066,0.7884628,0.008758609,0.528315,0.04620784,0.7355548,0.1557428,0.2055767,0.2710211,0.7264716,0.03883296,0.3398846,0.7646915,0.003533057,0.8195869,0.9363987,0.7464675,0.008326787,0.1324126,0.004299948,0.8872748,0.709873,0.03203711,0.01391092
"CTRL63",0.0224094,0.6913579,0.0296904,0.002268834,0.002384684,0.02622818,0.7138434,0.01260059,0.9018734,0.2630358,0.1237604,0.01244692,0.1415103,0.9870753,0.8818727,0.006950083,0.1962317,0.2765853,0.008226489,0.03000706,0.8203045,0.2071429,0.8855603,0.009938992,0.5102107,0.05383305,0.5601825,0.1976893,0.2386924,0.2839897,0.8524236,0.0343202,0.397166,0.860155,0.006730922,0.8244702,0.9509596,0.8729699,0.0122248,0.07023316,0.01038744,0.9332556,0.6829206,0.02582911,0.0009827571
"PDD60",0.09961872,0.6847145,0.03726103,0.01727329,0.008430948,0.01837512,0.6682679,0.01113328,0.8833085,0.1832696,0.1618474,0.01207133,0.2446564,0.9607946,0.7567268,0.05231087,0.0532144,0.3809589,0.008399229,0.04041194,0.9336184,0.1620112,0.8644179,0.01667596,0.6195332,0.07040987,0.6560865,0.1816789,0.1705755,0.311791,0.8409286,0.03855204,0.4203195,0.8371985,0.006216597,0.8512635,0.871229,0.8122824,0.009489381,0.1342354,0.005150846,0.8529077,0.7701997,0.03667579,0.02649861
"PDD51",0.05117884,0.4856765,0.03447196,0.05307352,0.008363202,0.008762979,0.6694155,0.0170135,0.7939148,0.157448,0.1329606,0.02322191,0.1946509,0.9608598,0.7346495,0.04135179,0.003689267,0.3130307,0.01551234,0.01554711,0.9540503,0.0967142,0.896792,0.01717182,0.490357,0.08754039,0.7175824,0.1661851,0.1701977,0.2367104,0.7553968,0.05113052,0.2416856,0.8232219,0.008198292,0.8278721,0.8484749,0.7447644,0.01979871,0.06332533,0.009345794,0.8373279,0.7483955,0.02951553,0.01559289
"PDD43",0.1199373,0.5584256,0.04906485,0.03018978,0.01296691,0.01525885,0.785224,0.009485612,0.8054911,0.2343216,0.1319265,0.0135296,0.226826,0.954127,0.8522122,0.03395403,0.03432706,0.3066963,0.008276865,0.06441477,0.9541568,0.2207792,0.8736011,0.009770877,0.5638949,0.07011023,0.8315152,0.1801255,0.1071723,0.2554111,0.7338059,0.03988996,0.2146317,0.892283,0.006574342,0.9102344,0.8983623,0.7265365,0.01666877,0.1079618,0.01248997,0.9216871,0.8866633,0.02667846,0.03016113
"PD14",0.03697288,0.6439671,0.05178715,0.005621739,0.00631057,0.01428843,0.8262746,0.01323792,0.8903309,0.3041551,0.1619668,0.01180689,0.2112754,0.9706981,0.8679681,0.01511778,0.05375325,0.3573873,0.01263673,0.03318226,0.8297331,0.1527648,0.8254671,0.0132509,0.5416622,0.05353874,0.8190661,0.1496729,0.2898821,0.3024249,0.8426313,0.04122389,0.2438119,0.8387662,0.003695607,0.8700156,0.9403601,0.799025,0.008894846,0.1608249,0.01079522,0.933565,0.7432952,0.02987116,0.008112949
"PDD5",0.1346245,0.6964822,0.02772691,0.1288634,0.01357594,0.02604781,0.7170836,0.01762397,0.8981175,0.2112112,0.146413,0.01663482,0.2699785,0.9481414,0.7612895,0.04101662,0.1259687,0.3938081,0.04800752,0.04590314,0.8739275,0.1886994,0.8197402,0.02408667,0.6361631,0.07241083,0.5392912,0.1561326,0.1842276,0.3402597,0.862002,0.08118081,0.4730876,0.8714579,0.005079254,0.9187655,0.9399507,0.7633547,0.01473908,0.07005286,0.01216931,0.8600591,0.8686096,0.03799432,0.01809257
"PD37",0.03780336,0.6435519,0.03138365,0.02764364,0.004586832,0.01271408,0.8169615,0.008924562,0.87793,0.2460113,0.1505927,0.01784143,0.3032557,0.9760444,0.8377994,0.02325784,0.003910854,0.3721046,0.01919129,0.05676613,0.9636415,0.1849406,0.8422494,0.00762791,0.6578772,0.05474493,0.7236581,0.1846865,0.2001285,0.3210957,0.8462168,0.05021688,0.3583515,0.8439693,0.007552615,0.8897437,0.9106624,0.7863676,0.01511651,0.1357299,0.0007001167,0.8535369,0.7532094,0.02535566,0.0171407
"CTRL80",0.03406478,0.5811482,0.02798787,0.005661807,0.00827801,0.01725194,0.7964061,0.01431661,0.8592592,0.150047,0.1845055,0.01252501,0.2250691,0.9639379,0.8223742,0.01400426,0.08692378,0.3008691,0.01735817,0.03364614,0.7913867,0.1438466,0.7937445,0.03403874,0.5068102,0.06841612,0.7301415,0.1920601,0.105076,0.276731,0.7681389,0.04911374,0.3631773,0.9067106,0.006174393,0.8910087,0.9320526,0.7522604,0.01233773,0.0688536,0.009928044,0.9523955,0.7848135,0.029191,0.03082988
"PDD74",0.0295082,0.610694,0.0445268,0.04023445,0.007985734,0.01194002,0.8602021,0.01409436,0.9115831,0.1776556,0.1506044,0.01537416,0.2421855,0.9626334,0.8702352,0.05384801,0.07320551,0.2784364,0.01290757,0.06064894,0.9883795,0.2110634,0.8232384,0.008221991,0.6043581,0.07114014,0.7520228,0.1718871,0.1624079,0.2761224,0.8290522,0.05261166,0.3785206,0.8838377,0.007521394,0.9230664,0.9289297,0.7395672,0.01934294,0.110731,0.007038123,0.8749211,0.8698923,0.06918431,0.01789144
"CTRL62",0.0001248706,0.6404089,0.04712592,0.003640725,0.0007287664,0.01687574,0.7475961,0.008179494,0.8989779,0.2361657,0.1625807,0.01546511,0.2269076,0.974328,0.8565247,0.02090639,0.0879174,0.279855,0.01477536,0.05814688,0.9161328,0.1468668,0.8531067,0.007853095,0.586125,0.06791809,0.6653543,0.1732575,0.1870192,0.323179,0.8327801,0.04004234,0.3636942,0.8188024,0.004862042,0.8876383,0.927581,0.7706576,0.01421218,0.08417227,0.007270268,0.8642614,0.7408774,0.03277414,0.00738418
"PD3",0.08455805,0.6070085,0.06401138,0.1290988,0.01912982,0.03791765,0.7685708,0.01180035,0.8833853,0.2041727,0.1307918,0.01516871,0.1950033,0.9524726,0.791295,0.04822678,0.1123788,0.437718,0.03975254,0.06601833,0.8742734,0.2117564,0.7934355,0.03750895,0.6213303,0.06824424,0.7272727,0.1196706,0.1119596,0.3824418,0.8283184,0.06921008,0.4060473,0.859338,0.01116646,0.8975919,0.8859479,0.7712249,0.02722843,0.1714541,0.02720528,0.8867413,0.7603309,0.03575003,0.03561575
"CTRL39",0.04886312,0.6088393,0.06075235,0.03883064,0.002227011,0.02200247,0.8668697,0.01771654,0.8445583,0.2397066,0.1435751,0.02152303,0.2233407,0.964236,0.8766212,0.05969175,0.0582913,0.39574,0.02984624,0.04787234,0.8925833,0.07745267,0.8118299,0.01671114,0.5788248,0.0654679,0.7478019,0.1577563,0.1788688,0.3290913,0.8512938,0.06169885,0.4661682,0.8730382,0.0061379,0.8870749,0.9535325,0.7745543,0.01655202,0.1466922,0.01041938,0.8910629,0.7739237,0.0288205,0.02120104
"CTRL97",0.04592987,0.6421687,0.04693102,0.02503434,0.005808731,0.03034069,0.81951,0.007670343,0.8312794,0.2724933,0.14364,0.006621508,0.2434456,0.9743707,0.8686433,0.02358606,0.08770584,0.3507826,0.007437674,0.03516213,0.8823314,0.175187,0.8423387,0.009640587,0.5945892,0.043204,0.68029,0.1256734,0.2100313,0.3384069,0.8436798,0.05221658,0.3696869,0.8614412,0.005052326,0.8560188,0.9545308,0.787612,0.01748692,0.141679,0.007279166,0.8696974,0.7574852,0.02888515,0.01443145
"PD47",0.03283677,0.5769714,0.04444848,0.02864839,0.004455488,0.03040333,0.7583785,0.01707046,0.8096201,0.1571334,0.1802633,0.01496139,0.189607,0.9423196,0.8617025,0.03191706,0.03318179,0.3728726,0.01745165,0.0508093,0.869429,0.1452736,0.8098757,0.01472191,0.553332,0.06766749,0.7668044,0.1889929,0.2098187,0.2982974,0.8085832,0.03771361,0.3434034,0.8058536,0.00840933,0.8197428,0.9463969,0.7560479,0.01962989,0.1137451,0.003735326,0.8229834,0.7122285,0.03827898,0.01496459
"DLB17",0.06176043,0.5827987,0.05956957,0.04557623,0.01551116,0.02467684,0.8712557,0.01393407,0.8464378,0.1688369,0.1232502,0.01823819,0.1497821,0.9743027,0.8806256,0.01928534,0.08105402,0.316799,0.01753567,0.05087231,0.8436382,0.2269345,0.9061748,0.0190031,0.4456372,0.06606309,0.8670213,0.1688368,0.1994447,0.2520145,0.828177,0.04469053,0.2606704,0.8923366,0.008219458,0.8791618,0.9252995,0.6741473,0.01680533,0.1245131,0.01261528,0.9219314,0.7681115,0.03388018,0.01029844
"DLB2",0.1073596,0.698738,0.05908104,0.02714846,0.01790469,0.03021689,0.6646287,0.02142802,0.842921,0.1916561,0.157237,0.01988724,0.2219103,0.9591454,0.8002826,0.0444934,0.1185763,0.3475583,0.02902993,0.03487685,0.8522631,0.1865285,0.8673931,0.03828667,0.7119207,0.07091413,0.6547085,0.1472477,0.1284707,0.3414298,0.8352343,0.0758031,0.4169817,0.9042207,0.007950705,0.8999371,0.8712865,0.8301704,0.01261679,0.08330018,0.01977086,0.8774962,0.8281819,0.04150676,0.01239568
"CTRL35",0.05434753,0.6308822,0.03196393,0.01918996,0.008115204,0.01563177,0.8447393,0.00522526,0.8328839,0.2869304,0.1356683,0.02467508,0.2808898,0.9716723,0.8766666,0.04156842,0.003960641,0.3789836,0.01774035,0.05468176,0.9010744,0.1542289,0.8461338,0.01427788,0.6618531,0.04547339,0.7928599,0.1553036,0.1718839,0.3328411,0.8109119,0.05985513,0.2936984,0.8809754,0.003650814,0.8492824,0.9163201,0.8007506,0.01707585,0.09920938,0.01643431,0.8399984,0.795259,0.03026461,0.01562161
"PD8",0.09609316,0.7297622,0.04017056,0.04678988,0.01018616,0.02294316,0.8141947,0.01970404,0.8685915,0.3481111,0.1232866,0.01023819,0.2936541,0.9732295,0.8741231,0.03266611,0.08068938,0.2850652,0.0370476,0.03551732,0.9434566,0.2049261,0.8637676,0.02578503,0.7385232,0.04646584,0.7601097,0.1300393,0.1723103,0.2735058,0.795863,0.04937965,0.2325739,0.8759506,0.00501976,0.9210241,0.943848,0.6859295,0.01355867,0.2102754,0.01924785,0.9180205,0.8546862,0.03353503,0.01923077
"CTRL51",0.04275006,0.6436766,0.04476691,0.03398351,0.004594181,0.02316342,0.7707238,0.009326298,0.8927195,0.2318028,0.1725295,0.005267049,0.1864894,0.9770503,0.902158,0.0103349,0.02659335,0.3645364,0.01257656,0.05631636,0.8623499,0.08391608,0.8232207,0.008070872,0.5772976,0.04730679,0.7659161,0.1677205,0.186887,0.3040919,0.8894964,0.03838309,0.4001339,0.8158299,0.004793516,0.8594836,0.9418062,0.8059421,0.01014536,0.120178,0.009541813,0.8550276,0.7384804,0.02329178,0.002056555
"CTRL77",0.02352165,0.55152,0.03545847,0.04073342,0.009357409,0.01431583,0.8180242,0.01656586,0.9005602,0.1555684,0.1394098,0.009115078,0.2025314,0.9782147,0.902736,0.01796517,0.04340619,0.2834641,0.006562367,0.06538561,0.9020819,0.2234667,0.8326819,0.006307264,0.4597559,0.04970598,0.7490494,0.1905509,0.1467184,0.2727424,0.8054397,0.03324901,0.2293385,0.8503504,0.01183211,0.9115668,0.9397746,0.7369102,0.01610535,0.143627,0.002963221,0.8775677,0.7092263,0.02672422,0.02201784
"CTRL68",0.07117193,0.6355706,0.05595021,0.01500382,0.005909091,0.02198418,0.8196719,0.01793165,0.9083978,0.150781,0.1373635,0.02551198,0.1058475,0.967152,0.8616052,0.02975066,0.0693864,0.2797826,0.01331721,0.04602597,0.9001085,0.2241758,0.835352,0.01036758,0.451521,0.05833435,0.7324813,0.1655482,0.1618175,0.2921479,0.8574622,0.06854605,0.358777,0.8082874,0.008107086,0.7956274,0.9625833,0.7597049,0.02727229,0.0838337,0.0141981,0.9117339,0.7397324,0.03947444,0.01431908
"PDD24",0.07947381,0.6883233,0.05262204,0.03836731,0.009352787,0.02311109,0.9208602,0.01592489,0.9327071,0.240338,0.0952603,0.01419864,0.1628614,0.9782461,0.9304921,0.01652004,0.09962462,0.3513026,0.01566547,0.06399132,0.8707214,0.1896,0.815341,0.01013225,0.6044876,0.04406855,0.8673426,0.170903,0.1971131,0.234862,0.9298887,0.02805611,0.421991,0.9157927,0.004901286,0.9360722,0.9416156,0.8554981,0.01260378,0.05979631,0.00285831,0.9432613,0.8864303,0.03226127,0.01788312
"CTRL19",0.0475247,0.6440369,0.07707639,0.05440014,0.004309726,0.00935706,0.8571111,0.01178064,0.8655777,0.2537211,0.1228783,0.01872521,0.2559222,0.9700548,0.8484161,0.04412292,0.07107528,0.4194347,0.009380005,0.08846414,0.9374133,0.1349782,0.8118285,0.01462599,0.6721506,0.04594144,0.7422512,0.1496154,0.1150258,0.3308125,0.7622912,0.04753417,0.3546026,0.8426169,0.007067554,0.8602884,0.9298757,0.7306041,0.01358549,0.1340074,0.008607635,0.896965,0.7939402,0.02675566,0.009480763
"PDD13",0.1740558,0.745993,0.02626214,0.006772187,0.007958688,0.01846876,0.613261,0.005159449,0.911441,0.1533273,0.1264747,0.018779,0.2295122,0.9866516,0.7702071,0.04882077,0.05759053,0.4213697,0.01849595,0.03280286,0.918749,0.1292705,0.8097599,0.01142143,0.7135247,0.043,0.6090018,0.1048079,0.1513837,0.2369956,0.8933573,0.03224147,0.5437444,0.8953711,0.00420959,0.8358732,0.8814186,0.9179138,0.007141134,0.07994145,0.006142506,0.8058254,0.7853491,0.01734037,0.01601345
"CTRL43",0.04519108,0.6074104,0.05066238,0.02715735,0.01232984,0.01961689,0.7582951,0.014997,0.8646422,0.2423797,0.1920106,0.01753628,0.1611065,0.9590492,0.8224321,0.01273293,0.08062518,0.3006935,0.02446223,0.05778093,0.8587016,0.2043539,0.7740412,0.02595916,0.4684825,0.07512806,0.7363429,0.1645429,0.1607361,0.3161997,0.8186919,0.01987121,0.3311596,0.8883554,0.005909651,0.8737523,0.9613528,0.78443,0.0210494,0.1229761,0.01313366,0.9288162,0.7402599,0.02830448,0.02636876
"DLB11",0.05388617,0.7336747,0.06680153,0.02990272,0.00855615,0.02396906,0.7917969,0.008747698,0.9303427,0.2241049,0.1532818,0.01362295,0.101045,0.9748108,0.9156833,0.03412732,0.06247226,0.3660542,0.008937901,0.03782042,0.9153857,0.1444623,0.8404236,0.01204285,0.5370751,0.03721135,0.7029449,0.170239,0.1975923,0.2316065,0.8815651,0.0263402,0.358782,0.8437538,0.00699279,0.8847325,0.9393742,0.7707799,0.01361412,0.1120261,0.009910803,0.8966061,0.7896099,0.03376344,0.007720064
"PDD58",0.03598019,0.6288853,0.06688763,0.01380348,0.005117935,0.0193452,0.7547285,0.01803172,0.8673749,0.2326161,0.1422613,0.01546785,0.2164469,0.9771499,0.8626545,0.03797686,0.03263062,0.35304,0.03360996,0.05139726,0.886755,0.2005865,0.910037,0.01003026,0.5261341,0.06297539,0.816446,0.1826471,0.1595554,0.3110412,0.8691701,0.05569966,0.2464042,0.8283818,0.005755947,0.8684148,0.9298697,0.8428824,0.01359968,0.09792184,0.01158552,0.8817906,0.7772059,0.05009565,0.02248268
"CTRL42",0.01701172,0.570857,0.05708299,0.01036629,0.006174572,0.01777931,0.8078974,0.014747,0.8641424,0.2725696,0.1457,0.01451327,0.2664827,0.9767216,0.8524686,0.03140811,0.06172038,0.3920583,0.01252965,0.07981403,0.9293421,0.1081081,0.8592417,0.009970512,0.6389506,0.0541144,0.7046838,0.1758929,0.228981,0.4115187,0.8423105,0.05395631,0.4188288,0.8533046,0.003095683,0.8857143,0.936104,0.8076469,0.013446,0.1630846,0.001384494,0.9081003,0.7772813,0.03959839,0.01484742
"PDD53",0.07840614,0.7305131,0.03710187,0.03045555,0.002399204,0.01565839,0.747181,0.02263852,0.8411556,0.2293841,0.1373645,0.01603346,0.2983758,0.9663264,0.8774268,0.03605336,0.04128897,0.3246789,0.008235537,0.0293028,0.9290131,0.1395474,0.8433834,0.01437507,0.6815774,0.05369928,0.7882386,0.1749039,0.1285453,0.3095238,0.792966,0.05777076,0.2650595,0.8579307,0.006505438,0.8886949,0.9235127,0.8148377,0.01376945,0.1532755,0.008899676,0.8659895,0.8599823,0.02801105,0.01970168
"PD40",0.03414073,0.6288821,0.05174267,0.03730566,0.003263403,0.02255207,0.7499283,0.02286749,0.8405112,0.2294749,0.1598907,0.02176697,0.2614549,0.9691537,0.8237867,0.01952468,0.01584604,0.3676691,0.00959117,0.05147168,0.9115966,0.1233263,0.8193516,0.01349096,0.6804927,0.07170974,0.7111111,0.1845696,0.1589224,0.298501,0.8653053,0.04586466,0.3641007,0.8551401,0.003528512,0.8889564,0.9436596,0.8397352,0.01090786,0.09501436,0.01162791,0.870467,0.7437386,0.02639747,0.017732
"PDD44",0.0541047,0.669243,0.02836974,0.07422724,0.00802249,0.02122286,0.7712075,0.009163602,0.8812534,0.2110018,0.1361342,0.015849,0.2568864,0.9599526,0.8297494,0.05118274,0.02170147,0.3355503,0.01243584,0.04214268,0.9158015,0.127709,0.8863343,0.02445886,0.6005879,0.07427981,0.7340576,0.1616653,0.1896587,0.2441312,0.7504487,0.03827047,0.3479763,0.9023879,0.00624665,0.8905239,0.8947058,0.7052945,0.01194808,0.09459996,0.003150128,0.8826649,0.8065491,0.03196514,0.01967526
"PD6",0.04822956,0.6608429,0.02776126,0.0489252,0.01212546,0.02619626,0.7946139,0.008045618,0.9374874,0.1481614,0.1631258,0.01271096,0.1730011,0.948429,0.7816466,0.02164263,0.1200751,0.3451039,0.009430656,0.03582021,0.8190403,0.2872168,0.840197,0.03132073,0.7101282,0.07421325,0.7021773,0.1313698,0.1516886,0.3256824,0.7510339,0.06065003,0.4379302,0.8757693,0.00750887,0.9125082,0.9426813,0.8063124,0.01237497,0.09028225,0.01628775,0.8569692,0.7943021,0.02596303,0.01864769
"CTRL1",0.08779156,0.6947579,0.04243197,0.05393077,0.009778744,0.0441644,0.7882361,0.01007926,0.8571846,0.1998001,0.1089897,0.01563331,0.2874091,0.963468,0.8440313,0.02568664,0.08787439,0.4091097,0.0115185,0.0416749,0.8914018,0.2030402,0.8394847,0.01691642,0.6492009,0.0527735,0.7634338,0.1325993,0.1584633,0.2937059,0.8189672,0.05331665,0.4079331,0.8993652,0.006614728,0.8970006,0.9304024,0.7715195,0.01386984,0.06320651,0.0138263,0.8805146,0.8054461,0.03187479,0.02107662
"PD35",0.08792623,0.5742106,0.0518664,0.004088989,0.002019765,0.02109994,0.7184241,4.298487e-05,0.87844,0.2062978,0.1453187,0.0144461,0.2758889,0.9617149,0.8163233,0.04293482,0.007418683,0.2969499,0.009425844,0.0467403,0.9254248,0.1169725,0.9046451,0.01884125,0.5775785,0.05145642,0.7406948,0.202225,0.169249,0.2964908,0.8390076,0.06864407,0.3890215,0.8330655,0.005499734,0.8920157,0.8727235,0.7954864,0.01665926,0.1133161,0.009715696,0.9018703,0.7592813,0.03093323,0.01319633
"PDD41",0.03270174,0.6104079,0.03072572,0.04477607,0.008023023,0.01310641,0.8006944,0.01520356,0.7779521,0.2180636,0.1306314,0.01027244,0.2470192,0.9444433,0.805103,0.05608448,0.04482259,0.328401,0.01666135,0.06679458,0.9329817,0.1826923,0.8324606,0.009475131,0.5892417,0.05316339,0.7753715,0.1612385,0.2111093,0.2654571,0.7661071,0.03737705,0.30079,0.8414053,0.01003312,0.9260087,0.9086101,0.7255235,0.02303221,0.0884432,0.00985929,0.8286225,0.8116632,0.03170818,0.02104256
"PDD70",0.04142933,0.6367071,0.05728154,0.05366297,0.004814697,0.009041918,0.7838095,0.01163395,0.848819,0.1942396,0.1292073,0.01872064,0.2401304,0.9878285,0.8841444,0.03982462,0.1922326,0.2722729,0.01398813,0.04253098,0.8969002,0.2081323,0.855984,0.009445699,0.6108396,0.05179387,0.7579681,0.158932,0.1524366,0.2853846,0.8428765,0.03832916,0.3576754,0.8825786,0.004568456,0.9078282,0.9357472,0.8187921,0.01386023,0.1148698,0.01246661,0.8605872,0.8871601,0.03784229,0.02294175
"PD59",0.03070404,0.614485,0.02587906,0.07232841,0.00959974,0.01994022,0.8388396,0.01685756,0.891095,0.2210411,0.1625103,0.02326223,0.1440393,0.9459387,0.8346855,0.03135074,0.04008453,0.348084,0.01554727,0.03327338,0.9359172,0.1583578,0.8846567,0.008310308,0.5568376,0.07346839,0.7379371,0.1629573,0.2051003,0.2916131,0.8375409,0.03856283,0.2766971,0.8641295,0.005018671,0.9332792,0.9437058,0.6749372,0.009468194,0.0823892,0.009806408,0.8807583,0.7513267,0.03109631,0.02209779
"PDD28",0.08533968,0.6864471,0.08230774,0.01743339,0.009369739,0.01991901,0.5457969,0.01106492,0.9134866,0.1362464,0.1504744,0.009834972,0.2694832,0.9715741,0.7984522,0.04740567,0.008298574,0.3688223,0.01201618,0.03026653,0.8686631,0.2608347,0.8242097,0.01098769,0.7183253,0.07890794,0.6140236,0.1536057,0.1141063,0.2795125,0.8531286,0.06300142,0.3920643,0.8595914,0.008184644,0.8531716,0.8424234,0.8520275,0.01385364,0.09916551,0.007289371,0.7966926,0.81586,0.0266987,0.02232747
"CTRL78",0.1187564,0.6200539,0.03883926,0.07176928,0.01267963,0.02682596,0.7350394,0.0238806,0.8820185,0.2090804,0.1397345,0.02187219,0.1791249,0.9641121,0.8432654,0.03648231,0.1003652,0.3642767,0.02888137,0.06863528,0.8193247,0.2133891,0.830403,0.02824863,0.7212138,0.04988167,0.6882151,0.1564068,0.1784049,0.3257815,0.8461452,0.05661242,0.491569,0.819872,0.008653462,0.9189294,0.9169803,0.8331603,0.01537233,0.04686071,0.02482594,0.8494187,0.8612943,0.03826654,0.01480089
"CTRL64",0.07398862,0.6012617,0.02200184,0.04555334,0.009360635,0.0240074,0.7369889,0.01255806,0.9261384,0.1896838,0.1616188,0.01407757,0.1328964,0.9600332,0.7920134,0.02332971,0.1094738,0.2669514,0.01192381,0.0476084,0.8870252,0.2235797,0.7809676,0.01742067,0.5279718,0.08484762,0.7002985,0.173166,0.1125659,0.2631792,0.8461398,0.05181471,0.3103754,0.8509208,0.00971502,0.9140181,0.9273557,0.740285,0.02041014,0.07796213,0.007596502,0.8931499,0.6805146,0.0232177,0.0204452
"PD48",0.04451964,0.5954032,0.03907414,0.05188326,0.008862983,0.0158756,0.8065644,0.02311279,0.8694524,0.1965955,0.2003631,0.008056495,0.1534009,0.9661661,0.8377294,0.04820716,0.001111086,0.3604363,0.0239399,0.04948204,0.945785,0.1916584,0.8138943,0.01130632,0.5537354,0.06417819,0.7470588,0.1980984,0.1679794,0.3398091,0.8247487,0.07172252,0.3564768,0.8215147,0.008722701,0.8402282,0.9220034,0.7292805,0.01173342,0.1440422,0.009738284,0.8781663,0.7446788,0.02910762,0.0187659
"PD21",0.08025253,0.71343,0.04035918,0.07006632,0.01497529,0.01985923,0.727813,0.01458851,0.8733208,0.2471464,0.1278298,0.01576743,0.1927124,0.9774018,0.8178155,0.02925005,0.1502383,0.3835613,0.01491291,0.02690058,0.9261792,0.1718507,0.838913,0.008418743,0.6877442,0.0784,0.7085601,0.1585001,0.09223957,0.3209062,0.8462392,0.04197931,0.3872323,0.8757035,0.006708629,0.9087122,0.9264705,0.8146868,0.008659639,0.08672652,0.01248638,0.8768022,0.7760145,0.03222847,0.03391482
"CTRL95",0.03130912,0.6934263,0.02150387,0.009726729,0.004655239,0.01558514,0.7687606,0.01123196,0.8731374,0.2262838,0.1318097,0.01939916,0.1909759,0.962321,0.8492893,0.02851616,0.04635484,0.3763169,0.00680387,0.06210169,0.8981391,0.1198541,0.8608768,0.01377524,0.5650595,0.05248307,0.7580006,0.1212349,0.143071,0.3249164,0.7961083,0.05044288,0.4138296,0.8640433,0.005973886,0.8336659,0.9490885,0.7744212,0.01628862,0.1042027,0.009301015,0.9134339,0.7713587,0.03456813,0.02057489
"CTRL57",0.03847137,0.6469556,0.02917398,0.009725079,0.006943429,0.01729267,0.833367,0.008768292,0.8899326,0.1746163,0.1787813,0.0149143,0.1939389,0.9735672,0.8638073,0.03324429,0.04511722,0.324077,0.0121776,0.02713435,0.8412602,0.1460203,0.7740395,0.01065432,0.4701484,0.06386249,0.7699298,0.1734389,0.1944425,0.2926571,0.8311221,0.04922864,0.2665941,0.8404107,0.004130221,0.8749947,0.9365316,0.7906547,0.008676149,0.1052383,0.008038869,0.8970849,0.7180423,0.03477437,0.01517771
"PDD30",0.06642264,0.6826257,0.04394573,0.0400253,0.01062356,0.02545163,0.7868477,0.01860786,0.8669272,0.2332438,0.1399784,0.01325005,0.132795,0.9657081,0.8236059,0.02579514,0.07632824,0.314083,0.02529329,0.06215124,0.8900729,0.2006579,0.8944966,0.02269219,0.5451946,0.06723338,0.7146199,0.1646301,0.1935944,0.2782018,0.8138827,0.04155788,0.3621654,0.8790463,0.004965607,0.9041859,0.9318395,0.814467,0.01843375,0.1121544,0.009993582,0.9071339,0.8288836,0.0386448,0.01749635
"PDD22",0.05919485,0.7088644,0.0218281,0.04686293,0.007737791,0.02967513,0.7963074,0.005336643,0.8214753,0.2451432,0.1212816,0.007518797,0.2151464,0.9776553,0.8976591,0.0356585,0.003680067,0.3168316,0.009255649,0.04446357,0.9404413,0.1494149,0.8561635,0.007544991,0.7116013,0.06172402,0.820212,0.1732398,0.09218466,0.2321216,0.7702013,0.03521491,0.1972246,0.9056021,0.00175142,0.9309032,0.9079889,0.7493949,0.007203667,0.1330132,0.01052796,0.9066304,0.8892289,0.02642602,0.01833431
"DLB15",0.09099988,0.6368449,0.04135938,0.0740757,0.011727,0.02940586,0.6262359,0.01244941,0.8428824,0.2031196,0.1479421,0.01884176,0.2073307,0.9771585,0.794368,0.04023085,0.04350155,0.277774,0.01909295,0.05196629,0.909824,0.1621886,0.8392709,0.02141224,0.54883,0.06485888,0.6473684,0.1528248,0.1118773,0.2093892,0.8078336,0.05436827,0.3840767,0.883651,0.008995754,0.8230777,0.8401062,0.8239592,0.01351553,0.05277003,0.01851253,0.8538485,0.7292807,0.03675977,0.0170106
"PD50",0.05802242,0.5675888,0.03852362,0.02473715,0.004302499,0.02700773,0.8157527,0.01409317,0.8569698,0.2649909,0.1583695,0.02433372,0.2259453,0.9543107,0.845763,0.04713328,0.06884054,0.302571,0.01572648,0.03939093,0.9135725,0.1721106,0.8420549,0.0103971,0.4952093,0.05521041,0.7376673,0.1718431,0.182529,0.273909,0.8147061,0.03753492,0.2448717,0.8325075,0.006040499,0.8848525,0.947522,0.7313442,0.01415638,0.1173985,0.006629582,0.8763765,0.7203064,0.02911636,0.01316649
"CTRL29",0.0477162,0.549731,0.01455596,0.01244817,0.008371261,0.02779079,0.7282415,0.01181287,0.7438396,0.2613199,0.1527158,0.01486461,0.1906951,0.976109,0.888185,0.02616127,0.04922802,0.2569257,0.006960128,0.06368715,0.8907787,0.1190584,0.8274007,0.01015979,0.640087,0.0595082,0.80372,0.2012528,0.106369,0.2250485,0.6965462,0.05073514,0.1701184,0.7881203,0.006155994,0.8907591,0.85274,0.6278355,0.01828638,0.213733,0.006779976,0.9208814,0.7746518,0.02894402,0.005446167
"PDD54",0.08359941,0.6461183,0.03521173,0.02397491,0.004048583,0.01577818,0.7595638,0.009120475,0.862871,0.240187,0.1346907,0.01916779,0.246432,0.9543965,0.8670388,0.02647338,0.0529993,0.3513084,0.008214286,0.04311985,0.9177366,0.1747911,0.9084638,0.01062343,0.6074121,0.06004521,0.7936893,0.1665516,0.1147579,0.2906699,0.8233914,0.06314331,0.289598,0.8602281,0.002836455,0.8767727,0.9295976,0.7634853,0.02310836,0.0905805,0.01052068,0.9131954,0.7855046,0.02813333,0.02078065
"PDD27",0.06446001,0.6569325,0.05030101,0.04005111,0.008766672,0.008119168,0.8688207,0.01274011,0.9036015,0.3021271,0.1392273,0.01119061,0.20162,0.9799455,0.9445854,0.0370259,0.04986747,0.3925982,0.03420757,0.09630714,0.8603029,0.1628631,0.8558739,0.01732347,0.691193,0.05433263,0.8001234,0.1223807,0.2388904,0.2825967,0.865322,0.03600236,0.3694114,0.8783792,0.005220274,0.8964579,0.9544563,0.788791,0.01858525,0.154676,0.0061959,0.9164482,0.80704,0.03258061,0.01505017
"DLB24",0.04717059,0.6238429,0.04456845,0.05180355,0.006097561,0.02964495,0.7937804,0.01197442,0.8422549,0.2018527,0.1514867,0.01043841,0.2044652,0.957501,0.8965369,0.04431797,0.01889004,0.3571539,0.01559827,0.03054469,0.9284547,0.1908257,0.830774,0.01998269,0.6134681,0.07181487,0.8603626,0.1469217,0.1294845,0.3263406,0.7683574,0.02231094,0.2841105,0.8687221,0.004247023,0.8603446,0.9263824,0.6691646,0.01320132,0.08926127,0.003929085,0.9269277,0.8112772,0.03039784,0.01076848
"PD23",0.06118842,0.6349862,0.0190395,0.02252534,0.009813974,0.02435231,0.8161641,0.01556444,0.8520678,0.216758,0.1310419,0.005836576,0.1789754,0.9768128,0.9310953,0.03129844,0.08604935,0.2652603,0.01329448,0.03287589,0.8732622,0.1387226,0.8861312,0.009193433,0.6315442,0.06063089,0.7552836,0.1669878,0.1921852,0.2746858,0.8300893,0.03272727,0.2972203,0.8966395,0.005122198,0.9128441,0.9246115,0.8294961,0.01530671,0.09801211,0.00459731,0.888859,0.8504672,0.0241697,0.01382581
"PD30",0.07981911,0.6522288,0.0478094,0.04116476,0.006406269,0.01028316,0.8301217,0.01035787,0.8714247,0.2283209,0.1454002,0.02470229,0.2242477,0.9579059,0.8796794,0.02786982,0.03435451,0.3383161,0.007512961,0.038029,0.8934453,0.06924316,0.8451636,0.01181641,0.5417743,0.04934742,0.7040704,0.150139,0.1293016,0.3063833,0.8901079,0.05137948,0.3334452,0.8571268,0.005074688,0.8824361,0.8938178,0.7941362,0.01241701,0.1097866,0.006027897,0.8989452,0.7319509,0.02257712,0.0195547
"PDD15",0.09854039,0.6124511,0.03513685,0.07319185,0.01556242,0.02610655,0.8173396,0.006442489,0.8888716,0.2106861,0.09702566,0.01794169,0.1546963,0.9596823,0.7739187,0.01877084,0.09476892,0.2808482,0.01734325,0.04576503,0.8369221,0.2336134,0.814104,0.02106591,0.583969,0.05451911,0.7653543,0.1131399,0.1438512,0.2557195,0.8311375,0.07936939,0.2637876,0.9030472,0.01038456,0.9384362,0.9419492,0.7466323,0.01994201,0.09997152,0.01375564,0.898842,0.7637642,0.03105769,0.0194565
"CTRL50",0.02318092,0.6279942,0.01351962,0.01913865,0.005565737,0.01693106,0.7967668,0.006933932,0.8549282,0.2038717,0.1386521,0.01184975,0.1394512,0.9830977,0.907692,0.02820279,0.03316063,0.3315036,0.01513384,0.0268619,0.8795051,0.098922,0.8754223,0.01186879,0.5101028,0.06363257,0.8592079,0.185293,0.1514435,0.2842473,0.8234522,0.0370963,0.2589267,0.8220183,0.003693746,0.8261466,0.9253056,0.7463892,0.009602683,0.1239608,0.01125911,0.8916893,0.794844,0.02964791,0.007204611
"CTRL93",0.06153734,0.6734663,0.04881729,0.001592521,0.001507971,0.0171665,0.8135757,0.002090051,0.917675,0.2865032,0.1696554,0.008053016,0.1532974,0.9864909,0.877339,0.03154629,0.04386618,0.3965703,0.01247933,0.03622998,0.8641497,0.1591696,0.7499208,0.009057828,0.5510434,0.04202135,0.7636782,0.1825835,0.1510247,0.3381189,0.88232,0.02226835,0.313491,0.8370335,0.004783983,0.8272815,0.9358415,0.7821625,0.00786557,0.1188254,0.001252296,0.9199624,0.7303699,0.03006735,0.02266978
"PDD35",0.1539779,0.6346085,0.01708035,0.04983668,0.01272974,0.01808141,0.5818776,0.01206793,0.8193225,0.1403238,0.120731,0.02663793,0.1598126,0.9653623,0.6902737,0.05216839,0.06277575,0.3767779,0.01540581,0.04527796,0.92594,0.2078313,0.8490244,0.0142236,0.650022,0.05320278,0.5801964,0.1574188,0.1036901,0.2267565,0.8380995,0.03989928,0.4245523,0.8639411,0.01409586,0.8624159,0.8585061,0.8384594,0.01320685,0.05466296,0.01594605,0.8992353,0.8260324,0.0304358,0.0257388
"CTRL73",0.05189263,0.6237971,0.03530472,0.06034566,0.0121533,0.01834662,0.7968876,0.01786076,0.9121693,0.1906247,0.146978,0.01264914,0.1927162,0.9757715,0.8462148,0.03214313,0.07040569,0.3079256,0.01933838,0.0478849,0.9463268,0.274717,0.832495,0.01501294,0.4662296,0.0662768,0.7134213,0.1937877,0.212033,0.2886865,0.8429181,0.06425283,0.2912851,0.8609919,0.005796248,0.898477,0.9263912,0.7811699,0.01960118,0.07571941,0.005817288,0.8877019,0.7022723,0.03175117,0.01667353
"PDD6",0.1555226,0.699007,0.03224704,0.01024886,0.003547086,0.01781362,0.634427,0.01116303,0.8414226,0.2522769,0.1207717,0.0109118,0.3219143,0.9751802,0.7357014,0.1192467,0.05659647,0.3639077,0.01020713,0.02199883,0.9254353,0.1509863,0.839568,0.009358212,0.7405989,0.03418704,0.6350218,0.144572,0.1400435,0.3115986,0.8309088,0.04755382,0.4075197,0.8949239,0.002036103,0.8800117,0.8426897,0.8485215,0.01337773,0.1024354,0.008905572,0.8388558,0.7987479,0.02849771,0.02136208
"CTRL13",0.02957107,0.5600523,0.027041,0.02079674,0.002023309,0.01412955,0.8261995,0.01611776,0.8656099,0.2413608,0.1568865,0.01951477,0.1656158,0.9468867,0.8559547,0.02552819,0.02047595,0.3683841,0.009598754,0.04172837,0.8670559,0.1478022,0.800348,0.01320699,0.5451212,0.05801176,0.7925513,0.1728148,0.2309956,0.2790752,0.8039803,0.02182022,0.2938329,0.7742129,0.006719396,0.8324968,0.9495107,0.7097667,0.005208333,0.1026802,0.003789629,0.8459518,0.6829548,0.03011792,0.006585936
"PDD73",0.04394663,0.686208,0.05752847,0.1463905,0.009922193,0.01787579,0.883486,0.01009867,0.9583337,0.1615271,0.07062166,0.006270977,0.1139457,0.9679364,0.9218947,0.01851105,0.1268638,0.3185009,0.01559041,0.02957824,0.7956606,0.2762991,0.892725,0.009841815,0.6142207,0.04086739,0.8265896,0.1150673,0.08935654,0.2650098,0.9148772,0.04913043,0.3110766,0.8628815,0.004056993,0.9451771,0.9595597,0.7647655,0.0148831,0.05344053,0.01135422,0.9414884,0.9351426,0.03323216,0.01266211
"CTRL81",0.04913672,0.5912695,0.04484399,0.01556402,0.0002691066,0.02882493,0.8281488,0.02025522,0.869285,0.2139814,0.1713704,0.02205942,0.2286729,0.9623913,0.8452651,0.03525038,0.03071559,0.3500439,0.01684888,0.03125,0.9320857,0.1523316,0.8549334,0.01038046,0.4992866,0.07793646,0.7079681,0.1989045,0.1709295,0.3188785,0.8503992,0.04064322,0.3681785,0.8600316,0.008023215,0.8393704,0.909889,0.7565317,0.01668315,0.1230867,0.004658514,0.9583128,0.840488,0.03691004,0.02738059
"CTRL33",0.03677545,0.5969307,0.02605019,0.01456779,0.0066411,0.03079843,0.869835,0.01038981,0.8569992,0.272822,0.1498357,0.01387407,0.2158803,0.9550307,0.8555347,0.05404243,0.02034722,0.3681859,0.01057054,0.04100461,0.8982843,0.1293605,0.8565311,0.0147507,0.5137912,0.0449908,0.8034529,0.1225419,0.2049402,0.3333317,0.8402215,0.05143565,0.3950373,0.8237434,0.008818878,0.8507831,0.9360427,0.7150613,0.01490202,0.1038825,0.008444962,0.9074436,0.7312416,0.0291621,0.01751216
"PDD49",0.01668633,0.6546217,0.02805007,0.01754594,0.002610114,0.02064923,0.7854227,0.01282237,0.7457874,0.1967326,0.1575169,0.01742794,0.2298248,0.9463254,0.8552319,0.03996383,0.02191753,0.2733204,0.01873009,0.05827528,0.9503402,0.1442211,0.862458,0.003060199,0.6413436,0.06761178,0.8083303,0.2024916,0.1655828,0.2439454,0.7754746,0.04387569,0.2127167,0.8497864,0.00876495,0.8563759,0.9124736,0.7113502,0.01525034,0.1100962,0.005247243,0.8870153,0.8079782,0.02927219,0.01641452
"PD27",0.06870416,0.6274151,0.03356313,0.01719958,0.006402656,0.01589558,0.7486144,0.01559712,0.8639772,0.2310129,0.1638729,0.01487165,0.2433131,0.9671259,0.8626765,0.04036446,0.02860476,0.4004929,0.01084986,0.0459416,0.86259,0.1428571,0.9047311,0.01939218,0.6634569,0.06535779,0.7698574,0.1813371,0.1378897,0.2952931,0.8326397,0.04930779,0.3081982,0.8803234,0.004923039,0.8195284,0.9158115,0.7903633,0.01588724,0.1236022,0.01136458,0.890299,0.744325,0.05157097,0.02532928
"PDD4",0.1035946,0.7118321,0.06350222,0.07760638,0.01626898,0.03411622,0.8660688,0.02063554,0.8702199,0.2823522,0.1148014,0.02865242,0.2559353,0.9398527,0.8326081,0.02809337,0.1785959,0.3430839,0.01916621,0.04872564,0.7957973,0.2841994,0.7774794,0.02205151,0.6764021,0.07232988,0.6900468,0.151976,0.1156402,0.277522,0.8083551,0.04853708,0.3575318,0.867356,0.01151317,0.8953085,0.9629211,0.7277584,0.01634103,0.1043602,0.01897365,0.8954048,0.8934847,0.05940721,0.03736421
"PD58",0.04117565,0.6663908,0.02676147,0.01783086,0.00211685,0.01383914,0.811467,0.01181525,0.9010778,0.1903894,0.1240808,0.01065719,0.2435884,0.9744622,0.8788763,0.05266443,0.1512201,0.3497133,0.01384547,0.03598862,0.9442086,0.1548742,0.8729779,0.0009200491,0.6434795,0.04549104,0.8014899,0.1634128,0.1478975,0.2858422,0.8446562,0.04103143,0.3005298,0.9058826,0.006378354,0.8901758,0.934934,0.8234376,0.01183812,0.1059783,0.007456638,0.9285719,0.7740335,0.03119392,0.01043544
"CTRL85",0.04954539,0.6431633,0.04111402,0.01267765,0.004790234,0.0116405,0.8503234,0.02728642,0.8552887,0.2877037,0.1390401,0.01656562,0.2240892,0.9583545,0.8899014,0.05216099,0.04536625,0.2413331,0.01743277,0.05178969,0.8995241,0.1358908,0.8839811,0.01587174,0.564582,0.06453439,0.7758007,0.1962883,0.140478,0.2831349,0.7747654,0.03018326,0.2078376,0.8586241,0.005793014,0.8882062,0.9124066,0.7110109,0.01374993,0.0809443,0.005128651,0.8951041,0.7789189,0.0330996,0.01118476
"PD52",0.04704653,0.6537663,0.01723089,0.03656553,0.00921574,0.01915959,0.7442953,0.003120228,0.8421181,0.2506169,0.1134943,0.0143813,0.2819898,0.9819681,0.8798467,0.05653485,0.08272933,0.3367151,0.0249974,0.02385976,0.9310448,0.07666386,0.819844,0.006219019,0.5896432,0.03740405,0.7956731,0.1502352,0.0945298,0.2846756,0.7505374,0.04635453,0.2358761,0.9097165,0.005957096,0.8281724,0.8964974,0.7017501,0.004159576,0.1205518,0.001364788,0.9048034,0.8633671,0.02479438,0.01380852
"PD60",0.09409345,0.6506353,0.04131711,0.03824737,0.01302228,0.01104493,0.6949326,0.01460249,0.9300856,0.1484036,0.1174935,0.01238176,0.2139361,0.9766215,0.8484361,0.05882704,0.02199183,0.3496385,0.02134127,0.03262493,0.9284233,0.1519639,0.8237905,0.01281719,0.5871781,0.0581869,0.6710963,0.1425234,0.09556665,0.2203251,0.8584335,0.03680525,0.4047622,0.8642521,0.003932067,0.9126143,0.9178607,0.8344893,0.01737624,0.1205361,0.01389803,0.877997,0.8256906,0.03415904,0.01690909
"PD61",0.04371951,0.6175077,0.03659472,0.01563829,0.01110547,0.01256567,0.7660075,0.01437503,0.8613025,0.1662259,0.1736591,0.02077899,0.2277248,0.9492088,0.8959927,0.04098575,0.1038733,0.2938685,0.02069021,0.03026209,0.9256471,0.2443694,0.8817412,0.01130038,0.5506643,0.05674469,0.7363014,0.1941981,0.1077248,0.2201118,0.7966029,0.04521895,0.2562109,0.8172185,0.006339223,0.8170723,0.9279993,0.7411371,0.0163239,0.1176383,0.008270851,0.8976749,0.7592424,0.03212169,0.015731
"CTRL11",0.03430229,0.6228157,0.02069426,0.02548028,0.005325133,0.01005189,0.7838887,0.009329705,0.8442892,0.2940911,0.1495095,0.009460312,0.2055361,0.9763993,0.9124662,0.03565539,0.001861013,0.3584968,0.01156474,0.05588453,0.8463105,0.1777547,0.8146841,0.01119633,0.4914528,0.04414026,0.7983651,0.1712469,0.1143479,0.2737247,0.7799985,0.04526436,0.4063042,0.9229523,0.004658745,0.9141632,0.9576894,0.7588567,0.01492225,0.1025195,0.007661531,0.9410301,0.7630495,0.02466191,0.01369082
"CTRL40",0.04488049,0.6522175,0.04452248,0.03808675,0.006872407,0.02292046,0.8415483,0.01545695,0.8707051,0.2604377,0.1506548,0.01720075,0.2273637,0.9665253,0.8860822,0.03465598,0.03852952,0.3437803,0.01612963,0.04177913,0.8479451,0.1673691,0.8502912,0.01878637,0.5297116,0.06291718,0.7475795,0.1833028,0.2048346,0.3083733,0.8390326,0.06373429,0.3154972,0.8199377,0.004395084,0.8425151,0.9402278,0.7058457,0.02207305,0.1416106,0.003134328,0.8814675,0.7612966,0.04447602,0.01404185
"DLB35",0.03679012,0.6249905,0.03247483,0.02191904,0.008439898,0.02783772,0.799659,0.015516,0.8597521,0.2563516,0.1459652,0.0193948,0.197119,0.949473,0.8718134,0.02948385,0.02568094,0.3543754,0.01837435,0.04863222,0.839938,0.146216,0.8833104,0.02036488,0.5623794,0.06319862,0.8059273,0.1694598,0.1759366,0.3410227,0.8214597,0.05876373,0.3513207,0.8208583,0.005345955,0.9116185,0.9489288,0.7688534,0.01245983,0.1303225,0.003339695,0.9004046,0.7559096,0.03030524,0.01518463
"PD9",0.1219194,0.6797654,0.05538612,0.05433532,0.01039817,0.03518927,0.7871246,0.01344301,0.8596735,0.1738017,0.1422856,0.01737915,0.1879513,0.9650842,0.8794188,0.04696614,0.1015513,0.3598426,0.01954857,0.0339451,0.8514646,0.2619234,0.8651314,0.01825157,0.6016014,0.07795777,0.7007643,0.130061,0.1792161,0.3430737,0.8328762,0.03915063,0.3913069,0.8710979,0.008513844,0.8730277,0.8571328,0.7267418,0.01509165,0.10477,0.02112269,0.8722415,0.8790657,0.03110689,0.02700037
"CTRL79",0.02622651,0.5860882,0.04847876,0.0336242,0.005872894,0.01322394,0.7466409,0.01148142,0.8873374,0.1899326,0.08523384,0.0177033,0.182586,0.960745,0.8817427,0.04903603,0.01527596,0.3612014,0.01360254,0.05509012,0.9024726,0.1947761,0.8382616,0.01639318,0.5444164,0.04001459,0.8523909,0.1658898,0.1371691,0.3045657,0.8509937,0.05348738,0.300497,0.8033911,0.00652608,0.8702866,0.9373793,0.7058151,0.01852042,0.04592458,0.006684492,0.9145929,0.7710219,0.02666043,0.01498084
"PDD61",0.07472717,0.6151405,0.04782244,0.01680915,0.01184366,0.03661774,0.7676438,0.02222222,0.8308747,0.2065747,0.1969772,0.03214128,0.2554244,0.94344,0.8610823,0.0419871,0.08119843,0.3302314,0.02837786,0.01462166,0.899478,0.1729829,0.8523647,0.01479632,0.5128741,0.06398206,0.7537448,0.1793085,0.1926565,0.3214567,0.8565202,0.07608279,0.30993,0.8035887,0.006992142,0.8385997,0.9574669,0.784444,0.01566976,0.1307108,0.006638343,0.8809837,0.6933422,0.02887044,0.01174033
"PD56",0.05666829,0.6455662,0.0428484,0.03254955,0.005712612,0.01630063,0.8614238,0.008879418,0.875204,0.1614858,0.1134651,0.01513307,0.1604526,0.9756174,0.8980097,0.020975,0.01523597,0.3318562,0.008506477,0.06382979,0.892815,0.1843501,0.8685698,0.02007764,0.5308411,0.0497676,0.8259839,0.155396,0.1152831,0.2397062,0.8567053,0.03369392,0.2522997,0.8426467,0.002487179,0.9427097,0.9408515,0.7853076,0.01372525,0.08354792,0.005284983,0.8928703,0.7814829,0.03155934,0.006269592
"CTRL55",0.05477305,0.6304546,0.02523808,0.02188557,0.01247588,0.01719242,0.8416919,0.01507425,0.8469723,0.2075276,0.1510932,0.01520012,0.2057727,0.9789937,0.8527469,0.03817142,0.07772063,0.3664702,0.01235623,0.08933508,0.8687494,0.09817073,0.8152139,0.01744676,0.6288154,0.05720123,0.8277584,0.2036732,0.2175781,0.311164,0.9004608,0.02947224,0.2813728,0.8382279,0.007545304,0.8661509,0.939794,0.821423,0.01240709,0.1579353,0.001485884,0.9325866,0.7718349,0.02804819,0.01805529
"CTRL37",0.04269457,0.6503321,0.01158566,0.01704195,0.005042385,0.02781618,0.7939117,0.0180694,0.7940075,0.2582558,0.1288548,0.0165275,0.3078188,0.9563226,0.8762293,0.02466468,0.03133547,0.321061,0.02304725,0.1196866,0.9695128,0.1449788,0.8134014,0.01076051,0.6888699,0.06171694,0.8864127,0.1690621,0.0740371,0.2799885,0.7149354,0.06659525,0.1711703,0.8869668,0.003154694,0.9018976,0.8953796,0.6968328,0.01619121,0.1087322,0.00551081,0.9406443,0.8909368,0.03108778,0.01265341
"CTRL82",0.03841968,0.6210987,0.01461672,0.02934017,0.00788004,0.02155224,0.8080898,0.007383734,0.8934261,0.2121644,0.152069,0.01363212,0.1790568,0.9614684,0.8278847,0.03243076,0.004924336,0.2687043,0.01960315,0.04586002,0.9025071,0.222029,0.8297499,0.009700635,0.4683638,0.06017942,0.7674059,0.1958494,0.1569641,0.2680406,0.7463785,0.02139831,0.2687706,0.8486054,0.003150254,0.8968306,0.9325683,0.7613488,0.01689866,0.1107915,0.005375854,0.9271646,0.7893086,0.02361805,0.02183454
"CTRL32",0.08250837,0.6778673,0.06039229,0.01575138,0.01080305,0.02218325,0.8391805,0.01199378,0.8261192,0.3423709,0.09751323,0.01716768,0.25283,0.980001,0.8894288,0.05122243,0.006887621,0.3671887,0.01247107,0.04569378,0.9714068,0.1313747,0.8658962,0.01956417,0.7314294,0.06111929,0.9032688,0.1621094,0.1253413,0.2650097,0.7557925,0.05653961,0.2370924,0.8844699,0.009589863,0.9329005,0.9539693,0.6979944,0.02039744,0.105536,0.01237879,0.9511895,0.8909438,0.02756186,0.01936376
"PD2",0.1298628,0.7070626,0.04441059,0.1222624,0.01514415,0.01539222,0.8541787,0.01114184,0.8412382,0.3007731,0.101559,0.01592271,0.3141391,0.9555838,0.8954005,0.09124341,0.1011064,0.3280423,0.01466187,0.03511572,0.9004767,0.1803128,0.9017187,0.03444994,0.6632303,0.05255057,0.7376147,0.1531526,0.0764955,0.2941413,0.7936292,0.05190448,0.3482743,0.9190878,0.005767592,0.8972654,0.9149375,0.8261214,0.0240799,0.1237177,0.01706271,0.8990363,0.839896,0.03303943,0.02239059
"PD54",0.04180456,0.5605998,0.01121573,0.01310847,0.003982503,0.01351295,0.7980215,0.008845288,0.8350389,0.2285887,0.1367883,0.00797048,0.2333104,0.9762151,0.8927785,0.03176969,0.03233054,0.2992236,0.01037257,0.038369,0.9241472,0.1389563,0.8484566,0.00554055,0.5429698,0.06574222,0.7983274,0.1692033,0.142044,0.3121731,0.7879924,0.03586227,0.3292402,0.8145449,0.002814214,0.8407589,0.942096,0.7160494,0.0111328,0.1243657,0.004115865,0.831769,0.7523873,0.02018148,0.006577778
"CTRL48",0.05770981,0.5770539,0.05082523,0.04088423,0.006129762,0.01894903,0.7191107,0.0220068,0.856399,0.2041347,0.1520982,0.01322751,0.230979,0.9430285,0.8638345,0.0354453,0.05247244,0.363792,0.01370872,0.04942178,0.8783993,0.1818648,0.8312363,0.01609486,0.5160192,0.05389004,0.7826313,0.2010776,0.2323016,0.2920426,0.763843,0.0566642,0.2926234,0.8442074,0.009530907,0.8477513,0.9558706,0.7286834,0.01205838,0.1025416,0.01187481,0.9004784,0.7169639,0.03650948,0.01114946
"PD49",0.08915156,0.5822484,0.05715134,0.02249333,0.004520655,0.0176152,0.6811551,0.01952322,0.8663551,0.1902658,0.1425829,0.02069028,0.1470138,0.9504303,0.8671194,0.02229739,0.1121046,0.3067772,0.03184374,0.025982,0.9061389,0.1857599,0.8490333,0.01583217,0.5157509,0.04658066,0.725,0.1494582,0.1183133,0.2355272,0.8467188,0.05175907,0.4233427,0.8497982,0.007707836,0.8680071,0.8863635,0.7943443,0.01538011,0.0913889,0.01259792,0.8237184,0.8303726,0.04805643,0.01830687
"PDD69",0.05269385,0.5987118,0.03971888,0.0217607,0.01240711,0.01332932,0.7063333,0.01459218,0.8777697,0.186208,0.1467955,0.02076175,0.2621521,0.9561528,0.8277649,0.06777933,0.03963758,0.4164618,0.01232454,0.03841833,0.9178447,0.1381487,0.7917659,0.01649334,0.6308378,0.0629509,0.7669823,0.1919808,0.1449776,0.3192483,0.8604804,0.04730045,0.4218013,0.8707146,0.01041344,0.8816665,0.8988073,0.788108,0.01482677,0.05999327,0.00502008,0.8748144,0.7525108,0.02727868,0.02322105
"PD45",0.08215454,0.5839529,0.04996728,0.03497441,0.004797918,0.01629993,0.7782692,0.01353305,0.868092,0.2722979,0.1612595,0.02562033,0.2385901,0.9641399,0.8715594,0.04036519,0.04694162,0.3489187,0.02407033,0.03455899,0.9298094,0.1094434,0.8214896,0.01910245,0.514211,0.07279168,0.7211538,0.1612917,0.1901241,0.3002339,0.8026909,0.05726681,0.3235399,0.8429155,0.005605685,0.8450627,0.9413396,0.7557767,0.0127681,0.1652808,0.00877355,0.8954846,0.705166,0.02986747,0.02049035
"CTRL12",0.06837382,0.6697269,0.037964,0.0438193,0.01084661,0.03268795,0.7990176,0.01378785,0.78668,0.2864853,0.1363371,0.01857624,0.1926932,0.932845,0.7927766,0.0430978,0.08222024,0.3041862,0.02221852,0.05533063,0.9268818,0.1736527,0.8469979,0.01891476,0.6198368,0.04628906,0.7581585,0.1572376,0.1614073,0.2128938,0.8096476,0.05132882,0.2962621,0.892029,0.006341453,0.8642531,0.9180301,0.7261071,0.01520233,0.09698187,0.01510737,0.9179236,0.8944097,0.02760149,0.02415792
"PD33",0.03151568,0.5887128,0.0397876,0.010522,0.00159042,0.02885733,0.7800956,0.02045806,0.7745505,0.2329842,0.1511668,0.02399917,0.2148196,0.9504724,0.817967,0.03352147,0.03070797,0.2897907,0.0243948,0.04070906,0.9085763,0.0994709,0.8054773,0.007949363,0.5791381,0.07133448,0.7606541,0.2047144,0.08437878,0.2334045,0.7311587,0.05250439,0.1376564,0.8538578,0.00897058,0.8162165,0.8891839,0.7273682,0.0154541,0.1316256,0.01136018,0.9097227,0.7779633,0.03204625,0.01848635
"PD51",0.04438621,0.6454874,0.03164524,0.01641938,0.007870788,0.008663698,0.7747872,0.004376885,0.8824362,0.175266,0.1419474,0.01287156,0.1209726,0.9855372,0.8586263,0.0198959,0.06219266,0.2969003,0.008372119,0.06245873,0.8998096,0.1512945,0.8551197,0.00469606,0.4993953,0.05309491,0.725774,0.1744804,0.1292308,0.3178832,0.830894,0.03860029,0.2608856,0.8280498,0.0111186,0.8818662,0.9589432,0.7320297,0.01009501,0.09124998,0.005310947,0.9215028,0.7679499,0.02519395,0.004579077
"PD13",0.06597478,0.717599,0.03837279,0.1093481,0.0143611,0.0239999,0.7568982,0.01567352,0.860474,0.2815364,0.1260511,0.01111668,0.2012873,0.9473934,0.7879678,0.02570062,0.08476822,0.3556181,0.007965447,0.03225806,0.886806,0.170916,0.8653153,0.02093234,0.6508667,0.0656473,0.8219962,0.1649901,0.06030016,0.2303485,0.7525821,0.0541422,0.3062238,0.9147214,0.006466484,0.8712819,0.9440272,0.7349192,0.01007905,0.09985496,0.009962883,0.8863129,0.9379825,0.0325861,0.02026492
"PDD45",0.02918553,0.6713478,0.0223935,0.03189362,0.01063426,0.01107336,0.8644502,0.007631781,0.8213899,0.222476,0.1388661,0.01823657,0.2146585,0.9698236,0.8714412,0.04307599,0.07149687,0.3703508,0.0149509,0.03244838,0.9099208,0.1757426,0.8865749,0.01476278,0.6399326,0.07761755,0.8011178,0.1870349,0.09841144,0.2950932,0.7924051,0.05976876,0.256771,0.8828983,0.005985466,0.8977703,0.9253095,0.7335548,0.02727934,0.1017439,0.006542443,0.9111698,0.8632979,0.03416268,0.005010599
"PD20",0.07210607,0.6874434,0.04666181,0.06436898,0.01040802,0.0204209,0.7429787,0.008830305,0.8439143,0.1955702,0.1190728,0.02054854,0.2980658,0.9489882,0.899147,0.02567776,0.07739286,0.2518695,0.01141114,0.04411765,0.8401969,0.2575627,0.8579421,0.02440536,0.6671115,0.05808477,0.7784291,0.1822518,0.1668874,0.2500623,0.792148,0.05442177,0.2126987,0.8883315,0.01249845,0.9157087,0.9161552,0.7373938,0.01450017,0.06754718,0.01636364,0.900777,0.9620459,0.02800514,0.01540041
"CTRL83",0.08520209,0.6416198,0.03788297,0.02454572,0.002129835,0.01289887,0.769401,0.01555419,0.9037865,0.2086868,0.1726505,0.02106518,0.1835976,0.962925,0.850132,0.01903725,0.04698459,0.311173,0.009074786,0.02545935,0.8448676,0.1423249,0.8209193,0.01070841,0.5756772,0.05309735,0.6745818,0.1503958,0.1883166,0.2736797,0.8487282,0.04299865,0.3878251,0.8879042,0.007699871,0.8423361,0.9461033,0.7781944,0.009058262,0.1133554,0.009628747,0.8327339,0.823224,0.0315697,0.01665565
"PDD7",0.08631442,0.6134205,0.05063276,0.09525073,0.01026379,0.02584278,0.7979309,0.01640336,0.8747726,0.2759838,0.1308107,0.01680489,0.2480335,0.9567892,0.8408551,0.03387736,0.1152164,0.3459119,0.02787703,0.07690593,0.7832372,0.227518,0.8233483,0.01735819,0.6127131,0.06262231,0.7468856,0.1584889,0.2319891,0.3617933,0.8532908,0.07833994,0.246672,0.914491,0.004289443,0.8976977,0.9458964,0.7773301,0.01532871,0.1201101,0.02956081,0.8798888,0.813433,0.0347978,0.02533532
"CTRL71",0.01977477,0.6283954,0.02674407,0.04283365,0.004277088,0.01272565,0.7798129,0.01303729,0.9195386,0.2135115,0.1655157,0.02223447,0.1699891,0.9691754,0.7940314,0.03849687,0.05304279,0.3295767,0.01453872,0.07813733,0.8462686,0.2584523,0.8349855,0.004302328,0.5212494,0.06287575,0.7575,0.1487025,0.1179381,0.2934037,0.8313352,0.05134244,0.3174837,0.8658823,0.003773428,0.864314,0.9330591,0.8066894,0.02504856,0.09871055,0.00318838,0.9246058,0.6959665,0.03016145,0.005410977
"PDD47",0.03688668,0.5613023,0.0412783,0.01003105,0.00571303,0.009688901,0.8099901,0.012276,0.8526411,0.2510794,0.1689887,0.02214623,0.214831,0.9681704,0.8709027,0.02550652,0.01935392,0.3566535,0.009816418,0.02177411,0.9611137,0.1783311,0.827867,0.01700607,0.5057844,0.05084746,0.7391644,0.1681045,0.1728824,0.2557499,0.8307427,0.04347029,0.3248792,0.8524709,0.005847676,0.8564413,0.9305319,0.7111644,0.01699252,0.09930351,0.0002506266,0.9179298,0.8899304,0.03650464,0.01869705
"PD32",0.0383677,0.5154441,0.0407013,0.002803989,0.003724725,0.01021397,0.7513647,0.0143575,0.7678112,0.1760978,0.1228872,0.01517837,0.2219651,0.9607408,0.8039665,0.02707196,0.06127417,0.2776974,0.01514047,0.04951667,0.8917607,0.1293833,0.8259598,0.0122982,0.4940314,0.05391554,0.7640598,0.1918265,0.159375,0.258443,0.7770336,0.04738041,0.190451,0.809238,0.006012086,0.8274742,0.9082711,0.7020509,0.01459088,0.1527589,0.008136235,0.9108532,0.6688879,0.03728264,0.01210593
"CTRL6",0.04966275,0.6954509,0.02332812,0.03108493,0.0171279,0.02064499,0.7674294,0.006618897,0.8607308,0.2493447,0.126696,0.01908469,0.2128452,0.9640737,0.8302272,0.03098153,0.03294656,0.3698111,0.01856086,0.04850687,0.8143905,0.1248945,0.7927357,0.0154862,0.5976238,0.0604534,0.8219645,0.2107967,0.04434488,0.2823704,0.6960613,0.04320988,0.1745571,0.939312,0.006920224,0.8940339,0.8944331,0.6315357,0.01515325,0.07853045,0.02190685,0.8836992,0.9569393,0.0322361,0.012701
"CTRL46",0.06194784,0.5576862,0.0531932,0.04594976,0.008629782,0.01520483,0.7445656,0.02439649,0.8322395,0.2255917,0.1578786,0.0170587,0.2016109,0.9670045,0.8305552,0.03745821,0.01129031,0.2972048,0.02218614,0.02719298,0.8625505,0.1679654,0.8510141,0.01406224,0.4631118,0.07464103,0.7292632,0.2023116,0.1748381,0.2951952,0.8295194,0.05204127,0.3680911,0.8218401,0.01165818,0.8580044,0.9273099,0.71586,0.01425465,0.08924026,0.01398981,0.848239,0.7167652,0.02994002,0.01771502
"PD17",0.02338162,0.6629167,0.02313502,0.02091621,0.01023634,0.01692568,0.8148673,0.01074507,0.8908908,0.2248712,0.1103741,0.01751361,0.2379035,0.9674113,0.9274745,0.03161303,0.07370817,0.3876408,0.01020502,0.04523121,0.8460353,0.1555393,0.820337,0.01213468,0.6199644,0.06507353,0.7601351,0.1735167,0.2629422,0.2745832,0.7765636,0.03989522,0.3158709,0.8940411,0.006690687,0.9199697,0.9326577,0.7686887,0.01948421,0.2062348,0.007373746,0.9269256,0.8872185,0.03592116,0.01635359
"PDD10",0.04642887,0.6636301,0.04587018,0.07663288,0.01494311,0.03750067,0.7567021,0.02227456,0.8730191,0.2740519,0.1388139,0.02239652,0.2398284,0.9621252,0.8691605,0.04042406,0.1249786,0.3776023,0.01746293,0.0485905,0.9044038,0.1962121,0.8465278,0.01160114,0.6545301,0.06300776,0.7467249,0.1862308,0.1567477,0.3486814,0.8167581,0.06820682,0.3468936,0.8901352,0.006367391,0.8984887,0.8939733,0.8443803,0.01618143,0.08511167,0.01332729,0.9137507,0.8292923,0.03308766,0.02898874
"DLB12",0.01639682,0.6303809,0.02744829,0.002409501,0.005474606,0.0227294,0.8053198,0.006366246,0.8164783,0.1852245,0.140305,0.01572482,0.2049666,0.9820813,0.8611067,0.009824032,0.05798471,0.3039559,0.01470651,0.03798462,0.8293225,0.1728838,0.785619,0.01889816,0.5358172,0.07188786,0.7466325,0.1830485,0.1614377,0.3285519,0.7742965,0.05955335,0.3437037,0.8630756,0.00598271,0.9292837,0.936153,0.66627,0.01693587,0.06496287,0.006738427,0.8560544,0.7779115,0.03169739,0.01938414
"CTRL44",0.04133844,0.6426763,0.02378142,0.01023908,0.002678431,0.01877832,0.8195172,0.01052516,0.8809134,0.1929297,0.1683849,0.02027151,0.2763987,0.9803588,0.8427596,0.02496723,0.04340616,0.407979,0.02064431,0.06564551,0.9484245,0.09306569,0.8579937,0.008455979,0.6304564,0.05102516,0.7447273,0.1678065,0.193362,0.2915046,0.7908765,0.05168269,0.4145687,0.8277539,0.004156195,0.8223025,0.9309376,0.8214147,0.008587896,0.08237035,0.002941176,0.8388452,0.7666164,0.03100361,0.008119925
"CTRL86",0.1301586,0.6263859,0.08832303,0.01122545,0.0007525021,0.01362943,0.7171684,0.01902145,0.8882306,0.1852265,0.1850243,0.01352073,0.206273,0.9751131,0.7858292,0.02828306,0.02184021,0.3323653,0.01014329,0.02830649,0.9257109,0.1653543,0.824298,0.004879224,0.6098368,0.04475025,0.6481481,0.1556701,0.1257848,0.258303,0.8751482,0.03003876,0.2833346,0.8740685,0.005753259,0.8874588,0.8592492,0.7723588,0.009016161,0.1150845,0.007967452,0.8452133,0.74022,0.03375624,0.007628004
"DLB27",0.0392212,0.5686335,0.03598928,0.0145553,0.003145204,0.01979228,0.7941835,0.007958984,0.8004317,0.1876824,0.1491077,0.00905743,0.1994862,0.9651458,0.8279459,0.01849393,0.02441322,0.355061,0.0189076,0.07912154,0.9409096,0.1405797,0.8206273,0.02134904,0.5820159,0.07526596,0.7955607,0.1828264,0.1870636,0.2931718,0.770103,0.04616067,0.2670522,0.8133223,0.005393865,0.8247762,0.863608,0.7080277,0.01821586,0.1028454,0.009134158,0.8699542,0.7724291,0.03115283,0.02916427
"PD18",0.03299045,0.6436649,0.04254069,0.02559868,0.005817653,0.02349985,0.7732237,0.01521047,0.9040614,0.2309569,0.1253849,0.01256334,0.2607311,0.9899218,0.8965495,0.02804118,0.06992616,0.3115687,0.004718884,0.05932613,0.8584311,0.3175141,0.7936187,0.009699375,0.616272,0.04965472,0.6780045,0.1710506,0.1748122,0.2395111,0.7736088,0.04140929,0.3182513,0.8936649,0.002488797,0.9354411,0.9405724,0.8018204,0.01662693,0.06847915,0.01029588,0.8319624,0.7958836,0.02420526,0.01709177
"CTRL20",0.03825316,0.6108378,0.0199282,0.02874536,0.005073934,0.01481624,0.8342344,0.01244854,0.8393602,0.2163921,0.1169866,0.01755793,0.2739908,0.965614,0.9060592,0.04735723,0.06519882,0.3252968,0.01041708,0.06096662,0.944234,0.08207934,0.8017507,0.01072279,0.5667685,0.06672288,0.8209248,0.1898148,0.1726629,0.2974529,0.7578804,0.02401434,0.2448019,0.829942,0.00671023,0.8908814,0.9027972,0.7246318,0.02281423,0.1275361,0.005041886,0.8758627,0.790256,0.03501805,0.01862449
"PDD50",0.04010675,0.5721983,0.03446556,0.04372448,0.002424595,0.01147923,0.7324798,0.01261352,0.7835569,0.237347,0.1306675,0.01846904,0.2416014,0.9692031,0.8409491,0.02935633,0.02098955,0.2355105,0.01972278,0.04668737,0.9708752,0.179677,0.8259861,0.009518332,0.5616615,0.04708155,0.7902622,0.1778312,0.160716,0.2291725,0.7917716,0.06161972,0.1844232,0.7968106,0.005485125,0.8462106,0.9263376,0.6845879,0.01304278,0.115012,0.009820333,0.8919188,0.8168652,0.02838332,0.01786201
"DLB21",0.004785722,0.5855242,0.02565108,0.0131156,0.002512806,0.01687651,0.7444316,0.009837058,0.8159132,0.1638389,0.1613467,0.0182639,0.1620424,0.9633787,0.830121,0.03174065,0.02702353,0.2760464,0.009444425,0.04843735,0.8504733,0.1625644,0.8392807,0.0112538,0.4845909,0.04984146,0.790224,0.1636187,0.2489562,0.2459946,0.7828942,0.02009055,0.2104398,0.8302195,0.006636201,0.845,0.934656,0.7282529,0.01127799,0.1269328,0.003742084,0.8798284,0.7652765,0.02925391,0.01572792
"CTRL53",0.08687466,0.6468433,0.01770693,0.001554871,0.001797349,0.02037614,0.7679118,0.009745674,0.850611,0.230369,0.1538972,0.0134622,0.1852332,0.9775332,0.850119,0.03989839,0.01690857,0.3737132,0.009756918,0.04315533,0.8859203,0.1812081,0.842411,0.005719776,0.6052718,0.04271415,0.756516,0.1670941,0.1545303,0.298685,0.7919023,0.03830072,0.3142565,0.8775609,0.003672428,0.8323564,0.913477,0.7894622,0.01442601,0.1362988,0.01264963,0.869008,0.7853208,0.03071229,0.005014191
"CTRL65",0.07174072,0.598808,0.03773085,0.02038345,0.01437135,0.01427194,0.7324337,0.01184408,0.8791113,0.1866587,0.1878113,0.0140323,0.1634573,0.9505685,0.8441769,0.03453268,0.07450602,0.3088721,0.02385961,0.03777949,0.8618652,0.1994475,0.8701945,0.007024411,0.5263088,0.06221349,0.7724417,0.2182072,0.1954005,0.2951343,0.8281135,0.04970097,0.2234798,0.7696447,0.008870017,0.882374,0.9479014,0.7386388,0.01631241,0.1243143,0.008504205,0.8427654,0.7075717,0.03351922,0.01493558
"PD38",0.09121204,0.6770919,0.08504006,0.05756094,0.001307692,0.02559308,0.7744712,0.02344449,0.8603208,0.274787,0.1783562,0.01598994,0.2801976,0.9563125,0.8336507,0.03256834,0.06274534,0.3661704,0.01696666,0.03825137,0.9276815,0.06489676,0.7876772,0.01127155,0.6222457,0.06862092,0.7017484,0.1919954,0.2230301,0.3622024,0.857416,0.07260303,0.4545516,0.8174623,0.007255952,0.893193,0.9216625,0.759891,0.02013866,0.1272245,0.008598841,0.8543067,0.7641177,0.02960382,0.009939499
"CTRL18",0.06515401,0.6446168,0.02927914,0.01211201,0.008009344,0.01341314,0.7665962,0.002687668,0.7616244,0.2609288,0.1382916,0.006167846,0.2080924,0.9788134,0.9226471,0.02666442,0.03243923,0.3675229,0.01454485,0.07595112,0.9546068,0.2146939,0.8010252,0.009473401,0.6234136,0.05606463,0.8566866,0.1756518,0.1573351,0.2864713,0.7185863,0.05403475,0.1727657,0.8862025,0.005827929,0.8899843,0.9363457,0.6980527,0.01025423,0.1228275,0.00280758,0.9228278,0.8367913,0.02642697,0.009903297
"PDD36",0.1245241,0.6522195,0.05758186,0.01935486,0.004425491,0.00967922,0.6403933,0.004844169,0.895112,0.1846553,0.146429,0.02012308,0.2680001,0.9662484,0.8024475,0.04305889,0.07506341,0.3905559,0.008968827,0.02801627,0.8954743,0.1543887,0.7849649,0.0228108,0.6207193,0.05311573,0.6096791,0.1612022,0.1824767,0.2657791,0.8531918,0.04360526,0.4607286,0.8801732,0.009943841,0.9107019,0.8921134,0.8275949,0.0152623,0.09638391,0.01002128,0.8089279,0.8212307,0.02901108,0.04529338
"PDD64",0.08298229,0.6886911,0.03988344,0.03931632,0.01004543,0.01082593,0.7759455,0.006968117,0.8696429,0.2135297,0.1298347,0.01284176,0.1920468,0.9665788,0.849988,0.04938333,0.09973069,0.3094345,0.02028043,0.02683857,0.9400876,0.2317979,0.8757356,0.01181328,0.6387507,0.07427436,0.7665865,0.1184311,0.1173479,0.258625,0.823007,0.03589068,0.4062777,0.8570367,0.006300762,0.8807461,0.9176169,0.7959568,0.01715635,0.103191,0.006735395,0.8727394,0.8227567,0.02964707,0.01321883
"PD42",0.08404931,0.6677308,0.03860733,0.03900319,0.01315023,0.01432717,0.809333,0.02695925,0.8784222,0.3309764,0.1430875,0.02185053,0.2690945,0.9734043,0.8210332,0.01199,0.03819487,0.2346157,0.01437867,0.05446485,0.9089301,0.1507177,0.8699095,0.04089471,0.7129361,0.06019262,0.7476959,0.177268,0.1310563,0.3032555,0.6954169,0.06241163,0.3130912,0.9284625,0.003500371,0.9147424,0.8891296,0.7658547,0.01805232,0.06670085,0.01320807,0.9106578,0.9008604,0.04481363,0.01620479
"PDD33",0.0785013,0.6858582,0.02164553,0.02601227,0.008679928,0.01739662,0.8458152,0.0117731,0.8221638,0.1694532,0.1165121,0.008409506,0.270198,0.9600657,0.8388421,0.01840608,0.103447,0.2727483,0.009867943,0.05917496,0.938061,0.1118721,0.867722,0.03452508,0.598841,0.03849249,0.8171091,0.1780599,0.132873,0.3062941,0.7403202,0.05217391,0.2616891,0.902956,0.01454745,0.9112115,0.9186123,0.7701297,0.01487267,0.09211541,0.01153353,0.9482688,0.9065104,0.02858221,0.01457377
"PDD65",0.1072706,0.6493334,0.06395978,0.007785658,0.00643389,0.01285638,0.6789338,0.01256754,0.8997265,0.1752191,0.1446682,0.02511921,0.3125053,0.9877865,0.7426626,0.03553213,0.01973121,0.3903844,0.03518083,0.0326087,0.8482612,0.1701534,0.8768464,0.01203081,0.6302764,0.06028636,0.6785586,0.1939779,0.1083573,0.3203088,0.8170241,0.03801318,0.4884138,0.8409684,0.00591695,0.8311147,0.895349,0.7567541,0.01855877,0.1110965,0.005289673,0.8188026,0.7389954,0.02843411,0.01547389
"PD62",0.04334864,0.6562228,0.02594394,0.01990261,0.01395419,0.008418058,0.7708969,0.01301472,0.8931553,0.29338,0.1597025,0.01694493,0.2107911,0.9617097,0.9043652,0.02350631,0.1109628,0.2834588,0.01072714,0.04947434,0.9353388,0.1579527,0.8302245,0.009832139,0.5659716,0.05232484,0.8175606,0.1869045,0.1752012,0.2930957,0.8919885,0.04190751,0.2363753,0.8436279,0.009130987,0.8361136,0.89748,0.8354201,0.0103964,0.06369896,0.01132879,0.8606859,0.9018745,0.03567186,0.01261047
"PDD77",0.1596793,0.7255696,0.06195122,0.05453199,0.008212797,0.01203605,0.7130324,0.01410759,0.8918907,0.1926478,0.1406335,0.0198206,0.2844363,0.9516677,0.8759597,0.05808287,0.1394256,0.3758506,0.01312531,0.03026401,0.9600065,0.1741725,0.9110832,0.01925698,0.664279,0.05170207,0.6704036,0.1338093,0.1355466,0.2973863,0.8805895,0.04530744,0.3957976,0.8975589,0.006224741,0.898971,0.9031632,0.8731959,0.01885148,0.1167856,0.01517911,0.8823788,0.8047098,0.03588604,0.01106892
"PDD2",0.1039046,0.7660019,0.04430652,0.06315682,0.01220641,0.01792873,0.8250324,0.01696816,0.8919712,0.275547,0.1247962,0.01623803,0.3185057,0.9517736,0.8725984,0.0421466,0.09446072,0.2838087,0.03342599,0.06692913,0.8941027,0.2486528,0.8198528,0.02010162,0.6194308,0.06602187,0.693956,0.122631,0.1387079,0.2428326,0.8205429,0.0609016,0.2763704,0.8745203,0.008694984,0.895379,0.9234946,0.7703922,0.01532871,0.1039331,0.008023136,0.830838,0.8356894,0.03139717,0.02901179
"PD25",0.0596085,0.6870107,0.05636475,0.01650148,0.009231963,0.02477164,0.8615719,0.01256646,0.8242836,0.2944638,0.1320045,0.01569174,0.1817079,0.9617581,0.9122455,0.03154254,0.05791899,0.3128725,0.01528688,0.04932147,0.9391677,0.162753,0.862458,0.007664406,0.6977829,0.04939305,0.8209848,0.1694125,0.1606169,0.2953573,0.81532,0.03667648,0.1881452,0.8598651,0.004854391,0.9111793,0.9250781,0.7667095,0.009387302,0.10028,0.007243935,0.9103062,0.8867871,0.02411727,0.01450189
"DLB14",0.09969404,0.6751716,0.02480031,0.006575715,0.001937332,0.02773992,0.7850462,0.0141768,0.8705773,0.1912685,0.1395751,0.01609307,0.2191819,0.9736497,0.8363268,0.03037084,0.0413132,0.37566,0.009080997,0.05580762,0.8843481,0.1534688,0.8496769,0.01205388,0.6427923,0.05661914,0.7253799,0.1689908,0.1802575,0.275137,0.7722359,0.04205106,0.2853819,0.8538584,0.008048565,0.8466197,0.9414962,0.8053357,0.00998508,0.1209026,0.005404884,0.8783389,0.7726284,0.02984629,0.01291184
