"","cg23834525","cg05348770","cg02347483","cg13690038","cg09060462","cg25936334","cg12635019","cg09584003","cg22364932","cg05516832","cg08485937","cg21595526","cg20850582","cg10687936","cg05747963","cg11341440"
"PDD38",0.08409271,0.9645335,0.8946413,0.007524621,0.0621474,0.0741814,0.1670739,0.6158016,0.9635666,0.01722629,0.9282158,0.009882701,0.02695035,0.9402773,0.9549537,0.907526
"CTRL61",0.06589156,0.9604855,0.7967692,0.009945972,0.07514323,0.06506399,0.2088994,0.5864502,0.9736735,0.01466856,0.9345542,0.00190096,0.03003763,0.9514473,0.9370173,0.840785
"PDD23",0.05590686,0.9777821,0.8762085,0.01100597,0.03695025,0.05002952,0.2167339,0.6441036,0.9767353,0.02428365,0.9280327,0.009828976,0.02858656,0.9231701,0.9691513,0.9587916
"PDD21",0.09644524,0.9874998,0.9502842,0.01378924,0.07106387,0.06979427,0.1496872,0.7776507,0.9752477,0.01697386,0.9070525,0.009951881,0.02699272,0.9288896,0.9477734,0.9150494
"PD29",0.08886419,0.9562743,0.858144,0.009597806,0.06762969,0.06615044,0.2014055,0.6461868,0.9564427,0.02525256,0.8937237,0.01465387,0.02571232,0.9732756,0.9347489,0.8204056
"PD5",0.09057767,0.9539041,0.9111639,0.02968338,0.1200233,0.06756245,0.1065205,0.7444447,0.9607178,0.02553062,0.9121008,0.01932166,0.04184024,0.9082346,0.9365108,0.8911659
"CTRL88",0.06959204,0.9703538,0.8900204,0.009019701,0.08384755,0.05259609,0.1344831,0.6952513,0.9673306,0.01777877,0.9526819,0.00383814,0.01870973,0.9320473,0.9573965,0.9097237
"PD41",0.09650725,0.9632591,0.8368132,0.01729762,0.06695903,0.05773857,0.173301,0.6141889,0.9812923,0.02136646,0.9135089,0.002151033,0.0306001,0.944574,0.9266144,0.8309285
"PDD39",0.1031095,0.9693044,0.8870945,0.02698048,0.04560679,0.06574249,0.1754386,0.6947817,0.9757756,0.02679104,0.9128633,0.01292022,0.02398469,0.9342705,0.9455817,0.8146537
"PD11",0.110787,0.9748708,0.8978898,0.008888889,0.04931371,0.05786026,0.2010624,0.7578111,0.9401999,0.00963461,0.9322077,0.006891519,0.02483084,0.9298545,0.952633,0.8873604
"PDD26",0.09406607,0.966369,0.9266165,0.02246842,0.09574724,0.05610299,0.06983675,0.7741413,0.9706572,0.02137376,0.9097552,0.009131293,0.02069331,0.9338614,0.95784,0.8759597
"PDD25",0.114548,0.9655979,0.914832,0.03320333,0.2342136,0.0458595,0.2041348,0.8199503,0.9730193,0.01420073,0.8500046,0.01160524,0.01900957,0.9600624,0.9549795,0.7841182
"PD1",0.08633929,0.9439747,0.9224663,0.02171898,0.08690342,0.04522672,0.1571321,0.7454763,0.9520729,0.0160796,0.9235278,0.003173029,0.02593807,0.9351346,0.9466341,0.8551865
"CTRL24",0.1189237,0.9362206,0.8483049,0.02427062,0.03588606,0.06334597,0.1519101,0.7096505,0.9712306,0.01453535,0.9101313,0.004557797,0.01720925,0.9181243,0.94868,0.9026867
"PD55",0.07350992,0.9397619,0.8663581,0.01561885,0.070641,0.04879049,0.1390025,0.6417891,0.9649409,0.01552368,0.9270917,0.01661095,0.02792204,0.945875,0.9567721,0.8840061
"CTRL15",0.07848657,0.9522137,0.7845876,0.01595075,0.07107802,0.04620784,0.2055767,0.6169007,0.9597264,0.02223687,0.9363987,0.009019309,0.02173923,0.9370429,0.9409958,0.7734868
"CTRL63",0.09448831,0.9637095,0.8721092,0.01086475,0.09350554,0.05383305,0.2386924,0.6052684,0.9736451,0.01277159,0.9509596,0.005035159,0.02633211,0.9332462,0.9470256,0.8857604
"PDD60",0.07462997,0.9546644,0.8661857,0.02486222,0.09459234,0.07040987,0.1705755,0.7345004,0.9714389,0.02551331,0.871229,0.0007560722,0.02472492,0.9689016,0.9385619,0.7133142
"PDD51",0.07471323,0.963323,0.8480224,0.02289196,0.06699496,0.08754039,0.1701977,0.5913801,0.9784194,0.02350967,0.8484749,0.006912153,0.02253338,0.9395542,0.9029418,0.745787
"PDD43",0.08470366,0.9424122,0.913133,0.01661184,0.01597542,0.07011023,0.1071723,0.7136245,0.9548924,0.02600129,0.8983623,0.01260723,0.02063163,0.9165939,0.9296867,0.889974
"PD14",0.08831883,0.951555,0.8606249,0.0270516,0.03542054,0.05353874,0.2898821,0.6673541,0.9612602,0.01902774,0.9403601,0.01158096,0.03047069,0.9093973,0.9623861,0.9352448
"PDD5",0.09689217,0.9774895,0.9207412,0.02620841,0.1542117,0.07241083,0.1842276,0.7024296,0.9682362,0.02569029,0.9399507,0.01839144,0.02746442,0.8888259,0.9677176,0.8473229
"PD37",0.09074254,0.9655214,0.8429783,0.01652408,0.03649074,0.05474493,0.2001285,0.7025029,0.9729635,0.01695383,0.9106624,0.003757044,0.03156661,0.9412246,0.9374889,0.83348
"CTRL80",0.05339098,0.9473431,0.8318983,0.02354024,0.0450051,0.06841612,0.105076,0.7527378,0.9670893,0.01700729,0.9320526,0.002829712,0.02182019,0.9567089,0.9598074,0.8539303
"PDD74",0.06885436,0.9591542,0.8881835,0.02263274,0.03750531,0.07114014,0.1624079,0.6782537,0.958524,0.02664709,0.9289297,0.004687042,0.02163331,0.9451522,0.9500714,0.9151798
"CTRL62",0.09781276,0.9664297,0.8766591,0.01842697,0.05000979,0.06791809,0.1870192,0.5975592,0.9706697,0.01370503,0.927581,0.008426722,0.02651476,0.9402616,0.9560572,0.848057
"PD3",0.1163543,0.9629874,0.9041059,0.02395023,0.1796452,0.06824424,0.1119596,0.7481553,0.9305629,0.03199456,0.8859479,0.02849845,0.03836003,0.8862076,0.9494639,0.8303177
"CTRL39",0.104642,0.9713181,0.8170314,0.02186589,0.04727254,0.0654679,0.1788688,0.6856664,0.9637416,0.0189185,0.9535325,0.01430469,0.03257177,0.9497898,0.9510597,0.873708
"CTRL97",0.08642636,0.9687737,0.873098,0.01643143,0.04708793,0.043204,0.2100313,0.673293,0.9080103,0.0198593,0.9545308,0.007407407,0.02408623,0.9398248,0.9522138,0.8713393
"PD47",0.0581959,0.9530628,0.8144367,0.01922499,0.1044295,0.06766749,0.2098187,0.6330739,0.9570636,0.0156388,0.9463969,0.009210223,0.03447395,0.9576,0.9516412,0.8283618
"DLB17",0.05800482,0.9633009,0.8477964,0.02098446,0.07057298,0.06606309,0.1994447,0.6743691,0.9599882,0.029565,0.9252995,0.0131808,0.02515107,0.9488901,0.9248119,0.8783324
"DLB2",0.1265497,0.9706963,0.902006,0.02583587,0.09377146,0.07091413,0.1284707,0.7463571,0.9373482,0.03125872,0.8712865,0.01673336,0.03576807,0.8737662,0.9445244,0.7783165
"CTRL35",0.08753735,0.9665583,0.8604588,0.02448138,0.02620149,0.04547339,0.1718839,0.6934833,0.9576197,0.02080427,0.9163201,0.006736675,0.02077739,0.9466139,0.9356025,0.8469571
"PD8",0.1260354,0.9482301,0.9218452,0.02733948,0.05805448,0.04646584,0.1723103,0.7144878,0.9650098,0.01827243,0.943848,0.02083052,0.02710443,0.9005405,0.9455274,0.833325
"CTRL51",0.08738119,0.9612747,0.8353729,0.0109542,0.03527028,0.04730679,0.186887,0.6071671,0.9737664,0.01293526,0.9418062,0.009327984,0.01996924,0.9840172,0.9603956,0.9039323
"CTRL77",0.05744221,0.9546289,0.9102168,0.0231731,0.07582734,0.04970598,0.1467184,0.5978426,0.9460219,0.01819491,0.9397746,0.0155096,0.01726435,0.9283655,0.955917,0.8289499
"CTRL68",0.02866786,0.9592666,0.8373973,0.02349453,0.09460814,0.05833435,0.1618175,0.5962442,0.9750303,0.01887603,0.9625833,0.01387859,0.01511808,0.9698532,0.9605366,0.8377302
"PDD24",0.07657634,0.9680731,0.9434655,0.01434827,0.08044745,0.04406855,0.1971131,0.7108199,0.953438,0.01533791,0.9416156,0.004971933,0.02070779,0.941252,0.9810432,0.9306218
"CTRL19",0.1129511,0.9569775,0.8339871,0.01766268,0.08461551,0.04594144,0.1150258,0.6831045,0.9727649,0.02057157,0.9298757,0.004713805,0.02819246,0.9438626,0.9324514,0.8438274
"PDD13",0.1065229,0.9740819,0.9228084,0.00703187,0.1298674,0.043,0.1513837,0.7910061,0.9689152,0.01482743,0.8814186,0.0087934,0.01708806,0.9808811,0.9652062,0.7970073
"CTRL43",0.07849902,0.957034,0.8524407,0.02655632,0.05431625,0.07512806,0.1607361,0.696251,0.9846521,0.01478807,0.9613528,0.007245658,0.02128226,0.9361563,0.9441732,0.876388
"DLB11",0.08068064,0.9824576,0.8619261,0.01503847,0.08809502,0.03721135,0.1975923,0.7656648,0.9700581,0.01730074,0.9393742,0.006255585,0.02320967,0.9461316,0.9678895,0.8532365
"PDD58",0.08566018,0.953249,0.8351318,0.0182566,0.04029111,0.06297539,0.1595554,0.6280162,0.9554504,0.01687276,0.9298697,0.007645372,0.03541331,0.9486239,0.9506702,0.9049006
"CTRL42",0.08379945,0.940086,0.8318478,0.01617357,0.07152196,0.0541144,0.228981,0.723359,0.9674663,0.02706376,0.936104,0.01645179,0.02277859,0.947002,0.9655341,0.883695
"PDD53",0.1648263,0.9565044,0.8838681,0.009384984,0.02181663,0.05369928,0.1285453,0.692435,0.9758925,0.02250906,0.9235127,0.01124538,0.02394551,0.9392624,0.9621088,0.8376137
"PD40",0.09168634,0.9579794,0.8647255,0.02233528,0.04176817,0.07170974,0.1589224,0.7530412,0.9765978,0.0209733,0.9436596,0.003138268,0.02667935,0.9518884,0.9414671,0.9058472
"PDD44",0.1059803,0.9417497,0.8575813,0.02333602,0.06762723,0.07427981,0.1896587,0.7349375,0.9576364,0.02502574,0.8947058,0.01109021,0.02291231,0.9402586,0.92381,0.8621616
"PD6",0.08692885,0.9674004,0.924332,0.02299413,0.1198633,0.07421325,0.1516886,0.781793,0.9553897,0.01831049,0.9426813,0.01390465,0.02371773,0.8230319,0.9809766,0.8161492
"CTRL1",0.1092873,0.977464,0.9091153,0.02546107,0.1512434,0.0527735,0.1584633,0.7094507,0.9724157,0.02081037,0.9304024,0.01163095,0.03295134,0.9011209,0.9575851,0.9221044
"PD35",0.09450092,0.9538029,0.9142965,0.01842584,0.09928071,0.05145642,0.169249,0.6896904,0.9532542,0.03996472,0.8727235,0.007726796,0.03045305,0.9523506,0.9481039,0.8284897
"PDD41",0.1008507,0.9526797,0.8781705,0.01986661,0.0556156,0.05316339,0.2111093,0.6938061,0.9894989,0.02032732,0.9086101,0.005934718,0.03001346,0.9451574,0.9422054,0.8056086
"PDD70",0.0864873,0.9466802,0.877101,0.01217285,0.07230076,0.05179387,0.1524366,0.6753342,0.9507992,0.01365285,0.9357472,0.006742739,0.02556428,0.9514224,0.9616168,0.8968839
"PD59",0.06582307,0.9535711,0.8732586,0.01566448,0.07905394,0.07346839,0.2051003,0.6178918,0.9608112,0.015999,0.9437058,0.01103434,0.02643823,0.9540632,0.9350993,0.8903973
"PDD28",0.06589128,0.9549133,0.8895166,0.02038492,0.07864976,0.07890794,0.1141063,0.7733107,0.9626003,0.01818497,0.8424234,0.008042066,0.01895407,0.959306,0.9755097,0.7286536
"CTRL78",0.08042956,0.9806881,0.8934639,0.02870541,0.1003552,0.04988167,0.1784049,0.7299687,0.9586204,0.01371672,0.9169803,0.01211034,0.02238664,0.8745277,0.9540141,0.8110076
"CTRL64",0.06499016,0.9817593,0.8091804,0.02424061,0.1775306,0.08484762,0.1125659,0.6328505,0.9597608,0.01820046,0.9273557,0.01379827,0.02982693,0.9676487,0.9562147,0.8336512
"PD48",0.08515622,0.9588125,0.8624488,0.02568405,0.03028912,0.06417819,0.1679794,0.5931537,0.9681092,0.03298251,0.9220034,0.009590918,0.03895484,0.9325433,0.9183687,0.8488979
"PD21",0.1055019,0.9524732,0.9303683,0.02491432,0.1869899,0.0784,0.09223957,0.7470007,0.9762267,0.01564081,0.9264705,0.007804972,0.02182959,0.9650669,0.9647573,0.8096781
"CTRL95",0.09701732,0.9512006,0.8433437,0.006927929,0.1166493,0.05248307,0.143071,0.7706056,0.9653131,0.01746046,0.9490885,0.002013943,0.02215005,0.9575945,0.9307834,0.8605141
"CTRL57",0.1079896,0.9495477,0.8384017,0.0008312552,0.05689741,0.06386249,0.1944425,0.6158411,0.9734898,0.01786411,0.9365316,0.004254164,0.02175945,0.9278817,0.9557083,0.8982674
"PDD30",0.1005579,0.9384162,0.8568869,0.01774841,0.06153946,0.06723338,0.1935944,0.7125536,0.9758657,0.02869669,0.9318395,0.001549267,0.02556824,0.9408936,0.9692735,0.8656271
"PDD22",0.08448225,0.9626211,0.9277087,0.01600341,0.04418284,0.06172402,0.09218466,0.7520926,0.9757288,0.02871939,0.9079889,0.01135598,0.03561743,0.9090111,0.9577839,0.8712968
"DLB15",0.109308,0.9601494,0.887655,0.02584654,0.112152,0.06485888,0.1118773,0.6843306,0.9713277,0.02987481,0.8401062,0.0235732,0.03160631,0.9241836,0.9631137,0.755469
"PD50",0.09461847,0.9747683,0.8769901,0.01350621,0.04243213,0.05521041,0.182529,0.622991,0.9774808,0.02749677,0.947522,0.01008386,0.03514159,0.9640482,0.951567,0.8504362
"CTRL29",0.08140955,0.9008065,0.8295641,0.01381715,0.04717019,0.0595082,0.106369,0.6198154,0.9589231,0.02405026,0.85274,0.0007902461,0.01813003,0.9116769,0.9452018,0.7972608
"PDD54",0.1046771,0.95664,0.8967037,0.02177122,0.1023095,0.06004521,0.1147579,0.7044152,0.9445557,0.02250386,0.9295976,0.003584586,0.01873756,0.9399358,0.933531,0.855278
"PDD27",0.05610326,0.9650923,0.8512953,0.01681314,0.003334501,0.05433263,0.2388904,0.6340241,0.9626802,0.02151337,0.9544563,0.006331117,0.02277014,0.9403291,0.9470699,0.9132623
"DLB24",0.1170964,0.9594114,0.8715549,0.03429923,0.03221381,0.07181487,0.1294845,0.6791496,0.9714841,0.02869898,0.9263824,0.02119327,0.02843742,0.9287826,0.9211884,0.8557075
"PD23",0.1127462,0.9461909,0.9063711,0.007554297,0.04760344,0.06063089,0.1921852,0.6271268,0.9792396,0.01536862,0.9246115,0.01276371,0.02086096,0.9145586,0.9699269,0.8792157
"PD30",0.08936723,0.9560487,0.8779878,0.0197478,0.05280439,0.04934742,0.1293016,0.7282947,0.9511612,0.01868383,0.8938178,0.01355774,0.02580994,0.9528007,0.9553827,0.8618344
"PDD15",0.06681992,0.9559531,0.9019336,0.02635797,0.08958183,0.05451911,0.1438512,0.7105461,0.96355,0.02235589,0.9419492,0.02080344,0.01910906,0.8757226,0.964765,0.8624181
"CTRL50",0.08088195,0.9521636,0.8385204,0.01808246,0.0594669,0.06363257,0.1514435,0.6147709,0.9716782,0.01633087,0.9253056,0.01114907,0.02714593,0.968462,0.9609171,0.8471877
"CTRL93",0.07813856,0.9724008,0.8723528,0.004618938,0.089405,0.04202135,0.1510247,0.7895802,0.9725332,0.01288997,0.9358415,0.007456504,0.03406081,0.9196787,0.9560535,0.933429
"PDD35",0.06610254,0.9547765,0.9222277,0.01963837,0.08924601,0.05320278,0.1036901,0.7691385,0.9576756,0.02187802,0.8585061,0.01273311,0.03169714,0.9445568,0.9674058,0.7868949
"CTRL73",0.08572842,0.9728239,0.7764193,0.01369522,0.1114627,0.0662768,0.212033,0.6221322,0.9564759,0.016293,0.9263912,0.009946602,0.02679897,0.9514659,0.9701522,0.8481233
"PDD6",0.1187346,0.9641372,0.9371117,0.02753196,0.1453637,0.03418704,0.1400435,0.7725011,0.9768969,0.02487859,0.8426897,0.006316767,0.02716744,0.9488035,0.9434563,0.6796281
"CTRL13",0.04373447,0.9594504,0.7538815,0.01922129,0.02783104,0.05801176,0.2309956,0.5694025,0.9698164,0.01852041,0.9495107,0.01229793,0.01710923,0.9253857,0.9538664,0.8619978
"PDD73",0.1057982,0.9781488,0.8828259,0.01333998,0.07521505,0.04086739,0.08935654,0.7220805,0.9693123,0.009684277,0.9595597,0.007470165,0.01009027,0.9220219,0.9492709,0.9342914
"CTRL81",0.06197421,0.9698359,0.8286577,0.02389041,0.05102912,0.07793646,0.1709295,0.6801383,0.973817,0.01976218,0.909889,0.007020152,0.02503712,0.9683385,0.9372419,0.8911534
"CTRL33",0.1127995,0.9631337,0.8349529,0.02461841,0.03080389,0.0449908,0.2049402,0.6880101,0.964212,0.02064244,0.9360427,0.006169793,0.02078805,0.9185281,0.9358386,0.843557
"PDD49",0.1118244,0.9260695,0.9068135,0.01229933,0.04470172,0.06761178,0.1655828,0.6503427,0.9609582,0.01479809,0.9124736,0.006821282,0.01938417,0.8881375,0.9420843,0.8418184
"PD27",0.08885675,0.9518706,0.8757644,0.01533862,0.05878021,0.06535779,0.1378897,0.6511397,0.9800814,0.02630478,0.9158115,0.01162547,0.02452204,0.9450929,0.9483705,0.9010766
"PDD4",0.1097584,0.9759012,0.9252135,0.02571516,0.1716396,0.07232988,0.1156402,0.7208197,0.9486866,0.03975176,0.9629211,0.02475309,0.03474737,0.9066338,0.9726652,0.8078527
"PD58",0.1225178,0.9710953,0.8797486,0.02324455,0.03954354,0.04549104,0.1478975,0.7086073,0.9767669,0.01318269,0.934934,0.008723088,0.02391223,0.9665556,0.9617336,0.8700127
"CTRL85",0.06606827,0.9550857,0.9172995,0.01628779,0.1162969,0.06453439,0.140478,0.5932483,0.976608,0.0219415,0.9124066,0.01392954,0.02922815,0.9357158,0.9356502,0.8668096
"PD52",0.1035268,0.9540051,0.9043891,0.03258982,0.03999374,0.03740405,0.0945298,0.8145359,0.968193,0.01767179,0.8964974,0.008519318,0.01847384,0.9471139,0.9453689,0.8619994
"PD60",0.09290844,0.9708371,0.8584878,0.01402239,0.02771222,0.0581869,0.09556665,0.6608018,0.9724575,0.01516102,0.9178607,0.007532627,0.01940111,0.9514854,0.9643041,0.8141673
"PD61",0.0469635,0.9510899,0.8853095,0.02256827,0.04452756,0.05674469,0.1077248,0.6242118,0.9790714,0.02436881,0.9279993,0.01058247,0.02489199,0.9652716,0.9540164,0.8223185
"CTRL11",0.0749091,0.9538442,0.9087516,0.009016907,0.05927733,0.04414026,0.1143479,0.6483577,0.9567557,0.0171246,0.9576894,0.005106127,0.01658764,0.8855583,0.9656241,0.9303146
"CTRL40",0.1142606,0.9575793,0.8541868,0.01152101,0.04759005,0.06291718,0.2048346,0.6612333,0.955324,0.01636185,0.9402278,0.007015246,0.0290566,0.9389261,0.9592262,0.8794079
"DLB35",0.1302103,0.9532978,0.8320098,0.0252549,0.05805728,0.06319862,0.1759366,0.7445216,0.9802768,0.01692709,0.9489288,0.01392758,0.03052689,0.9671436,0.9511959,0.8699917
"PD9",0.09221457,0.9545273,0.8560956,0.03311746,0.09635329,0.07795777,0.1792161,0.7191571,0.9318517,0.04121699,0.8571328,0.01884058,0.02445679,0.9280008,0.9646589,0.8782
"CTRL79",0.06675462,0.9814812,0.8520192,0.01114912,0.06508902,0.04001459,0.1371691,0.6353119,0.9852812,0.01925986,0.9373793,0.005547379,0.01817074,0.9452034,0.9625985,0.9142346
"PDD61",0.09883751,0.9635401,0.8597661,0.02235355,0.06189542,0.06398206,0.1926565,0.6520683,0.9867629,0.02224709,0.9574669,0.01291838,0.03099743,0.9375688,0.9371235,0.8694523
"PD56",0.05722992,0.9672598,0.8934097,0.01572158,0.05196447,0.0497676,0.1152831,0.746629,0.9809001,0.01305185,0.9408515,0.003157375,0.01785327,0.9409033,0.955457,0.8953304
"CTRL55",0.06820899,0.9726341,0.8445991,0.01052285,0.05457332,0.05720123,0.2175781,0.6060803,0.9744286,0.02101985,0.939794,0.004177546,0.02849788,0.9336181,0.9381922,0.8582173
"CTRL37",0.08379378,0.9430928,0.8831974,0.01585289,0.007514673,0.06171694,0.0740371,0.6404068,0.9433742,0.01831333,0.8953796,0.01111537,0.0247184,0.964167,0.9356748,0.87906
"CTRL82",0.07858908,0.9539468,0.8421496,0.02453724,0.03913819,0.06017942,0.1569641,0.6313132,0.9628755,0.01147896,0.9325683,0.0005302789,0.01974163,0.9584707,0.9705332,0.8907841
"CTRL32",0.1204823,0.9378746,0.8660025,0.02216749,0.02358627,0.06111929,0.1253413,0.7098222,0.9710865,0.02149647,0.9539693,0.0111968,0.03255657,0.9586043,0.9470173,0.9081301
"PD2",0.169731,0.9596769,0.9435251,0.03036784,0.1428859,0.05255057,0.0764955,0.8052221,0.9572992,0.0250615,0.9149375,0.01445523,0.03202218,0.9261066,0.9493659,0.8789561
"PD54",0.06395746,0.9723787,0.8673803,0.01190721,0.09436695,0.06574222,0.142044,0.6227386,0.9849364,0.01172926,0.942096,0.008233982,0.01775763,0.9649943,0.9410175,0.876012
"CTRL48",0.07031283,0.9634849,0.8426949,0.02006579,0.04064262,0.05389004,0.2323016,0.5965496,0.9628942,0.01826013,0.9558706,0.01090047,0.02839395,0.933301,0.951693,0.8117081
"PD49",0.05814025,0.9710287,0.7873985,0.01806503,0.0475893,0.04658066,0.1183133,0.6039074,0.9813701,0.03638712,0.8863635,0.007007645,0.03322344,0.9565801,0.9433259,0.8271857
"PDD69",0.08697767,0.9699743,0.8926056,0.0202765,0.08515525,0.0629509,0.1449776,0.7697704,0.9679377,0.0146699,0.8988073,0.008677686,0.02917614,0.9718163,0.9440043,0.803561
"PD45",0.1165403,0.9522322,0.8381778,0.01382179,0.0694513,0.07279168,0.1901241,0.6736945,0.9745752,0.03346076,0.9413396,0.01349779,0.03110348,0.9619282,0.9133846,0.7982726
"CTRL12",0.10517,0.9377793,0.9041141,0.0207788,0.06936938,0.04628906,0.1614073,0.6654581,0.9697812,0.02024046,0.9180301,0.01983907,0.02368062,0.9114318,0.9588075,0.8460133
"PD33",0.1028461,0.9400993,0.8583516,0.02913664,0.03610334,0.07133448,0.08437878,0.7190931,0.9540632,0.02492306,0.8891839,0.009946628,0.01423798,0.9558802,0.9016746,0.8095
"PD51",0.05377583,0.9550833,0.8046746,0.01007467,0.04630818,0.05309491,0.1292308,0.5980422,0.9744604,0.01163696,0.9589432,0.01556218,0.02044539,0.955086,0.9621331,0.9308689
"PD13",0.1229427,0.9660039,0.938193,0.03433894,0.08540254,0.0656473,0.06030016,0.7193968,0.9845266,0.02242907,0.9440272,0.01032363,0.02375923,0.928084,0.9529822,0.8451414
"PDD45",0.0669064,0.9761728,0.844229,0.009599827,0.02345937,0.07761755,0.09841144,0.6015772,0.9662916,0.01292273,0.9253095,0.002730109,0.02386119,0.921564,0.9271663,0.841547
"PD20",0.09381234,0.9723669,0.9050646,0.02157822,0.02436684,0.05808477,0.1668874,0.6883618,0.9603748,0.01823057,0.9161552,0.01238172,0.02705038,0.9230777,0.9594391,0.842147
"CTRL83",0.04258834,0.9681851,0.9064078,0.01641283,0.09027947,0.05309735,0.1883166,0.6086994,0.9466916,0.01656753,0.9461033,0.009536194,0.02267536,0.9542361,0.9426754,0.7993185
"PDD7",0.1145234,0.954619,0.9505039,0.02064803,0.08197569,0.06262231,0.2319891,0.7501763,0.9619936,0.02352315,0.9458964,0.02592262,0.03197116,0.8331329,0.9772737,0.894438
"CTRL71",0.08620262,0.9784231,0.8971231,0.01840971,0.08372359,0.06287575,0.1179381,0.6897021,0.9717669,0.01367237,0.9330591,0.001035078,0.02714312,0.9503675,0.9684858,0.8620092
"PDD47",0.04474521,0.9770048,0.8400157,0.005971831,0.04388882,0.05084746,0.1728824,0.5906843,0.944156,0.03130183,0.9305319,0.00508044,0.02178298,0.9664669,0.9321722,0.8323243
"PD32",0.073849,0.9588027,0.8133338,0.02185461,0.04277736,0.05391554,0.159375,0.5209731,0.9867162,0.02319821,0.9082711,0.01620228,0.02626533,0.9488597,0.917025,0.7675632
"CTRL6",0.08056899,0.9530711,0.9386263,0.02564103,0.08114869,0.0604534,0.04434488,0.7277964,0.9383943,0.02481664,0.8944331,0.005462576,0.02686832,0.9279393,0.9281549,0.7925486
"CTRL46",0.08765708,0.9517719,0.8458188,0.01932876,0.09019835,0.07464103,0.1748381,0.6288455,0.9328019,0.02362244,0.9273099,0.01056751,0.03304688,0.943581,0.937079,0.790745
"PD17",0.07699857,0.9744005,0.9183478,0.01059113,0.07778896,0.06507353,0.2629422,0.7157311,0.9621282,0.02514503,0.9326577,0.001802885,0.02381032,0.9292026,0.9624286,0.8587936
"PDD10",0.09890578,0.9747402,0.9134864,0.0211455,0.07746584,0.06300776,0.1567477,0.6987473,0.9585187,0.02852521,0.8939733,0.01200589,0.01813295,0.9040454,0.9370339,0.8423255
"DLB12",0.07595215,0.9568381,0.9033902,0.01386239,0.0576684,0.07188786,0.1614377,0.7107091,0.9762359,0.02001519,0.936153,0.007872048,0.02626128,0.9541134,0.9471763,0.8644862
"CTRL44",0.09140254,0.9669004,0.8192536,0.01152778,0.08421718,0.05102516,0.193362,0.7294847,0.9675046,0.01981333,0.9309376,0.002811245,0.02866931,0.9706415,0.9403069,0.8529028
"CTRL86",0.05737076,0.9752584,0.8932876,0.01610817,0.09448828,0.04475025,0.1257848,0.6339413,0.9638024,0.01006798,0.8592492,0.008945288,0.0197329,0.9604357,0.9623599,0.8454169
"DLB27",0.09711863,0.9500643,0.8491203,0.02799189,0.01987778,0.07526596,0.1870636,0.6392578,0.9682028,0.02075253,0.863608,0.007278481,0.03092357,0.954731,0.9236082,0.8201232
"PD18",0.1110945,0.9500824,0.9131337,0.005412522,0.05058302,0.04965472,0.1748122,0.6499716,0.9513151,0.02360592,0.9405724,0.002930208,0.02758421,0.8713474,0.9595821,0.9040137
"CTRL20",0.09716249,0.9438812,0.8861892,0.02120005,0.01363205,0.06672288,0.1726629,0.6627612,0.978705,0.01334706,0.9027972,0.008338125,0.03200893,0.9483684,0.9280144,0.8456982
"PDD50",0.07793355,0.9518031,0.8178584,0.01594569,0.06016484,0.04708155,0.160716,0.5910402,0.9750667,0.02009939,0.9263376,0.008768434,0.02070283,0.9143568,0.9084728,0.8162234
"DLB21",0.08465916,0.9516995,0.7982838,0.01986271,0.04067991,0.04984146,0.2489562,0.5955963,0.9790005,0.01222922,0.934656,0.01271915,0.02858211,0.9451259,0.9306082,0.8134914
"CTRL53",0.1087763,0.9534914,0.8806641,0.03544625,0.03589066,0.04271415,0.1545303,0.607298,0.9735614,0.02100749,0.913477,0.004605544,0.01651604,0.9464521,0.9638245,0.8662898
"CTRL65",0.06721086,0.9657549,0.8393968,0.01975988,0.037699,0.06221349,0.1954005,0.5508034,0.9648287,0.02020701,0.9479014,0.008175834,0.02451753,0.929264,0.9697938,0.8349484
"PD38",0.1047538,0.9603342,0.8432591,0.0204805,0.1059797,0.06862092,0.2230301,0.6909976,0.9723365,0.0188237,0.9216625,0.01570215,0.02913787,0.9643207,0.950668,0.849971
"CTRL18",0.09090584,0.9539565,0.8734841,0.01343136,0.02300856,0.05606463,0.1573351,0.6988677,0.9512901,0.02407983,0.9363457,0.006158219,0.01959041,0.9210436,0.9270415,0.895087
"PDD36",0.1243773,0.9620671,0.8632346,0.01384755,0.1106561,0.05311573,0.1824767,0.7176847,0.9753051,0.02633693,0.8921134,0.01143542,0.0277318,0.9208202,0.9490377,0.7841646
"PDD64",0.0828664,0.9896509,0.9064684,0.01830348,0.08967349,0.07427436,0.1173479,0.7011267,0.9645007,0.01212399,0.9176169,0.01179651,0.02297982,0.9693861,0.9668873,0.8036039
"PD42",0.178742,0.9600145,0.8945249,0.01735063,0.04116971,0.06019262,0.1310563,0.838737,0.9603664,0.03346895,0.8891296,0.01145879,0.02955809,0.8916112,0.9210371,0.8701663
"PDD33",0.1036631,0.9724144,0.8625542,0.01585266,0.06739346,0.03849249,0.132873,0.6885922,0.9690621,0.01646507,0.9186123,0.01018711,0.02307771,0.9457416,0.9574185,0.8592854
"PDD65",0.1317878,0.9430054,0.8480903,0.01342127,0.08177895,0.06028636,0.1083573,0.6947525,0.9450903,0.01083722,0.895349,0.009615385,0.03162318,0.9495778,0.9520802,0.7885254
"PD62",0.08021464,0.9487962,0.8889345,0.01026621,0.09579008,0.05232484,0.1752012,0.6515311,0.9636183,0.01597631,0.89748,0.01315073,0.03421246,0.9366748,0.9406747,0.8813752
"PDD77",0.06139483,0.9651277,0.9075368,0.02257159,0.1212066,0.05170207,0.1355466,0.7454842,0.9561126,0.02343399,0.9031632,0.01030163,0.02820854,0.9661522,0.9403843,0.7963053
"PDD2",0.1095428,0.9775376,0.9138982,0.03274062,0.1608123,0.06602187,0.1387079,0.8113025,0.9429183,0.03328196,0.9234946,0.01793283,0.02225543,0.9095518,0.9782475,0.8290062
"PD25",0.07701504,0.9584455,0.9146056,0.0168466,0.0520089,0.04939305,0.1606169,0.7157451,0.9479663,0.01362972,0.9250781,0.009833985,0.01693104,0.9189743,0.9569542,0.911009
"DLB14",0.1069323,0.9519879,0.8623892,0.006936888,0.05485397,0.05661914,0.1802575,0.7042182,0.9821717,0.01903885,0.9414962,0.01633739,0.02211536,0.96035,0.9379855,0.8371955
