"","cg17805199","cg07996485","cg10138044","cg23657782","cg14459193","cg12578540","cg21951848","cg14904079","cg00391977","cg20357416","cg14723638","cg14318068","cg01674530","cg12372924","cg07253510","cg24665412","cg18127922","cg02941135","cg02097462","cg18880384","cg02456426","cg11323285","cg04030905","cg10762038","cg11312462","cg02853470","cg16985117","cg24517989","cg05788267","cg09584003","cg22364932","cg16941122","cg16959863","cg24025651","cg09314803","cg24855045","cg07755528","cg22200330","cg14855519","cg07642754","cg00901585","cg25284031","cg06410591","cg22540552","cg23092527","cg27189973","cg22053720","cg25981350","cg21595526","cg20075042","cg15283292","cg15197657","cg24767698","cg00271390","cg04701618","cg24384430","cg23411587","cg00612672","cg00885747","cg03678860","cg10657611","cg16085649","cg22806431","cg15310800","cg11341440"
"PDD38",0.7024201,0.945312,0.8011689,0.9567644,0.8863574,0.6439662,0.929641,0.9611835,0.5287801,0.7936857,0.5925389,0.8691964,0.6284756,0.9787117,0.9679939,0.9375582,0.3349724,0.5913114,0.8711571,0.4094878,0.7882595,0.6322019,0.01854773,0.901492,0.8254631,0.872398,0.8474348,0.7543403,0.9562711,0.6158016,0.9635666,0.6536806,0.960196,0.9081287,0.8150156,0.7279648,0.6305289,0.03131288,0.1631585,0.7954412,0.9003445,0.8272701,0.1072369,0.1262631,0.9615163,0.1553047,0.6181945,0.610957,0.009882701,0.8804085,0.9521215,0.4409762,0.9162156,0.9376271,0.5518395,0.09486785,0.9584948,0.8787557,0.9174157,0.885101,0.9500499,0.4368394,0.6949841,0.929491,0.907526
"CTRL61",0.6783089,0.9282933,0.8101237,0.9753684,0.8074463,0.5854456,0.9516287,0.9098855,0.3884809,0.7828489,0.7496121,0.8152806,0.6086938,0.9682326,0.9290667,0.8956672,0.2980935,0.473358,0.7565544,0.4782085,0.7603885,0.5705761,0.008042587,0.9072339,0.8449652,0.8476527,0.8758674,0.6600246,0.937954,0.5864502,0.9736735,0.5790416,0.9151714,0.8813891,0.8596839,0.6821771,0.5939074,0.01457808,0.177122,0.6701659,0.8167889,0.8005171,0.1621943,0.09824686,0.9525759,0.1163811,0.6664237,0.42592,0.00190096,0.9239198,0.91287,0.4027723,0.8915971,0.9290552,0.6126984,0.03411389,0.9752644,0.9111287,0.8985161,0.8740343,0.9575264,0.4143732,0.5866838,0.9123868,0.840785
"PDD23",0.7022853,0.9500215,0.8753603,0.9684569,0.8306288,0.5863609,0.9580069,0.8544587,0.4806349,0.7915845,0.6749897,0.8479073,0.6140705,0.9862861,0.9658624,0.9226725,0.3754685,0.5765845,0.8119256,0.5016051,0.8225024,0.5628329,0.005726054,0.9134856,0.8895415,0.8839063,0.8766495,0.7248372,0.9647934,0.6441036,0.9767353,0.631839,0.9302761,0.9050775,0.8389399,0.6590255,0.5933508,0.01542209,0.1349469,0.8009308,0.8548673,0.8700493,0.1134096,0.07994718,0.9668308,0.09481249,0.7280386,0.5134757,0.009828976,0.9398725,0.9395697,0.4885258,0.8885718,0.9448989,0.6193762,0.04100656,0.9499942,0.8685685,0.9126582,0.8394328,0.9493562,0.4979271,0.6289392,0.9352952,0.9587916
"PDD21",0.6536329,0.9380581,0.8707734,0.9536484,0.9281553,0.6479708,0.9218963,0.9740935,0.4755886,0.7958734,0.5688392,0.8729093,0.578982,0.9695931,0.9616306,0.9061992,0.2282783,0.6235027,0.9195981,0.4592811,0.8873811,0.58306,0.01261787,0.9491319,0.8512343,0.8840469,0.8991954,0.5683814,0.9238336,0.7776507,0.9752477,0.6648759,0.9568545,0.9002736,0.7884293,0.839168,0.6782391,0.03743397,0.1680086,0.8133235,0.8100221,0.8232691,0.1197896,0.0985061,0.9574281,0.1130574,0.6813926,0.7092029,0.009951881,0.9338431,0.9471914,0.3815804,0.9355189,0.9576963,0.7115437,0.09019912,0.9835115,0.9126834,0.9062692,0.901941,0.9458565,0.3479983,0.7511728,0.9560847,0.9150494
"PD29",0.6738008,0.9147337,0.799062,0.9704687,0.8132185,0.5069975,0.9457033,0.9039592,0.3909604,0.696902,0.6991455,0.8587174,0.5242274,0.9746915,0.9460458,0.9073833,0.3886598,0.506772,0.780575,0.5533235,0.6883585,0.5900613,0.01859513,0.8269169,0.7999175,0.902683,0.8269557,0.5769079,0.9550685,0.6461868,0.9564427,0.5646881,0.9348601,0.8478543,0.8403319,0.6854033,0.5874135,0.03296357,0.2593176,0.8073605,0.8407481,0.769143,0.1227523,0.08747929,0.9792485,0.1453147,0.650726,0.6312404,0.01465387,0.8991392,0.8904615,0.4070749,0.8813692,0.917595,0.6806387,0.05523432,0.9536496,0.7707124,0.8610777,0.7903614,0.9534889,0.3844375,0.6403628,0.8785709,0.8204056
"PD5",0.653777,0.9572713,0.8128877,0.9302993,0.8785532,0.6464463,0.9425849,0.9130241,0.489349,0.750858,0.6265706,0.8952018,0.5327889,0.9315284,0.9380177,0.8625133,0.313187,0.5600238,0.8077138,0.414139,0.8691085,0.603833,0.01832921,0.9010083,0.8904024,0.8774167,0.9187767,0.7141992,0.9147795,0.7444447,0.9607178,0.5931889,0.9317082,0.8952725,0.8373151,0.7517264,0.7004497,0.04531171,0.158845,0.7613787,0.8706887,0.8185055,0.1214741,0.07458126,0.9512346,0.1404173,0.6676366,0.481856,0.01932166,0.9167781,0.9328289,0.3556658,0.8791902,0.9539149,0.6429167,0.09177462,0.9118668,0.8553398,0.9105453,0.8388438,0.9523493,0.4421731,0.726258,0.9368885,0.8911659
"CTRL88",0.7297638,0.9053922,0.8954471,0.9721798,0.8704796,0.6626605,0.962925,0.939762,0.4494339,0.83193,0.6780225,0.8283366,0.5927005,0.9729442,0.9225053,0.9447444,0.2956886,0.5714012,0.8326115,0.5955557,0.7519341,0.6129457,0.01464944,0.8740136,0.853053,0.8920279,0.8417654,0.7213736,0.9659126,0.6952513,0.9673306,0.6402785,0.9193505,0.94142,0.7462656,0.6855022,0.5731418,0.01643956,0.2143559,0.7062736,0.8907594,0.8441052,0.1496399,0.1100068,0.9600509,0.09784192,0.7039971,0.5361203,0.00383814,0.941988,0.9557534,0.3909101,0.9370333,0.9556426,0.7131537,0.1073414,0.962928,0.931226,0.9237258,0.8357818,0.9444089,0.3918614,0.6056878,0.9632788,0.9097237
"PD41",0.6756648,0.9131433,0.8648847,0.9656466,0.8770975,0.5876616,0.9582617,0.9050739,0.4964345,0.7353562,0.6848954,0.873267,0.5875586,0.9735142,0.9548019,0.9200558,0.3743975,0.6538111,0.8466206,0.5579117,0.7902549,0.60077,0.006805321,0.8364149,0.8184142,0.8864439,0.8651817,0.6635452,0.935801,0.6141889,0.9812923,0.6474188,0.9603872,0.9056095,0.838245,0.7607231,0.5840258,0.04403141,0.1995697,0.7491093,0.8061086,0.8448687,0.1100938,0.08697315,0.9651202,0.114704,0.6582208,0.6345531,0.002151033,0.8807451,0.8906475,0.3812341,0.8658147,0.9384702,0.5205128,0.1072343,0.9496338,0.8471977,0.8756786,0.861957,0.9576619,0.4544985,0.7291284,0.9307049,0.8309285
"PDD39",0.6622916,0.9414366,0.8274774,0.9349338,0.8375823,0.631083,0.9543351,0.9586781,0.4450396,0.7363177,0.4640063,0.8788646,0.541886,0.9680822,0.968523,0.8773697,0.2641576,0.6499753,0.8133667,0.3899413,0.8262519,0.5544609,0.02098971,0.8997746,0.8222915,0.8014209,0.86378,0.549397,0.9135897,0.6947817,0.9757756,0.6363555,0.9319829,0.9231833,0.8137795,0.7311805,0.5378619,0.02239168,0.117644,0.7100544,0.8196873,0.7740231,0.1491156,0.06461819,0.9435897,0.09023603,0.6661075,0.6285969,0.01292022,0.9156077,0.9286847,0.3624139,0.8858077,0.939794,0.5843463,0.08377131,0.9507714,0.8334722,0.8321031,0.8919992,0.9541264,0.2628568,0.6285396,0.9425827,0.8146537
"PD11",0.6612717,0.9361523,0.837644,0.9482982,0.8547294,0.597086,0.9829618,0.9503441,0.4721863,0.7924153,0.6331504,0.8816145,0.6946385,0.9750286,0.9592939,0.8975747,0.3642372,0.5569393,0.8535941,0.3240307,0.8083458,0.6477631,0.01772897,0.9228032,0.8530773,0.8912036,0.8658351,0.7260417,0.959683,0.7578111,0.9401999,0.6490548,0.9474675,0.9436216,0.8100173,0.7432465,0.580487,0.01172658,0.1477424,0.7570556,0.8434885,0.8718595,0.1330384,0.2144049,0.9746974,0.1993343,0.7531595,0.5580737,0.006891519,0.911861,0.9087513,0.3511412,0.9384847,0.961234,0.6093197,0.06714209,0.9525294,0.85368,0.8870563,0.8744247,0.9476785,0.377664,0.6562441,0.9567314,0.8873604
"PDD26",0.6469074,0.9319199,0.7945478,0.965657,0.8876251,0.6263045,0.9413818,0.962018,0.4570994,0.7649639,0.6199913,0.8654368,0.6922049,0.9611139,0.9563804,0.9051733,0.277518,0.6400009,0.8469939,0.4696936,0.8054519,0.484064,0.0140593,0.87572,0.8261143,0.9305862,0.8437224,0.6751675,0.9511777,0.7741413,0.9706572,0.6664706,0.9600693,0.9144564,0.8275745,0.7228059,0.5920547,0.05050522,0.1687163,0.8346189,0.894232,0.8603109,0.1205857,0.04941422,0.9510648,0.07302699,0.7212639,0.6449099,0.009131293,0.9244154,0.9230449,0.272342,0.9420665,0.965048,0.7129494,0.07288002,0.940427,0.8546508,0.8625148,0.9190614,0.945836,0.4207852,0.7708984,0.971252,0.8759597
"PDD25",0.746791,0.9380194,0.7479545,0.9676777,0.9316509,0.6675138,0.948502,0.942985,0.4305538,0.7913101,0.6881497,0.8996867,0.7141527,0.981756,0.8915236,0.9385724,0.3983539,0.6722208,0.799612,0.69541,0.7900073,0.6795808,0.009545533,0.8929387,0.7282746,0.8928994,0.8869817,0.6851393,0.959104,0.8199503,0.9730193,0.5991004,0.939091,0.9130689,0.8375484,0.8089812,0.7854752,0.0386482,0.3336823,0.8126466,0.9080473,0.7890245,0.07017395,0.04820173,0.9772843,0.07189145,0.6343349,0.671816,0.01160524,0.9280082,0.9533612,0.4209988,0.9299187,0.9714154,0.7379221,0.2110997,0.9416961,0.9054824,0.8160748,0.9195776,0.9346119,0.4499939,0.7727638,0.9298832,0.7841182
"PD1",0.7391096,0.9469637,0.8161762,0.9573586,0.794548,0.6379055,0.9725441,0.9287918,0.4724096,0.7384749,0.6422286,0.9247244,0.6346658,0.9721064,0.9538934,0.9002187,0.2910542,0.7070507,0.8145907,0.4246613,0.834014,0.687941,0.005118533,0.8823848,0.8551036,0.8497131,0.8778456,0.7287873,0.9518438,0.7454763,0.9520729,0.6560122,0.9614493,0.908057,0.8048867,0.7149398,0.6503101,0.03136883,0.2053423,0.8017198,0.8305962,0.8316315,0.1205651,0.1323498,0.9917037,0.126248,0.6553049,0.5602735,0.003173029,0.9211909,0.9285889,0.3319728,0.8535856,0.9524796,0.6625857,0.1251396,0.9674393,0.8265669,0.9065103,0.8959495,0.9606777,0.411448,0.6835852,0.9508766,0.8551865
"CTRL24",0.5565578,0.9336776,0.8502915,0.9649975,0.8420201,0.5015277,0.9392771,0.9408297,0.4631932,0.7055908,0.6529802,0.9155414,0.5459138,0.9732706,0.9597797,0.8761211,0.3577313,0.6269013,0.8110002,0.5033867,0.7945008,0.6006066,0.01101601,0.8635177,0.8372327,0.8403675,0.8149578,0.6656218,0.9154031,0.7096505,0.9712306,0.6134123,0.9217344,0.8827248,0.8419031,0.7842949,0.6299675,0.02554091,0.1466824,0.8491379,0.7306878,0.8133745,0.1971895,0.172265,0.9569211,0.09947585,0.6607694,0.5133449,0.004557797,0.8885325,0.9076504,0.3384487,0.8890534,0.9314801,0.7421875,0.0545679,0.9548474,0.8091309,0.9233625,0.9136632,0.9687211,0.4181983,0.6503215,0.9251398,0.9026867
"PD55",0.6330433,0.8858558,0.823724,0.9608545,0.8487967,0.6453437,0.9383342,0.9403572,0.4788021,0.768666,0.6726959,0.9076658,0.5835843,0.9867422,0.9608195,0.8575722,0.2801339,0.5796598,0.8085478,0.4274993,0.7954612,0.6529377,0.005986528,0.8651867,0.8710925,0.8704804,0.8593084,0.614862,0.9444474,0.6417891,0.9649409,0.6340526,0.9116203,0.9410756,0.8658942,0.7072733,0.6229616,0.0187638,0.1722287,0.7033261,0.886749,0.8657967,0.1447539,0.1123464,0.9751952,0.1136704,0.6507318,0.6252215,0.01661095,0.9150372,0.9152539,0.3203449,0.8995319,0.9489849,0.6736174,0.06754495,0.9505457,0.7984778,0.9046293,0.8952275,0.9631538,0.3823716,0.635795,0.9399794,0.8840061
"CTRL15",0.6355023,0.9338309,0.7873618,0.9596592,0.8771512,0.4944676,0.9594999,0.9020537,0.419878,0.7008319,0.6457481,0.8583373,0.4829265,0.9833872,0.9260479,0.8765635,0.334474,0.5781411,0.7148226,0.5573927,0.7459072,0.6653164,0.008758609,0.8384853,0.8197252,0.8010907,0.8018435,0.6675285,0.9262017,0.6169007,0.9597264,0.58118,0.925245,0.9082763,0.7996639,0.6883818,0.5605981,0.01762499,0.2057879,0.6493535,0.78857,0.8236933,0.1306272,0.1900159,0.9741872,0.1324126,0.6760561,0.6059086,0.009019309,0.9086127,0.9037818,0.436129,0.8634395,0.9317463,0.8059746,0.105915,0.9572584,0.8400025,0.8231847,0.8896949,0.963697,0.4485888,0.5441674,0.9160357,0.7734868
"CTRL63",0.7074022,0.9422219,0.9392526,0.9729247,0.8608193,0.5055415,0.9035515,0.9180763,0.4599506,0.762074,0.7759012,0.8526781,0.6027082,0.953419,0.956154,0.8907022,0.2765853,0.4874542,0.793746,0.5631797,0.7456546,0.6527967,0.009938992,0.9204571,0.8928257,0.9042308,0.9313586,0.7031396,0.9515526,0.6052684,0.9736451,0.5910623,0.8395821,0.9168646,0.8422921,0.7269078,0.6472145,0.01804441,0.1278187,0.7435262,0.8552692,0.8089145,0.08312001,0.1002452,0.9774669,0.07023316,0.7196334,0.3965604,0.005035159,0.9472097,0.9135635,0.4996349,0.9209443,0.9628699,0.5115713,0.0345583,0.9647908,0.8978093,0.9359927,0.8728863,0.9456665,0.3785051,0.7295326,0.9521145,0.8857604
"PDD60",0.7204041,0.9507144,0.8038768,0.9788312,0.8294552,0.6238707,0.9202276,0.9172948,0.3710919,0.7124073,0.7082873,0.8759363,0.6361622,0.9834672,0.8988995,0.9105083,0.3809589,0.5407442,0.8141703,0.6766092,0.7642935,0.7052295,0.01667596,0.8318289,0.757892,0.8527632,0.8614663,0.7000623,0.9311691,0.7345004,0.9714389,0.6265533,0.9264914,0.9151788,0.8591205,0.6981974,0.6585202,0.03988452,0.272684,0.7218045,0.8770415,0.7825525,0.1269694,0.07650578,0.9751454,0.1342354,0.6478489,0.4989823,0.0007560722,0.9171831,0.8977111,0.3752771,0.8716751,0.9194055,0.6789894,0.1888031,0.9384867,0.8428046,0.8540357,0.8128473,0.9742087,0.4157822,0.6885899,0.9344931,0.7133142
"PDD51",0.6620815,0.9012119,0.6497964,0.9503907,0.8064488,0.4914687,0.9417241,0.9285476,0.3387703,0.6933187,0.5188281,0.8405497,0.4970635,0.9676531,0.9043285,0.8866925,0.3130307,0.4874134,0.758053,0.4649863,0.6777852,0.4413579,0.01717182,0.8126111,0.8017434,0.8890798,0.8517137,0.6071417,0.9001879,0.5913801,0.9784194,0.6363675,0.9440084,0.8627737,0.8050872,0.681208,0.5796106,0.02140845,0.1946415,0.6362715,0.8652197,0.8167843,0.1391946,0.05548101,0.9515326,0.06332533,0.5509064,0.5958126,0.006912153,0.8920696,0.9260266,0.379372,0.8889932,0.9365747,0.633365,0.08104666,0.9218205,0.815711,0.8213861,0.8095896,0.9540039,0.2721693,0.6354964,0.9170906,0.745787
"PDD43",0.710374,0.9225939,0.8455509,0.8994859,0.7928121,0.652905,0.925441,0.9314213,0.4387738,0.7310409,0.4710606,0.9081383,0.5481957,0.9831176,0.9185277,0.8903587,0.3066963,0.5076005,0.8332681,0.3001203,0.8267495,0.6476735,0.009770877,0.8545191,0.7952856,0.8354979,0.8488421,0.5971106,0.9343247,0.7136245,0.9548924,0.6203324,0.9491255,0.8783605,0.8813478,0.7094898,0.648314,0.02040111,0.1171891,0.7616442,0.8521282,0.8192532,0.1177127,0.05692051,0.945095,0.1079618,0.6113615,0.5752374,0.01260723,0.9070573,0.9076223,0.3480872,0.9185572,0.9248747,0.4988597,0.1277447,0.9512124,0.8624902,0.8806168,0.8792488,0.9337109,0.2391354,0.7042285,0.9249099,0.889974
"PD14",0.7014485,0.9454039,0.8730521,0.9535793,0.7950355,0.7029695,0.913241,0.9190344,0.4794852,0.8306873,0.79678,0.8101285,0.4856373,0.9690961,0.9415347,0.947002,0.3573873,0.5937644,0.7876594,0.5649134,0.8114008,0.6151707,0.0132509,0.8485651,0.8371644,0.8000373,0.834189,0.7765581,0.9409036,0.6673541,0.9612602,0.5868091,0.9007608,0.9222969,0.7830892,0.7519953,0.5885275,0.01715358,0.2029746,0.810197,0.8845046,0.7757638,0.1460754,0.1760081,0.9641528,0.1608249,0.7687577,0.4158628,0.01158096,0.9252258,0.91691,0.5140631,0.8841351,0.9569693,0.7132229,0.06046772,0.9758262,0.8903627,0.9305163,0.9092058,0.9743573,0.4153428,0.5754096,0.8893533,0.9352448
"PDD5",0.7247588,0.92167,0.8820545,0.9485225,0.8419082,0.6148505,0.922515,0.9274088,0.4692189,0.786489,0.7187698,0.8421946,0.665334,0.929462,0.9427832,0.9207719,0.3938081,0.6248772,0.8211682,0.4982622,0.7961374,0.6550097,0.02408667,0.9005379,0.8398884,0.8590293,0.920043,0.7350803,0.9128338,0.7024296,0.9682362,0.6149285,0.9211541,0.8787096,0.6575568,0.7153221,0.7522011,0.04195389,0.2214954,0.7755418,0.9092682,0.7225435,0.08749317,0.2064188,0.9555022,0.07005286,0.66825,0.5828471,0.01839144,0.936853,0.9199235,0.4391058,0.9480755,0.9392902,0.6150507,0.193038,0.9406706,0.9432145,0.8722193,0.788305,0.9276004,0.611409,0.7026913,0.8961265,0.8473229
"PD37",0.730983,0.9320993,0.8144526,0.9604375,0.8505134,0.6393372,0.9491255,0.9112703,0.4622702,0.7539959,0.6432401,0.8685716,0.6065958,0.9710906,0.9445968,0.8900819,0.3721046,0.6797815,0.8053047,0.4109965,0.8340165,0.6449657,0.00762791,0.860246,0.7781428,0.8407347,0.8426878,0.639176,0.9507851,0.7025029,0.9729635,0.624727,0.929848,0.8861214,0.8730098,0.7071334,0.6340291,0.0129895,0.1798303,0.6641664,0.7944724,0.8070928,0.1671315,0.08052638,0.9568616,0.1357299,0.6903381,0.6274463,0.003757044,0.9087812,0.8900942,0.3628446,0.91393,0.9370982,0.5573806,0.07513915,0.9565956,0.8415465,0.858428,0.7987438,0.9661352,0.4430956,0.7464116,0.9657727,0.83348
"CTRL80",0.6470902,0.927272,0.911054,0.9574129,0.781201,0.6054584,0.9708686,0.960339,0.4007021,0.7242621,0.7360569,0.7994954,0.6583919,0.9726331,0.9566496,0.8678925,0.3008691,0.3849946,0.8102671,0.4150509,0.7649454,0.4565369,0.03403874,0.8463043,0.8068036,0.807405,0.8814155,0.7075935,0.8887136,0.7527378,0.9670893,0.5984265,0.9317265,0.9351214,0.8170078,0.6514582,0.5436723,0.01926752,0.1400628,0.7170389,0.8288539,0.7867475,0.2177133,0.06074689,0.9702019,0.0688536,0.7432643,0.501269,0.002829712,0.9049237,0.910159,0.4480847,0.9077448,0.893313,0.4247212,0.1113811,0.9777653,0.8867136,0.9101052,0.8368461,0.9637596,0.328562,0.5666564,0.9211848,0.8539303
"PDD74",0.6779012,0.9226201,0.7841871,0.9732898,0.8201869,0.653098,0.9528762,0.9146574,0.4287545,0.768838,0.7043532,0.8550102,0.5751725,0.9744455,0.9284845,0.9487703,0.2784364,0.6048876,0.8247635,0.4251284,0.7547067,0.5561597,0.008221991,0.9298061,0.8046962,0.8711584,0.8787571,0.5839174,0.9120372,0.6782537,0.958524,0.6522646,0.9399161,0.8602143,0.8594494,0.6609899,0.6311048,0.02694706,0.1878757,0.7763055,0.8370279,0.8439748,0.1884375,0.09923868,0.9628651,0.110731,0.7051751,0.6068587,0.004687042,0.9119458,0.9344986,0.4055882,0.9294344,0.9613342,0.6517317,0.058321,0.9708141,0.8402893,0.9213139,0.8412298,0.9486009,0.4131996,0.6762055,0.9548516,0.9151798
"CTRL62",0.7196852,0.9331803,0.8811893,0.9621808,0.8544016,0.5687914,0.9671587,0.8859762,0.4311152,0.8012537,0.6579113,0.8297476,0.5778567,0.9841006,0.9428686,0.9010353,0.279855,0.5109375,0.7097833,0.5880733,0.7412082,0.6807082,0.007853095,0.894204,0.8600269,0.9078769,0.8713968,0.6744855,0.9455517,0.5975592,0.9706697,0.6575735,0.8861621,0.8897557,0.8264404,0.7275139,0.566755,0.01973693,0.2221599,0.6417374,0.8439078,0.8280698,0.1273648,0.06079905,0.9720782,0.08417227,0.6896768,0.563104,0.008426722,0.8937337,0.9185281,0.4594525,0.9283246,0.9515785,0.6506634,0.08057186,0.9525807,0.9057069,0.8852108,0.8883027,0.9350667,0.4229841,0.6335235,0.9342152,0.848057
"PD3",0.6359969,0.9092822,0.8240039,0.9301248,0.8380983,0.561158,0.8948982,0.9155172,0.4613403,0.7466563,0.7044114,0.8693424,0.613181,0.9314439,0.8893397,0.9462804,0.437718,0.6084564,0.8872669,0.5481894,0.839711,0.480571,0.03750895,0.895481,0.8290995,0.8963329,0.8873646,0.7340373,0.9107304,0.7481553,0.9305629,0.6216174,0.9315843,0.8534407,0.7862679,0.7396208,0.6340142,0.03983225,0.2179598,0.7003041,0.8967834,0.8586802,0.1252496,0.1875437,0.9319658,0.1714541,0.7139932,0.4885022,0.02849845,0.9293199,0.915206,0.4155648,0.9221082,0.9561731,0.7739308,0.1157251,0.9234914,0.8550376,0.8738379,0.8368553,0.8605047,0.5511803,0.6995888,0.9179115,0.8303177
"CTRL39",0.7873781,0.9116887,0.8544565,0.9499726,0.8093266,0.6217511,0.9652832,0.8691739,0.4730371,0.717407,0.8029432,0.8506287,0.6151326,0.9774626,0.9185083,0.9393023,0.39574,0.5279023,0.7997568,0.5817327,0.7493207,0.6435669,0.01671114,0.8654331,0.8796875,0.8905108,0.8892438,0.7261873,0.9109552,0.6856664,0.9637416,0.559325,0.9223448,0.8918499,0.8535857,0.6875405,0.5755365,0.04314148,0.2624189,0.7224451,0.8912726,0.7866406,0.1281598,0.1926318,0.9694968,0.1466922,0.734783,0.5008618,0.01430469,0.893761,0.898273,0.4721337,0.9194161,0.941235,0.699826,0.04891534,0.9466952,0.8607275,0.9073678,0.8281686,0.9586144,0.5515929,0.7035677,0.9051388,0.873708
"CTRL97",0.7298871,0.9318894,0.8486351,0.9584846,0.8883072,0.5925212,0.9609844,0.8917643,0.4621418,0.8013265,0.665207,0.8125358,0.5891209,0.9751317,0.9426739,0.9163188,0.3507826,0.4718039,0.7640135,0.5638996,0.7648595,0.7554889,0.009640587,0.9150781,0.8210959,0.8535476,0.8786168,0.7558926,0.9390214,0.673293,0.9080103,0.6396239,0.9091777,0.9124105,0.7539797,0.707667,0.6246766,0.02216529,0.2115106,0.6207455,0.8472184,0.8572364,0.1505255,0.2026333,0.9730773,0.141679,0.7096291,0.4976919,0.007407407,0.9095891,0.8902473,0.4245679,0.8962928,0.9171568,0.6036634,0.04887688,0.9471435,0.9084694,0.9128209,0.7986846,0.9588216,0.5144891,0.6419464,0.9165965,0.8713393
"PD47",0.654159,0.9131285,0.8145641,0.9694512,0.7863303,0.5231082,0.9678316,0.8845925,0.4265412,0.6955457,0.6530122,0.8405545,0.4984495,0.9789963,0.9476371,0.9160706,0.3728726,0.5280632,0.7104874,0.5269019,0.7019973,0.6296582,0.01472191,0.835072,0.8620788,0.8325213,0.8251456,0.5691286,0.9577075,0.6330739,0.9570636,0.6068786,0.9140933,0.9026141,0.8216146,0.5975193,0.5639697,0.04114111,0.2104367,0.6585144,0.8218064,0.7392035,0.1320755,0.1460956,0.9403609,0.1137451,0.6809674,0.5385718,0.009210223,0.8929988,0.8824993,0.428679,0.8974906,0.9382783,0.7406744,0.08057246,0.9521455,0.7897951,0.862219,0.8758288,0.9624831,0.4318935,0.5701963,0.9107521,0.8283618
"DLB17",0.6560711,0.9369442,0.8815219,0.9540167,0.85306,0.7519758,0.9157561,0.9328055,0.4389089,0.7280133,0.6932688,0.8085393,0.5597675,0.9572981,0.9447964,0.9429143,0.316799,0.3852612,0.7567567,0.4858311,0.7945168,0.6495702,0.0190031,0.8918139,0.9001657,0.8792925,0.9246941,0.6655343,0.9263699,0.6743691,0.9599882,0.5619266,0.9142829,0.8806546,0.8152349,0.6859601,0.4766815,0.0204292,0.1269774,0.6706631,0.8142514,0.8168049,0.12311,0.06949784,0.9233113,0.1245131,0.700472,0.4725624,0.0131808,0.9050013,0.926776,0.4375583,0.8550676,0.9329286,0.6855975,0.07473644,0.9370378,0.9409637,0.9395524,0.7128041,0.9313248,0.3230317,0.5539788,0.919073,0.8783324
"DLB2",0.7446959,0.9668795,0.8083817,0.9550507,0.8533316,0.5886652,0.9061699,0.9652215,0.3981282,0.7394519,0.6313731,0.9136063,0.639908,0.9588114,0.9150383,0.9086332,0.3475583,0.671216,0.8758761,0.5700977,0.9013189,0.5169288,0.03828667,0.8558553,0.8150331,0.8998675,0.8778601,0.7182999,0.9351788,0.7463571,0.9373482,0.6576472,0.9273528,0.9130544,0.7482147,0.7589751,0.6764299,0.05932357,0.2435623,0.7508528,0.895776,0.774315,0.1136523,0.1060299,0.9542095,0.08330018,0.6456098,0.6740909,0.01673336,0.9209429,0.9302686,0.3946883,0.9304447,0.9463672,0.7712649,0.1954651,0.9332865,0.8446414,0.8484334,0.882265,0.9073572,0.3922373,0.7517397,0.946915,0.7783165
"CTRL35",0.673592,0.9408601,0.806035,0.9557701,0.8449479,0.5897251,0.9624667,0.9194511,0.4885209,0.6980251,0.583676,0.8990106,0.5995382,0.9744414,0.9414168,0.8892857,0.3789836,0.6611889,0.8307304,0.5239541,0.8281783,0.5990127,0.01427788,0.8826904,0.8626858,0.8842289,0.8607855,0.6883315,0.9324839,0.6934833,0.9576197,0.6533433,0.9264983,0.9073759,0.9075714,0.6913109,0.6054475,0.04781856,0.1436912,0.7942788,0.8801868,0.786078,0.1507241,0.1113022,0.9766649,0.09920938,0.6832371,0.626718,0.006736675,0.9240035,0.8999793,0.38836,0.878709,0.9359813,0.6697032,0.07607857,0.9699949,0.8047923,0.9309476,0.842896,0.9399714,0.4176042,0.6957295,0.9359284,0.8469571
"PD8",0.7136797,0.9383006,0.8906532,0.9383155,0.8953467,0.675642,0.9179004,0.9574406,0.5085667,0.7989456,0.6215774,0.8889674,0.6559149,0.9431666,0.953063,0.8927685,0.2850652,0.6702932,0.9028302,0.434745,0.8397189,0.688513,0.02578503,0.9055311,0.8570317,0.8791445,0.8507998,0.6755084,0.9324912,0.7144878,0.9650098,0.6989922,0.9348881,0.9199281,0.8323296,0.840173,0.6625768,0.01661772,0.1675396,0.7843277,0.9091303,0.8475572,0.1527025,0.1265342,0.9312587,0.2102754,0.7236181,0.6424406,0.02083052,0.9257851,0.9201989,0.3338095,0.8696989,0.9626956,0.601476,0.09522701,0.9513216,0.8916903,0.8850366,0.8738583,0.9302113,0.2904745,0.7606343,0.9411022,0.833325
"CTRL51",0.6782542,0.9251632,0.8599538,0.9746938,0.8709485,0.5652032,0.9426768,0.8794627,0.4563583,0.7354617,0.7292913,0.8120689,0.5582593,0.9853163,0.936487,0.9098628,0.3645364,0.4667504,0.7572325,0.5432089,0.7859178,0.7349839,0.008070872,0.8411565,0.8493635,0.8862036,0.8387758,0.6262477,0.9649172,0.6071671,0.9737664,0.6029213,0.9450526,0.9454593,0.7955018,0.6618831,0.5974621,0.02413996,0.2469762,0.7580049,0.8202068,0.7966949,0.1309255,0.1320617,0.9758369,0.120178,0.6979972,0.5813377,0.009327984,0.9330869,0.9017237,0.4603198,0.901623,0.9516335,0.7501523,0.06842138,0.9654513,0.8178886,0.9200039,0.8794707,0.9669267,0.3703434,0.6511518,0.9472226,0.9039323
"CTRL77",0.6786513,0.9592275,0.8246423,0.9786276,0.8310938,0.5627631,0.9085232,0.913406,0.3918634,0.7385966,0.5728455,0.7933871,0.5683917,0.9647871,0.9421242,0.9080519,0.2834641,0.476895,0.7991729,0.4244877,0.739792,0.576329,0.006307264,0.91635,0.8839097,0.8519044,0.8681151,0.5174302,0.8989601,0.5978426,0.9460219,0.6661055,0.9120207,0.8453759,0.7515904,0.7195037,0.5569914,0.03876221,0.2634996,0.782239,0.8138299,0.8082011,0.1117467,0.1094998,0.9564166,0.143627,0.6162966,0.6011777,0.0155096,0.9151643,0.9135449,0.3977035,0.924024,0.9545703,0.6771459,0.08289141,0.9171055,0.8941933,0.8990949,0.8543901,0.94583,0.4345795,0.6683126,0.9232681,0.8289499
"CTRL68",0.6840738,0.9662387,0.873115,0.936213,0.8737121,0.5975048,0.9650837,0.8860607,0.4334739,0.8083222,0.6746372,0.8722845,0.5239428,0.9671182,0.9623623,0.8985306,0.2797826,0.5004361,0.7716304,0.5065492,0.6549155,0.5913222,0.01036758,0.8822241,0.8379799,0.8018983,0.9328236,0.6089918,0.9389851,0.5962442,0.9750303,0.6136239,0.9295011,0.9117581,0.7848687,0.7810417,0.5069137,0.0263491,0.2387299,0.581678,0.8056645,0.7111533,0.09343866,0.06850214,0.9747301,0.0838337,0.7174593,0.530887,0.01387859,0.9175762,0.9374155,0.4531005,0.8707674,0.9328008,0.640764,0.0335932,0.9311021,0.8921067,0.8637664,0.8178238,0.9524553,0.3956548,0.5826844,0.9347058,0.8377302
"PDD24",0.7174336,0.9650406,0.8364679,0.962041,0.8508194,0.6772702,0.9476987,0.9635497,0.4680049,0.8458748,0.7793174,0.8923032,0.5998656,0.9622855,0.9517256,0.9433608,0.3513026,0.5783074,0.9320413,0.5401959,0.9102519,0.6411581,0.01013225,0.9098719,0.9196959,0.8560929,0.9458921,0.7850398,0.9349192,0.7108199,0.953438,0.6783819,0.9362001,0.9287431,0.7858596,0.8346125,0.5998541,0.01986345,0.1064191,0.842642,0.9196028,0.8372539,0.08194755,0.086916,0.9540488,0.05979631,0.77682,0.6140845,0.004971933,0.9588282,0.9468793,0.4525748,0.9291455,0.9744355,0.6995805,0.04246153,0.9166786,0.9190525,0.9310471,0.8819751,0.9436252,0.497394,0.8080296,0.9545493,0.9306218
"CTRL19",0.6524948,0.917016,0.8215696,0.9649207,0.8377398,0.6247148,0.9468678,0.9056962,0.4899526,0.7675149,0.6844937,0.8851343,0.5893616,0.9673851,0.9514218,0.8764253,0.4194347,0.6372468,0.8394052,0.5847682,0.7997193,0.6492803,0.01462599,0.8773001,0.8140665,0.8912855,0.8710858,0.7047151,0.9364212,0.6831045,0.9727649,0.6203214,0.9179954,0.8817962,0.8228553,0.722893,0.5831618,0.02820948,0.1496466,0.7478789,0.8669795,0.8813874,0.1302548,0.1575443,0.966261,0.1340074,0.7135129,0.5410385,0.004713805,0.9035393,0.9032627,0.3290175,0.8738015,0.9467184,0.8188153,0.1056351,0.9505772,0.8053061,0.9114028,0.8433023,0.9091322,0.4450554,0.6572135,0.918635,0.8438274
"PDD13",0.7932007,0.9315427,0.8137732,0.981057,0.8223041,0.5517258,0.9822537,0.9513294,0.396722,0.8031722,0.6902786,0.8860763,0.6340009,0.9891706,0.8673291,0.9150846,0.4213697,0.6924365,0.7993106,0.7390708,0.7796055,0.7107361,0.01142143,0.8264407,0.7601207,0.8470677,0.8971713,0.7261005,0.9582942,0.7910061,0.9689152,0.6482471,0.9626652,0.9578485,0.799058,0.7048204,0.7613659,0.05646114,0.2965479,0.7729579,0.8588076,0.7722928,0.07674102,0.09985735,0.9740001,0.07994145,0.6609754,0.6803816,0.0087934,0.9384057,0.9532121,0.4270869,0.9370721,0.9633569,0.7494361,0.1591905,0.9500728,0.7970607,0.7504657,0.8452539,0.9406891,0.4497506,0.7230219,0.9133827,0.7970073
"CTRL43",0.6983404,0.9568936,0.8709063,0.9543296,0.8276647,0.5636676,0.9467751,0.9372238,0.4533283,0.7527374,0.7834285,0.8048439,0.6477268,0.9771365,0.9075919,0.9199549,0.3006935,0.5036502,0.8450909,0.5399177,0.7742931,0.5830898,0.02595916,0.908898,0.8691917,0.8512673,0.9131494,0.7061607,0.9650619,0.696251,0.9846521,0.5929752,0.8849553,0.9038313,0.7921854,0.6494375,0.5966688,0.02512827,0.1419512,0.7951291,0.8185312,0.802068,0.09953991,0.09977962,0.9741371,0.1229761,0.6999757,0.5717256,0.007245658,0.896729,0.9059519,0.5132961,0.8667283,0.9508953,0.6453873,0.04995427,0.9565854,0.8512072,0.8656998,0.8729616,0.942665,0.4089003,0.6052252,0.9444818,0.876388
"DLB11",0.7134921,0.9619498,0.9223521,0.974604,0.8709294,0.6427266,0.9304492,0.9472628,0.4681844,0.8291879,0.5999917,0.8230714,0.6181225,0.9700539,0.9230054,0.9413461,0.3660542,0.5327674,0.8027905,0.5191553,0.7662233,0.6202747,0.01204285,0.8672304,0.8879158,0.8459094,0.902231,0.6611864,0.952877,0.7656648,0.9700581,0.6173132,0.935779,0.8699723,0.7905599,0.771871,0.6356327,0.03863244,0.2603748,0.6670797,0.8926033,0.8307004,0.09815901,0.07468209,0.9644032,0.1120261,0.712432,0.5177091,0.006255585,0.9497784,0.9575433,0.3486729,0.8523095,0.9743449,0.6584879,0.03530495,0.9648378,0.9028055,0.928993,0.8884815,0.960525,0.4496769,0.6470959,0.9198845,0.8532365
"PDD58",0.7546902,0.9315341,0.8302627,0.9656882,0.8056298,0.656623,0.9657005,0.9021228,0.4420151,0.7230581,0.7522657,0.8023059,0.5760993,0.9629183,0.9546692,0.9196742,0.35304,0.5836316,0.8123997,0.5444908,0.7934536,0.5924337,0.01003026,0.8981865,0.8348628,0.8535865,0.8681418,0.740073,0.9406207,0.6280162,0.9554504,0.659488,0.9030591,0.89362,0.8379777,0.682361,0.5869507,0.03053769,0.1592854,0.6713775,0.8996276,0.842479,0.1303608,0.06870987,0.9679887,0.09792184,0.6735944,0.4962696,0.007645372,0.9319118,0.8821209,0.4099941,0.8682103,0.9499527,0.6715472,0.0617614,0.9516146,0.8552644,0.8727586,0.7814482,0.943796,0.4443959,0.616113,0.9446091,0.9049006
"CTRL42",0.7009244,0.8825668,0.8433058,0.9640023,0.8488706,0.6089374,0.9727853,0.9214138,0.4622659,0.7389791,0.693998,0.8472606,0.5971505,0.973518,0.951195,0.9274542,0.3920583,0.5160355,0.8223113,0.568,0.7688768,0.7947794,0.009970512,0.9120252,0.8168865,0.8817527,0.8416371,0.6785625,0.9625915,0.723359,0.9674663,0.6009249,0.9439704,0.9210061,0.8767931,0.676063,0.5849651,0.04204364,0.2644696,0.7030628,0.8383706,0.8293187,0.1540616,0.1505316,0.9738201,0.1630846,0.7658636,0.5444319,0.01645179,0.9121482,0.8709805,0.4453466,0.8909782,0.9259424,0.8328665,0.1076328,0.9508835,0.8955091,0.8877427,0.8959885,0.9788238,0.4403579,0.6584418,0.9014481,0.883695
"PDD53",0.6880042,0.9123721,0.8373411,0.9455001,0.8561127,0.6152721,0.9303161,0.9433335,0.4874905,0.7279698,0.700835,0.8837399,0.647583,0.9755058,0.9429368,0.9067614,0.3246789,0.5841778,0.8775716,0.465061,0.8048306,0.6454125,0.01437507,0.8860921,0.8489457,0.8910338,0.8378697,0.7554069,0.8934946,0.692435,0.9758925,0.6557868,0.9489952,0.8696074,0.862139,0.7640414,0.7049171,0.04430118,0.2126804,0.7921553,0.8488519,0.8227714,0.1869159,0.04596502,0.9641603,0.1532755,0.6885272,0.6162647,0.01124538,0.9161988,0.9094039,0.3929981,0.9136473,0.9415387,0.5574101,0.08037599,0.9721617,0.8378172,0.8714881,0.8570887,0.9480522,0.357999,0.7603457,0.9492416,0.8376137
"PD40",0.7181846,0.9451338,0.7591798,0.9626194,0.8929078,0.5646843,0.9517532,0.9311311,0.4501536,0.7163698,0.7278917,0.8640815,0.6109147,0.9713312,0.9540229,0.8759302,0.3676691,0.6223143,0.795866,0.5423806,0.7188177,0.6737488,0.01349096,0.8950289,0.854079,0.8913251,0.8800837,0.6999623,0.9274982,0.7530412,0.9765978,0.5961672,0.9156833,0.8752872,0.7957041,0.6546523,0.7262216,0.04363178,0.2267842,0.7056938,0.8605001,0.8409314,0.182511,0.1663208,0.9558974,0.09501436,0.7008448,0.5287107,0.003138268,0.921966,0.9285956,0.4468833,0.853617,0.9435268,0.6068788,0.09070156,0.927386,0.8723593,0.9361171,0.808952,0.950911,0.4663825,0.5984706,0.9143414,0.9058472
"PDD44",0.7142098,0.9462281,0.7986039,0.969597,0.8956852,0.6278086,0.9237559,0.9553541,0.4040383,0.7571339,0.5881714,0.8886128,0.5583366,0.9473689,0.8724197,0.8903203,0.3355503,0.5350088,0.8616129,0.526072,0.8145825,0.5270671,0.02445886,0.8802164,0.8119854,0.8865165,0.8475314,0.581615,0.9518769,0.7349375,0.9576364,0.6046549,0.9316327,0.8955832,0.8432859,0.7234647,0.5900374,0.02628096,0.2188683,0.7148858,0.8883128,0.8681438,0.1012364,0.0442183,0.9628283,0.09459996,0.6986104,0.6157062,0.01109021,0.9053546,0.9242273,0.4008726,0.8662915,0.9522771,0.5482177,0.09824459,0.9555368,0.883755,0.865514,0.875904,0.9313994,0.4574242,0.7275698,0.9146756,0.8621616
"PD6",0.6192223,0.9647628,0.8949007,0.9402968,0.8774069,0.5965307,0.9350554,0.9424681,0.4706811,0.7804456,0.6031502,0.9123628,0.6564293,0.9520819,0.9522307,0.9224766,0.3451039,0.6174984,0.865046,0.5984977,0.7638978,0.5200332,0.03132073,0.9284152,0.8743284,0.8837485,0.9071394,0.7548007,0.9166304,0.781793,0.9553897,0.6476738,0.9515627,0.9131333,0.6268248,0.7674827,0.5442162,0.02933427,0.2400937,0.7425969,0.8328167,0.7996477,0.1238007,0.1380175,0.9657642,0.09028225,0.8049424,0.5301924,0.01390465,0.9511301,0.9547899,0.4007607,0.8976433,0.976037,0.786485,0.07753814,0.9354166,0.9139212,0.9280248,0.8670136,0.8475531,0.405529,0.6861606,0.9330439,0.8161492
"CTRL1",0.7009741,0.948985,0.822808,0.9348198,0.8836347,0.6568604,0.8935718,0.9388492,0.4626773,0.7977655,0.7084468,0.9272932,0.6124742,0.9523551,0.9206681,0.9454083,0.4091097,0.6372987,0.8124542,0.5426683,0.8391745,0.5480988,0.01691642,0.9052508,0.8581734,0.8742688,0.9039444,0.6842294,0.9265767,0.7094507,0.9724157,0.5903025,0.9628778,0.9140788,0.6723264,0.7980057,0.6140868,0.04104163,0.1331599,0.8215612,0.8891794,0.7993467,0.1118385,0.07021692,0.9457695,0.06320651,0.668849,0.6092683,0.01163095,0.9139055,0.9165204,0.3676159,0.8990357,0.9649423,0.7786982,0.08668514,0.9534767,0.8447639,0.8996202,0.8697375,0.9287815,0.4698848,0.7292146,0.888926,0.9221044
"PD35",0.7645046,0.9288591,0.7792449,0.9765893,0.8951312,0.5508781,0.9566932,0.9257625,0.4299042,0.7088594,0.6315443,0.8464405,0.6475985,0.9767924,0.9132291,0.9136288,0.2969499,0.568044,0.7754689,0.5563182,0.8407669,0.7323553,0.01884125,0.9159017,0.8320469,0.8584495,0.8971493,0.7000969,0.9382691,0.6896904,0.9532542,0.6288064,0.8754176,0.8769696,0.8947117,0.7171891,0.6522992,0.03707679,0.22853,0.7749726,0.8357316,0.8531636,0.1307312,0.1363836,0.9573974,0.1133161,0.6855811,0.6263923,0.007726796,0.8943414,0.9481419,0.4053868,0.9075134,0.9434509,0.6823776,0.1018931,0.9448731,0.8560112,0.880384,0.8771502,0.9436358,0.4865335,0.6919132,0.9399122,0.8284897
"PDD41",0.6769341,0.9182965,0.7857373,0.9361978,0.8569922,0.590053,0.9321582,0.8988592,0.3767502,0.7402599,0.6276171,0.9218925,0.5032897,0.986472,0.9308702,0.8971363,0.328401,0.628234,0.8159266,0.4502417,0.803951,0.4422232,0.009475131,0.8564802,0.8351441,0.8407335,0.8116779,0.5693793,0.9389885,0.6938061,0.9894989,0.6403349,0.9505393,0.8979211,0.7808795,0.6711919,0.5657289,0.03087826,0.2534314,0.7288071,0.8004186,0.8383545,0.1251932,0.05378204,0.9324113,0.0884432,0.6312957,0.6341596,0.005934718,0.916465,0.887013,0.3406892,0.8163085,0.9202256,0.5842164,0.1153247,0.9687921,0.8601915,0.8519875,0.8933851,0.9172961,0.3169273,0.6447228,0.9228073,0.8056086
"PDD70",0.7233073,0.9110749,0.7862652,0.9582867,0.9112934,0.5669805,0.9488292,0.9189969,0.5015765,0.7763661,0.5816832,0.8527873,0.5998459,0.9757959,0.948935,0.9372285,0.2722729,0.4748549,0.83247,0.5341009,0.8092623,0.6491455,0.009445699,0.857096,0.8066091,0.8417772,0.9081434,0.7026062,0.9218171,0.6753342,0.9507992,0.6355912,0.93936,0.8550345,0.8200587,0.6677194,0.6130061,0.01895851,0.1820823,0.803373,0.8988679,0.7960424,0.1556705,0.01717779,0.9736646,0.1148698,0.7345022,0.5222816,0.006742739,0.9235197,0.90912,0.3866388,0.7854143,0.9633429,0.5041452,0.04738297,0.9529129,0.8610372,0.9071306,0.8478172,0.9519517,0.3664949,0.7288303,0.956056,0.8968839
"PD59",0.6492007,0.9582687,0.799842,0.9439646,0.8436211,0.5679834,0.9477345,0.9163113,0.4215721,0.7348463,0.6299708,0.7909806,0.5839864,0.9798595,0.9569138,0.9192967,0.348084,0.5251513,0.8078179,0.3918473,0.7825919,0.6724378,0.008310308,0.8703791,0.8513336,0.8884974,0.8858589,0.6346846,0.9433285,0.6178918,0.9608112,0.6433141,0.9419278,0.8185224,0.8565284,0.67698,0.5333264,0.0304927,0.2483953,0.7206107,0.8610157,0.8226101,0.131036,0.05203567,0.963748,0.0823892,0.660844,0.5087719,0.01103434,0.9225686,0.9200688,0.4378631,0.8926249,0.9403766,0.6825783,0.02249343,0.951195,0.8825443,0.9299775,0.8343384,0.9501956,0.4025986,0.5547031,0.9095763,0.8903973
"PDD28",0.707069,0.9394643,0.8257725,0.9646898,0.8836778,0.5786917,0.9459347,0.9376156,0.4242612,0.4687423,0.693081,0.8832532,0.5609574,0.979484,0.8697455,0.8925367,0.3688223,0.5717993,0.8472916,0.6622384,0.8620896,0.6459885,0.01098769,0.8603261,0.7523301,0.8415344,0.8855243,0.7220154,0.947613,0.7733107,0.9626003,0.6549995,0.9500735,0.9106046,0.7775997,0.6732647,0.7516833,0.02072848,0.2946258,0.7877488,0.8879775,0.8162478,0.07537517,0.03897668,0.9650748,0.09916551,0.6533335,0.6504646,0.008042066,0.9445871,0.9315523,0.4359283,0.9274894,0.9728356,0.7145422,0.1074003,0.9598995,0.8807514,0.8162742,0.8656186,0.9467477,0.4727167,0.719907,0.9411366,0.7286536
"CTRL78",0.6766856,0.9399969,0.8931233,0.9352848,0.8597831,0.5404591,0.9115091,0.9222576,0.4175612,0.8119992,0.6959462,0.8193164,0.6056241,0.9559879,0.929208,0.90756,0.3642767,0.5269398,0.8489806,0.6880445,0.8460369,0.4840573,0.02824863,0.9138105,0.7850833,0.8047267,0.8228857,0.7527593,0.9081739,0.7299687,0.9586204,0.6308158,0.9261078,0.9060408,0.7341345,0.7417017,0.7464034,0.03971989,0.2371926,0.7548484,0.8542284,0.7836867,0.09792355,0.08763903,0.9436113,0.04686071,0.7929958,0.5106604,0.01211034,0.9535735,0.9358648,0.4615335,0.9147859,0.9588251,0.720921,0.100763,0.938936,0.8743471,0.9235381,0.8765892,0.928612,0.4768017,0.7370813,0.8624682,0.8110076
"CTRL64",0.6396345,0.9651616,0.8688778,0.9660354,0.7680848,0.5444023,0.9599814,0.9272862,0.3752231,0.7212652,0.7122179,0.7900848,0.5626695,0.9770208,0.9203497,0.9678818,0.2669514,0.44099,0.7709032,0.5415682,0.7339508,0.58285,0.01742067,0.8895604,0.8398301,0.7822649,0.8999514,0.638186,0.8740925,0.6328505,0.9597608,0.6200988,0.9151572,0.9133506,0.7935368,0.6241865,0.632813,0.02971355,0.1731969,0.6345653,0.8567895,0.8217733,0.1131929,0.04509547,0.9573791,0.07796213,0.7253838,0.5348837,0.01379827,0.9340897,0.9063738,0.4586414,0.8926353,0.9480463,0.6961072,0.06449414,0.9474211,0.8749139,0.8927928,0.7185302,0.9546345,0.4254408,0.6595875,0.9380757,0.8336512
"PD48",0.7088011,0.9440798,0.8115704,0.9664034,0.7880233,0.6055629,0.963605,0.8871813,0.4393993,0.6595104,0.766763,0.7821762,0.4999955,0.9755319,0.9353764,0.9023494,0.3604363,0.4656636,0.822405,0.529479,0.6580564,0.5930855,0.01130632,0.826559,0.8664033,0.8462523,0.8974426,0.6922261,0.9393865,0.5931537,0.9681092,0.5737519,0.902783,0.8535089,0.8890473,0.5876516,0.6504958,0.03430876,0.2031792,0.5204378,0.7621112,0.7458397,0.1438463,0.1595116,0.9622448,0.1440422,0.698965,0.5078788,0.009590918,0.9085368,0.902284,0.4377779,0.8471938,0.9308468,0.5987407,0.06324283,0.9564708,0.8596855,0.8729716,0.7451625,0.9447865,0.3587704,0.6581656,0.9433528,0.8488979
"PD21",0.700624,0.9576976,0.8258804,0.9577572,0.887509,0.6722566,0.9575752,0.9490979,0.410781,0.7937232,0.6232126,0.8987004,0.5655413,0.9766274,0.9394825,0.9193961,0.3835613,0.7187968,0.8330895,0.5158004,0.7484008,0.6057512,0.008418743,0.884711,0.8226152,0.8845936,0.8361849,0.6722073,0.9478212,0.7470007,0.9762267,0.6712816,0.9487825,0.8862989,0.7905608,0.7668156,0.6689494,0.02943379,0.2984439,0.8088556,0.899345,0.7839069,0.1311258,0.06292125,0.9648856,0.08672652,0.6968581,0.6675712,0.007804972,0.9198106,0.9373459,0.4425365,0.9544561,0.9340621,0.6200739,0.1229676,0.9499331,0.8662742,0.9246014,0.8581353,0.9533593,0.3837827,0.7822984,0.9399156,0.8096781
"CTRL95",0.7509477,0.9164791,0.878663,0.9778052,0.8262265,0.5941069,0.9621008,0.9046048,0.4790073,0.778034,0.7242643,0.8071612,0.6214617,0.9829421,0.9219974,0.8551714,0.3763169,0.5337004,0.8548622,0.6548332,0.8200807,0.7582684,0.01377524,0.842258,0.8366553,0.8664612,0.8899176,0.6768374,0.9535043,0.7706056,0.9653131,0.6070076,0.9100247,0.9188467,0.8365871,0.726157,0.5919881,0.03541212,0.2207426,0.7777703,0.8706803,0.8369583,0.08208238,0.2254955,0.9411388,0.1042027,0.750527,0.4621095,0.002013943,0.9029087,0.92069,0.4493097,0.8984547,0.9484246,0.5876289,0.06476876,0.9301614,0.8699639,0.8963925,0.8409732,0.9259867,0.4807426,0.6478379,0.9209931,0.8605141
"CTRL57",0.7413579,0.9155072,0.821615,0.9696227,0.8076431,0.6185948,0.9542062,0.9082367,0.4066056,0.769855,0.701847,0.7963321,0.5629219,0.9783988,0.9525555,0.922702,0.324077,0.4724717,0.7845156,0.5394749,0.7294186,0.6080466,0.01065432,0.8708593,0.8353065,0.8717521,0.8969506,0.6844239,0.9538014,0.6158411,0.9734898,0.622291,0.8836918,0.8737437,0.8375874,0.7182011,0.5446884,0.02109285,0.1695441,0.5414562,0.8448834,0.8141544,0.1007411,0.1030155,0.979542,0.1052383,0.7046392,0.5542895,0.004254164,0.9089531,0.9257687,0.402603,0.8507629,0.9465402,0.4298632,0.06101377,0.9543445,0.859794,0.9011013,0.8009371,0.9685586,0.4434283,0.5472274,0.9331125,0.8982674
"PDD30",0.6859256,0.9338584,0.8172118,0.930833,0.8145596,0.6131358,0.9249844,0.9217632,0.480306,0.7627771,0.6343568,0.8956753,0.6254332,0.9802087,0.9610659,0.8550454,0.314083,0.6180204,0.8283689,0.4449429,0.7318261,0.5760076,0.02269219,0.9146912,0.7646697,0.8860361,0.9057563,0.6283185,0.9317992,0.7125536,0.9758657,0.6194494,0.9397437,0.9113346,0.7999221,0.6763688,0.6112197,0.04919668,0.2094587,0.8020409,0.8495367,0.8471836,0.1820647,0.1163184,0.934053,0.1121544,0.6782747,0.5416518,0.001549267,0.9266136,0.9302424,0.4015222,0.8732624,0.9643893,0.5231576,0.06801128,0.9619764,0.9319161,0.895102,0.8862306,0.9705745,0.3534239,0.6822985,0.9537729,0.8656271
"PDD22",0.6283073,0.9654517,0.8660474,0.9660942,0.8595087,0.6017085,0.9630992,0.9633463,0.4765281,0.7890377,0.5462906,0.9394961,0.5995865,0.9893113,0.9434879,0.9012372,0.3168316,0.7351878,0.8532434,0.3645388,0.8740311,0.6448474,0.007544991,0.8731139,0.8443952,0.8597029,0.8554705,0.6723108,0.9459946,0.7520926,0.9757288,0.6676164,0.9657331,0.8798132,0.8088952,0.7998289,0.6121181,0.01904704,0.1680997,0.8637028,0.8450229,0.8039058,0.1178227,0.03262586,0.9727147,0.1330132,0.6752081,0.6545455,0.01135598,0.9145372,0.9504113,0.4142643,0.9050136,0.9569598,0.5833134,0.1094461,0.9644042,0.8376797,0.9034312,0.9321929,0.9635444,0.3510652,0.7046773,0.9475095,0.8712968
"DLB15",0.6888506,0.9510041,0.7943919,0.9422755,0.9088716,0.546587,0.9372532,0.9485231,0.3804289,0.7913801,0.5832291,0.8688389,0.5741881,0.9796847,0.8776973,0.8861694,0.277774,0.5930481,0.8332799,0.5784876,0.7559309,0.5872914,0.02141224,0.8824043,0.7426125,0.8802568,0.8934845,0.5869115,0.9243867,0.6843306,0.9713277,0.6413951,0.9231595,0.884097,0.7378797,0.7811515,0.638658,0.03011632,0.299524,0.6882421,0.8281128,0.7790834,0.08262436,0.04579076,0.9715451,0.05277003,0.6247259,0.5875831,0.0235732,0.9164126,0.9200156,0.4310399,0.9313783,0.9413212,0.6496369,0.1355142,0.9287727,0.852485,0.8106172,0.8351315,0.9472812,0.2828699,0.6657854,0.9322688,0.755469
"PD50",0.7439557,0.916528,0.8242328,0.9599682,0.8751811,0.6194418,0.9614215,0.9262178,0.4472462,0.7318107,0.7056027,0.8490408,0.606217,0.9776607,0.9565707,0.9329761,0.302571,0.4989064,0.7605141,0.5031956,0.7795394,0.6507337,0.0103971,0.8831466,0.8673788,0.9141589,0.8886985,0.6365729,0.9374527,0.622991,0.9774808,0.6583702,0.9095351,0.900453,0.7926832,0.6631238,0.5633289,0.03576613,0.1673638,0.6960127,0.8564493,0.8008003,0.1112757,0.1342572,0.9390774,0.1173985,0.638898,0.5280253,0.01008386,0.9061479,0.9246608,0.4167343,0.9405423,0.9426533,0.5668805,0.08507448,0.9468749,0.8827513,0.8770332,0.827944,0.9380078,0.4016757,0.6475241,0.9433886,0.8504362
"CTRL29",0.5318869,0.9318551,0.8028186,0.9177673,0.8249764,0.5845625,0.9631974,0.9283147,0.4170671,0.6665052,0.5260311,0.9030278,0.5354154,0.991547,0.9607017,0.7361741,0.2569257,0.6023076,0.8342986,0.1671498,0.8158405,0.6441524,0.01015979,0.8002039,0.8323859,0.8281697,0.790114,0.566224,0.9763861,0.6198154,0.9589231,0.6460454,0.9195306,0.9190992,0.8660054,0.6424524,0.5202261,0.01645914,0.1490545,0.6915529,0.7878171,0.7455902,0.2470497,0.05861887,0.9673784,0.213733,0.5992956,0.7127887,0.0007902461,0.8768862,0.8891138,0.3599326,0.8607048,0.8904124,0.6001884,0.05808985,0.970496,0.710782,0.8034908,0.8903476,0.956359,0.2786176,0.6565185,0.9112853,0.7972608
"PDD54",0.7569127,0.9481418,0.8285735,0.9855992,0.8352204,0.6808575,0.9532345,0.9286887,0.4417492,0.7568279,0.5988058,0.8809447,0.5844499,0.9595885,0.9437202,0.9230432,0.3513084,0.6158314,0.8437606,0.4327809,0.8012119,0.6818784,0.01062343,0.8724813,0.8352064,0.8996498,0.8909112,0.6477794,0.924661,0.7044152,0.9445557,0.6466892,0.9451346,0.9224526,0.8601989,0.7417133,0.6491995,0.02134322,0.2092206,0.7512668,0.8711009,0.8522545,0.09198923,0.06544068,0.9674507,0.0905805,0.6847865,0.6109491,0.003584586,0.9136565,0.932859,0.3433633,0.9186364,0.9324722,0.5839196,0.1873171,0.9506372,0.8145804,0.86405,0.8449491,0.9405649,0.33027,0.7038548,0.9458044,0.855278
"PDD27",0.6629053,0.9338239,0.8621507,0.9711641,0.8161924,0.5593369,0.9533659,0.9198253,0.5107241,0.7588487,0.7016895,0.8050607,0.5543695,0.9792014,0.9334648,0.9030891,0.3925982,0.5437035,0.8300178,0.4281212,0.8266057,0.595942,0.01732347,0.9252114,0.9150356,0.8584909,0.92201,0.725557,0.931799,0.6340241,0.9626802,0.6474047,0.9587418,0.8973179,0.8423086,0.7824013,0.4932194,0.03131766,0.1528298,0.7064719,0.8775224,0.8227564,0.08196203,0.1772389,0.980985,0.154676,0.7571388,0.4817554,0.006331117,0.9310981,0.9212401,0.4532245,0.9179722,0.9459502,0.7085448,0.05166982,0.9598796,0.8949013,0.9311226,0.8983968,0.9366357,0.3978485,0.5334894,0.9527135,0.9132623
"DLB24",0.6745005,0.9378102,0.8429932,0.9667369,0.8175665,0.6474947,0.9113004,0.9496262,0.4586238,0.7455235,0.602785,0.9282381,0.5050903,0.9730935,0.9433273,0.9230598,0.3571539,0.6752629,0.8675896,0.4252501,0.8503831,0.5233364,0.01998269,0.8612816,0.8148665,0.8532879,0.8388921,0.6039024,0.9275833,0.6791496,0.9714841,0.6101434,0.9391741,0.9143184,0.8086536,0.6951971,0.5735773,0.03275698,0.1802097,0.7797533,0.8799803,0.8193313,0.1027875,0.1126207,0.9371354,0.08926127,0.702044,0.5762411,0.02119327,0.9209918,0.9090683,0.3845034,0.8594245,0.9614952,0.5362845,0.08801299,0.9428321,0.8216249,0.9584799,0.8827813,0.9240786,0.304802,0.650731,0.9500345,0.8557075
"PD23",0.6777293,0.9476509,0.8455862,0.9430869,0.8661348,0.5936257,0.9343369,0.9196957,0.489614,0.7873921,0.6258937,0.8248868,0.6410291,0.9888469,0.944562,0.8825764,0.2652603,0.5948239,0.7995875,0.4622927,0.8242601,0.606958,0.009193433,0.9152194,0.8379401,0.8891114,0.9042006,0.7013625,0.9683594,0.6271268,0.9792396,0.5976349,0.9538389,0.8996292,0.8466859,0.7446166,0.5679711,0.01950617,0.2697161,0.7451318,0.9222535,0.7742998,0.1123327,0.03981714,0.959143,0.09801211,0.6826247,0.5171995,0.01276371,0.9115528,0.9251474,0.4262799,0.8821337,0.9602327,0.6755034,0.08843934,0.9697103,0.859795,0.9342934,0.9009294,0.9421281,0.4261608,0.6901595,0.952589,0.8792157
"PD30",0.7444362,0.9176784,0.7859406,0.9688452,0.8678032,0.5770261,0.9531171,0.921298,0.4679978,0.7481327,0.6884221,0.816406,0.6433792,0.9839565,0.9404874,0.8739131,0.3383161,0.5822218,0.7939407,0.5837408,0.7806713,0.6760163,0.01181641,0.9000557,0.8338537,0.8227736,0.8737539,0.7076942,0.9496596,0.7282947,0.9511612,0.6372392,0.8989626,0.8435474,0.877256,0.7272618,0.6156687,0.03023916,0.1930151,0.6628369,0.850455,0.8504873,0.128162,0.08953658,0.9664112,0.1097866,0.6581986,0.4745702,0.01355774,0.9229339,0.9139962,0.4058702,0.9167086,0.9522909,0.5305671,0.05349902,0.9314069,0.8793336,0.9090053,0.7785637,0.9668228,0.4451317,0.7146086,0.9428077,0.8618344
"PDD15",0.6653586,0.9398281,0.8580915,0.9600102,0.8533831,0.7131103,0.9422748,0.943372,0.4552319,0.7841792,0.5872101,0.8897191,0.575839,0.9582908,0.9179535,0.9047741,0.2808482,0.580768,0.8812845,0.3625269,0.8521497,0.481237,0.02106591,0.910171,0.8448306,0.9116084,0.8547346,0.7213795,0.9038198,0.7105461,0.96355,0.6251854,0.9584445,0.8885362,0.587718,0.6843321,0.6376432,0.03438465,0.163993,0.7598516,0.9133478,0.8363239,0.1268207,0.07254663,0.9385311,0.09997152,0.6796468,0.580118,0.02080344,0.9136614,0.9218058,0.4947104,0.9403815,0.9781345,0.4572585,0.102751,0.9320428,0.9026325,0.9351656,0.79634,0.9313958,0.3583963,0.7188629,0.9438068,0.8624181
"CTRL50",0.708338,0.9281776,0.873486,0.9658545,0.7987893,0.6049214,0.978311,0.9414412,0.5019864,0.7712921,0.7150819,0.9054362,0.5327119,0.9976875,0.9690723,0.8837459,0.3315036,0.5870675,0.8213711,0.5168874,0.775564,0.6811554,0.01186879,0.8388904,0.8561536,0.8086214,0.9108762,0.6619073,0.9635298,0.6147709,0.9716782,0.6080999,0.932123,0.9155711,0.9377911,0.7021437,0.571609,0.02229341,0.1742159,0.6927734,0.8162461,0.8474838,0.1333564,0.08034844,0.9596374,0.1239608,0.6945002,0.5465711,0.01114907,0.9290512,0.9197926,0.3997603,0.9142086,0.932804,0.5684138,0.07415445,0.9753104,0.8093671,0.9063429,0.8843686,0.963951,0.350695,0.606035,0.9312812,0.8471877
"CTRL93",0.7612188,0.9132955,0.8774844,0.966042,0.7805356,0.5560035,0.960561,0.9431649,0.4643536,0.7648337,0.7919101,0.8249639,0.5155842,0.9879278,0.9505871,0.9456765,0.3965703,0.5685657,0.8197496,0.5123775,0.7880961,0.6703725,0.009057828,0.8016614,0.9146854,0.8257356,0.8716537,0.7240122,0.9544745,0.7895802,0.9725332,0.5809763,0.8705706,0.9342825,0.832994,0.6789678,0.6430156,0.02966164,0.1364307,0.6536737,0.8515447,0.6724628,0.1363744,0.1729944,0.9790202,0.1188254,0.7685975,0.565828,0.007456504,0.9247427,0.9035775,0.466803,0.8997357,0.9390748,0.7184402,0.03518401,0.9627681,0.7978985,0.9416478,0.8730791,0.9545623,0.4478971,0.6539678,0.8889598,0.933429
"PDD35",0.7056873,0.9215452,0.7745745,0.9676105,0.8382281,0.4703185,0.9386619,0.9570467,0.3891977,0.7916429,0.6925344,0.8166948,0.6285704,0.9758611,0.9143055,0.9040854,0.3767779,0.5115815,0.7567769,0.510143,0.7583908,0.4707433,0.0142236,0.8406765,0.7906108,0.884675,0.8868786,0.7447029,0.9522238,0.7691385,0.9576756,0.6377659,0.927827,0.8484286,0.7810882,0.6919217,0.6597059,0.04033626,0.2965111,0.7820505,0.9229241,0.8038733,0.08845303,0.06596889,0.9637291,0.05466296,0.5727594,0.6205932,0.01273311,0.8859418,0.9209324,0.3515036,0.8976766,0.9617025,0.6527254,0.1115399,0.9288553,0.826461,0.8033493,0.8225717,0.9633034,0.4130283,0.69914,0.9036108,0.7868949
"CTRL73",0.6763996,0.9363414,0.8867617,0.9521799,0.863465,0.5665683,0.929093,0.9298633,0.4132278,0.7713313,0.7565082,0.7117908,0.5944152,0.958757,0.9490141,0.9040122,0.3079256,0.4925149,0.7256718,0.4367892,0.7180466,0.5061915,0.01501294,0.8861154,0.8705052,0.9130078,0.9113538,0.6174994,0.8958764,0.6221322,0.9564759,0.5938213,0.8982842,0.8950582,0.8053802,0.6552676,0.5436058,0.02379584,0.2241253,0.7571716,0.7978535,0.7779622,0.1111111,0.1745693,0.9430979,0.07571941,0.6962607,0.4901347,0.009946602,0.9130781,0.9118977,0.4835213,0.892079,0.9551265,0.7571477,0.0651067,0.9295362,0.8722535,0.921192,0.9165282,0.9449145,0.4028105,0.5710267,0.9352262,0.8481233
"PDD6",0.7357606,0.9313731,0.7933996,0.9762044,0.8912335,0.546658,0.9683395,0.9575013,0.3990806,0.7771029,0.6656739,0.948846,0.5999576,0.9784783,0.8487538,0.8963976,0.3639077,0.7355243,0.8310997,0.6463772,0.8604984,0.7520334,0.009358212,0.8785503,0.7680938,0.9237148,0.8718229,0.773578,0.9482895,0.7725011,0.9768969,0.6569867,0.946316,0.9318789,0.8437631,0.7481882,0.708523,0.02470729,0.299067,0.8583697,0.8651931,0.8292715,0.1167163,0.1281858,0.9539469,0.1024354,0.6517695,0.6724739,0.006316767,0.9265942,0.9302663,0.3550076,0.9126766,0.9571846,0.8430417,0.2084743,0.9444873,0.8315444,0.7817592,0.8995796,0.9620604,0.4395692,0.7510927,0.9097554,0.6796281
"CTRL13",0.6620391,0.9057522,0.7713706,0.9679551,0.7335398,0.5157264,0.9737381,0.8259529,0.4175717,0.7344076,0.735459,0.794044,0.4864577,0.9863696,0.9574767,0.8490366,0.3683841,0.4634881,0.7702757,0.4514461,0.7163146,0.5273,0.01320699,0.7985592,0.8780021,0.846779,0.7920994,0.6443754,0.9209465,0.5694025,0.9698164,0.5978003,0.8803055,0.9049381,0.8437167,0.6082684,0.4910663,0.02896478,0.2133395,0.563202,0.7910502,0.7879487,0.163585,0.1518975,0.9607157,0.1026802,0.6959696,0.5508514,0.01229793,0.8717055,0.8719456,0.4453622,0.8242848,0.9360492,0.7813678,0.07530939,0.9385207,0.8178301,0.9093383,0.9085386,0.9581657,0.3883582,0.5915477,0.9078557,0.8619978
"PDD73",0.7604459,0.9613885,0.8248254,0.9513718,0.9417231,0.6904101,0.9242374,0.9507983,0.4479388,0.8029053,0.6721917,0.846898,0.5942502,0.9688353,0.9704652,0.9413278,0.3185009,0.583409,0.9125666,0.5260952,0.8574227,0.5524672,0.009841815,0.9311978,0.9590501,0.9013906,0.9178252,0.680705,0.9290989,0.7220805,0.9693123,0.6939174,0.953934,0.8827535,0.7942018,0.8259803,0.6628961,0.01478653,0.09481293,0.8175739,0.9290771,0.9068788,0.0670178,0.05295283,0.9567663,0.05344053,0.6568499,0.5272136,0.007470165,0.9531255,0.9284388,0.3542851,0.9124404,0.9686759,0.4855226,0.07373024,0.9426187,0.9424773,0.9284459,0.8770833,0.9018679,0.4503798,0.6972002,0.9667369,0.9342914
"CTRL81",0.6572741,0.9111866,0.8751636,0.9633715,0.8137789,0.559404,0.9387698,0.9343584,0.4677913,0.7683587,0.7980765,0.8151002,0.595606,0.9754316,0.9368468,0.9095855,0.3500439,0.4889288,0.8154666,0.4632181,0.7237423,0.5979262,0.01038046,0.8643487,0.8726389,0.8624464,0.89691,0.7284902,0.9377442,0.6801383,0.973817,0.6268393,0.9357627,0.954345,0.838361,0.6528503,0.6079642,0.02291468,0.1876105,0.7483304,0.7839956,0.7508333,0.1334744,0.1880053,0.9797141,0.1230867,0.7079028,0.4922657,0.007020152,0.931401,0.9398889,0.4690297,0.9423868,0.9328158,0.8149643,0.03889202,0.973759,0.8260384,0.8641395,0.8883095,0.9560712,0.4331522,0.6194844,0.9054392,0.8911534
"CTRL33",0.6614031,0.9041689,0.8766226,0.9808221,0.8516944,0.6757018,0.9474002,0.8891257,0.4685064,0.4208594,0.7368289,0.8468059,0.5860638,0.9733856,0.9543531,0.8930087,0.3681859,0.5861,0.7569352,0.5647897,0.7048593,0.6971674,0.0147507,0.8655306,0.8497918,0.8275211,0.8840534,0.6710311,0.9292428,0.6880101,0.964212,0.588378,0.894727,0.9101957,0.8480017,0.6491734,0.5476373,0.03276148,0.1504451,0.6294327,0.8563469,0.81383,0.1218366,0.1660613,0.9509205,0.1038825,0.7691792,0.4808917,0.006169793,0.885564,0.9000377,0.4617676,0.8717626,0.9441526,0.7382698,0.05149931,0.9517255,0.8853904,0.9107943,0.8154107,0.9437173,0.4422103,0.6244439,0.8904143,0.843557
"PDD49",0.6615423,0.9237777,0.7925308,0.9349129,0.7789243,0.6087916,0.9391786,0.9380455,0.4397006,0.6956638,0.5773441,0.9036298,0.5474317,0.9473267,0.8984917,0.9133396,0.2733204,0.7045907,0.8626248,0.3795584,0.8209768,0.6406835,0.003060199,0.8398463,0.8683713,0.8649225,0.8522702,0.5349142,0.9579209,0.6503427,0.9609582,0.662888,0.9528322,0.9102948,0.8326749,0.7057333,0.6279881,0.02467617,0.2050007,0.8185023,0.7601692,0.8169046,0.1740581,0.08903214,0.969147,0.1100962,0.6097037,0.4489103,0.006821282,0.9115638,0.8951249,0.3183649,0.9244156,0.9417792,0.3721258,0.1232969,0.9683067,0.8374344,0.8943252,0.8576047,0.9475951,0.2360753,0.701685,0.9428193,0.8418184
"PD27",0.7520254,0.9070984,0.8834607,0.9633558,0.8388099,0.5939185,0.9492389,0.9286202,0.4848884,0.7684094,0.6455599,0.9026633,0.5954303,0.9673418,0.9555879,0.8834156,0.4004929,0.6824854,0.7464014,0.4199732,0.7990452,0.5762958,0.01939218,0.8335965,0.8440744,0.8379658,0.8564688,0.6613491,0.9433603,0.6511397,0.9800814,0.6006965,0.9338653,0.8830789,0.8695713,0.6892718,0.6236413,0.03158716,0.2638114,0.7167585,0.8650321,0.7529755,0.1122355,0.1986179,0.9537613,0.1236022,0.6417568,0.6262534,0.01162547,0.9127337,0.9222219,0.4265416,0.9305046,0.9339441,0.6442065,0.07550882,0.9655037,0.7825498,0.9088371,0.9130828,0.9195489,0.4342792,0.6149479,0.9196714,0.9010766
"PDD4",0.7078142,0.9324419,0.8513229,0.9550974,0.8771016,0.6681315,0.9539527,0.9409924,0.4779333,0.7593854,0.6687701,0.8768187,0.5374719,0.9470724,0.8919456,0.9181673,0.3430839,0.6784235,0.7864128,0.5236028,0.8727864,0.6136769,0.02205151,0.9205675,0.8796733,0.9052682,0.8994524,0.7484251,0.9011333,0.7208197,0.9486866,0.6380396,0.937199,0.889786,0.8268603,0.7752306,0.6092275,0.03857661,0.1623899,0.7957118,0.916483,0.7952287,0.1470588,0.1112766,0.9566614,0.1043602,0.7538972,0.56,0.02475309,0.9159509,0.9202913,0.4097458,0.8665558,0.969588,0.5201527,0.1379218,0.9056925,0.9110359,0.907921,0.8549112,0.9359836,0.3624808,0.6856352,0.9473706,0.8078527
"PD58",0.7164503,0.9270865,0.7993109,0.9819207,0.8328962,0.6567292,0.946183,0.9485151,0.4542527,0.7784187,0.7083528,0.865123,0.5906147,0.9727425,0.9569836,0.8965684,0.3497133,0.7184105,0.7888758,0.4675049,0.8607221,0.5749396,0.0009200491,0.8845396,0.8121544,0.9203476,0.8774077,0.6619919,0.9266842,0.7086073,0.9767669,0.6063318,0.9396234,0.9336321,0.8340704,0.782448,0.6161979,0.01628094,0.2384248,0.7960471,0.8934417,0.8471038,0.1240754,0.08870563,0.9752731,0.1059783,0.6469831,0.6683292,0.008723088,0.9271081,0.9230148,0.3446652,0.886382,0.9691895,0.4372707,0.1017786,0.9568544,0.8766087,0.9057318,0.8551899,0.9711204,0.3345113,0.7139596,0.9519548,0.8700127
"CTRL85",0.644826,0.9194476,0.7612295,0.9446424,0.8794897,0.6492734,0.9547667,0.9429933,0.4398385,0.763692,0.6141154,0.912698,0.539589,0.9686541,0.9465635,0.9183115,0.2413331,0.5692205,0.8579125,0.4555666,0.7948528,0.5498087,0.01587174,0.9143567,0.8558868,0.8773147,0.8963125,0.7291142,0.9464799,0.5932483,0.976608,0.6555684,0.9390712,0.9262878,0.8582163,0.7076016,0.5578536,0.02052706,0.1805274,0.7979826,0.85902,0.8362872,0.1408659,0.08272877,0.9552176,0.0809443,0.5826925,0.5618361,0.01392954,0.9304498,0.8887487,0.3723662,0.8674832,0.9630561,0.5011452,0.04566259,0.9538403,0.9093746,0.9197642,0.8768872,0.9110143,0.3105728,0.6674592,0.9610062,0.8668096
"PD52",0.5961472,0.9402919,0.8543939,0.9226341,0.8115738,0.6134434,0.9358754,0.949611,0.4909216,0.7667204,0.6047728,0.9352699,0.6109181,0.987365,0.950611,0.8990401,0.3367151,0.687608,0.8296162,0.4858659,0.9007046,0.5577431,0.006219019,0.8558057,0.830564,0.8909955,0.8903933,0.63242,0.9545497,0.8145359,0.968193,0.654474,0.9606582,0.951458,0.8217175,0.7591302,0.5949087,0.02273726,0.1632614,0.8538354,0.8083567,0.8193174,0.1564093,0.07932859,0.9575599,0.1205518,0.6549793,0.6572808,0.008519318,0.9224049,0.9227637,0.3324922,0.8857904,0.9382193,0.7364823,0.0932208,0.9499524,0.7661754,0.8848339,0.9092571,0.9513652,0.3448244,0.7202751,0.9448245,0.8619994
"PD60",0.7769313,0.9717857,0.8388379,0.9501158,0.876384,0.6305316,0.9760903,0.9126728,0.3841917,0.8066635,0.666507,0.8137548,0.6383498,0.9876923,0.9298191,0.9212405,0.3496385,0.5661728,0.7751162,0.5667007,0.7609372,0.6379344,0.01281719,0.8660181,0.7851327,0.8651506,0.8927224,0.6831944,0.9296545,0.6608018,0.9724575,0.6485432,0.9317139,0.9091969,0.8784302,0.7243294,0.6615321,0.02474377,0.2639501,0.7885595,0.8641328,0.8639647,0.09346864,0.08296897,0.9625994,0.1205361,0.6413779,0.46614,0.007532627,0.9328225,0.9703889,0.394919,0.9538083,0.9502755,0.6214719,0.1046643,0.9422288,0.8592372,0.8074643,0.8326043,0.9603174,0.3643932,0.6616928,0.9293551,0.8141673
"PD61",0.6861185,0.9236826,0.7963147,0.9782993,0.8095195,0.6235771,0.9742231,0.9035741,0.421734,0.7305399,0.7025283,0.8831147,0.6009358,0.9652827,0.964315,0.9332183,0.2938685,0.53608,0.7310336,0.5194194,0.7156805,0.5016431,0.01130038,0.8649454,0.8367583,0.871157,0.8558331,0.6332673,0.9352145,0.6242118,0.9790714,0.6372643,0.9081363,0.9128015,0.8052236,0.7043041,0.6190887,0.01966821,0.1861191,0.7275328,0.8015602,0.7595106,0.1516401,0.09805865,0.9647863,0.1176383,0.630594,0.4412586,0.01058247,0.9473095,0.9192701,0.3885502,0.9023034,0.9386609,0.5711207,0.05587862,0.9237953,0.8516137,0.8898426,0.8398262,0.9386487,0.3425571,0.587512,0.9111954,0.8223185
"CTRL11",0.5923826,0.9451969,0.8771816,0.9598126,0.8343887,0.6231595,0.9574204,0.934216,0.5062873,0.7639806,0.6499889,0.8865523,0.5421005,0.989567,0.9473253,0.9145797,0.3584968,0.7273934,0.8167723,0.5321492,0.8173748,0.5355189,0.01119633,0.8572321,0.9138639,0.9233786,0.8975462,0.6449904,0.9504228,0.6483577,0.9567557,0.6241837,0.9475631,0.8925141,0.8306079,0.8055513,0.5942119,0.03136907,0.1316593,0.7690831,0.8557912,0.7267793,0.1873224,0.1460743,0.946079,0.1025195,0.6904223,0.6455806,0.005106127,0.9165683,0.9255948,0.4268298,0.9399527,0.9619233,0.796068,0.06081874,0.9516123,0.8387246,0.9300538,0.886732,0.9230259,0.464559,0.6097726,0.9240205,0.9303146
"CTRL40",0.7539361,0.924339,0.8905081,0.959878,0.8320733,0.6653833,0.9668735,0.8863694,0.4844127,0.7551746,0.7308903,0.8350273,0.5713458,0.9803891,0.9656737,0.9093264,0.3437803,0.5071527,0.7321835,0.5439645,0.7627641,0.6911753,0.01878637,0.9154219,0.8710183,0.843991,0.9179837,0.7105477,0.9525362,0.6612333,0.955324,0.607307,0.8827577,0.9343569,0.8500345,0.6900114,0.598537,0.02368631,0.07201691,0.6539699,0.8717057,0.8402685,0.1394187,0.1780681,0.9754702,0.1416106,0.7242162,0.4313947,0.007015246,0.908663,0.9312293,0.4208339,0.8973157,0.9379156,0.6566693,0.07262673,0.9504885,0.8561977,0.9185489,0.8756017,0.9432813,0.5206534,0.6079581,0.9428706,0.8794079
"DLB35",0.7481375,0.952391,0.8883717,0.9772198,0.8427869,0.6608396,0.9667113,0.9146961,0.4714176,0.7118683,0.6769786,0.7944983,0.5551259,0.9486878,0.9472404,0.9236438,0.3543754,0.593219,0.8267442,0.537868,0.7555094,0.5960128,0.02036488,0.881899,0.8663536,0.877647,0.8680549,0.6716302,0.9321197,0.7445216,0.9802768,0.6008183,0.9256309,0.8745079,0.844249,0.724496,0.6028984,0.04216286,0.1925987,0.6855414,0.8620829,0.8066432,0.1543476,0.061486,0.9710252,0.1303225,0.6988271,0.5689927,0.01392758,0.9212074,0.9106368,0.422435,0.8813981,0.9235394,0.6322726,0.07264111,0.9363166,0.8677407,0.9097764,0.8165753,0.9248908,0.3483224,0.6732009,0.9489147,0.8699917
"PD9",0.7329142,0.9306561,0.8360218,0.9192146,0.896603,0.6399305,0.9309978,0.9407446,0.4543751,0.7224409,0.6858464,0.8443583,0.4821851,0.9282316,0.9285336,0.9283734,0.3598426,0.5316857,0.7577459,0.5058682,0.8048516,0.6365673,0.01825157,0.9161099,0.8328271,0.8794865,0.8555738,0.7304377,0.9527326,0.7191571,0.9318517,0.6468841,0.8780518,0.9257409,0.7273427,0.7625338,0.5626346,0.02825885,0.175109,0.7116421,0.8580204,0.7971739,0.1651835,0.1773794,0.9535792,0.10477,0.7070031,0.5502501,0.01884058,0.9287463,0.9361866,0.384263,0.948499,0.9475052,0.7612955,0.1269793,0.94844,0.9015395,0.9108279,0.8698405,0.9104242,0.4221697,0.640979,0.9046211,0.8782
"CTRL79",0.6494602,0.9397866,0.9017182,0.9409873,0.8498877,0.6015978,0.9200048,0.9502789,0.3930392,0.8226161,0.6815751,0.8649134,0.4976918,0.9876166,0.9302654,0.8750767,0.3612014,0.4963456,0.7718915,0.4835114,0.7581413,0.5892604,0.01639318,0.8907715,0.9155943,0.8680213,0.8559994,0.7609722,0.9074051,0.6353119,0.9852812,0.642882,0.9166238,0.9191467,0.8319775,0.6628295,0.5320467,0.03242127,0.1005395,0.736938,0.9023263,0.8286975,0.05083902,0.0984397,0.9424466,0.04592458,0.7008481,0.5795702,0.005547379,0.9551726,0.9222759,0.3670023,0.8749536,0.9639333,0.6677572,0.05708862,0.9644977,0.9128674,0.8999609,0.9076718,0.966125,0.3263951,0.6669442,0.9320891,0.9142346
"PDD61",0.7471504,0.954291,0.7875974,0.9810535,0.8188884,0.6030721,0.9552739,0.8871357,0.422569,0.7194038,0.767843,0.8170923,0.6152728,0.9651435,0.9506598,0.9225891,0.3302314,0.5659868,0.781878,0.5049925,0.7154835,0.5974158,0.01479632,0.8813882,0.8655715,0.8509931,0.8462108,0.6799915,0.9381578,0.6520683,0.9867629,0.6378997,0.898322,0.868638,0.8543764,0.6613676,0.629155,0.02700325,0.2236722,0.6783537,0.7993217,0.8485423,0.1635691,0.06263856,0.9608563,0.1307108,0.6872813,0.5281782,0.01291838,0.891926,0.9102933,0.4279396,0.8803431,0.9159631,0.5421078,0.0463504,0.9458989,0.9149346,0.8935215,0.783324,0.9595447,0.4189507,0.6871729,0.9159185,0.8694523
"PD56",0.7375038,0.9627046,0.8638833,0.9638962,0.8554986,0.6385231,0.9369025,0.9208049,0.4480966,0.768111,0.7663501,0.852132,0.5413819,0.974833,0.9636514,0.9103279,0.3318562,0.5712342,0.8552835,0.5784626,0.7893246,0.616245,0.02007764,0.861327,0.8833068,0.8878994,0.8936217,0.749248,0.9481547,0.746629,0.9809001,0.6520888,0.9338207,0.9267404,0.8195642,0.6911213,0.5700042,0.01535491,0.1552703,0.6674682,0.8666598,0.8301149,0.08017141,0.07446513,0.97828,0.08354792,0.6789165,0.5615543,0.003157375,0.9582565,0.9395328,0.4286623,0.8841108,0.9628887,0.5042553,0.09275614,0.9454063,0.8986966,0.9248541,0.8292088,0.9625685,0.3491242,0.7078094,0.9605125,0.8953304
"CTRL55",0.7523977,0.9230546,0.9078163,0.9533286,0.8006342,0.6069096,0.9463603,0.9050749,0.496022,0.7810066,0.8292855,0.7967012,0.582343,0.9761514,0.9409233,0.9049916,0.3664702,0.542736,0.7628341,0.5017793,0.7715802,0.5182702,0.01744676,0.8052835,0.8729149,0.831383,0.8191273,0.7144952,0.9466402,0.6060803,0.9744286,0.5765857,0.893966,0.9143343,0.9147192,0.6739354,0.5380631,0.03585457,0.1709531,0.6385378,0.8359847,0.8200644,0.1155182,0.1769864,0.9761581,0.1579353,0.6549523,0.4650995,0.004177546,0.8916274,0.9307903,0.4642842,0.8922945,0.8854885,0.6581317,0.0738566,0.9637591,0.8412489,0.9424684,0.8947926,0.939846,0.5169692,0.61912,0.9216823,0.8582173
"CTRL37",0.5609958,0.9546623,0.8877825,0.931138,0.7736117,0.6630887,0.9473543,0.9544222,0.5225489,0.4473928,0.6547151,0.9286922,0.660713,0.9812634,0.9569997,0.8882451,0.321061,0.697455,0.8421961,0.3888124,0.8552217,0.5602342,0.01076051,0.8700094,0.83505,0.9054279,0.8616776,0.6743356,0.9570184,0.6404068,0.9433742,0.6680125,0.9362969,0.9166744,0.898806,0.7731644,0.6488916,0.01498672,0.1220377,0.818434,0.711443,0.8628689,0.161526,0.08003409,0.9815022,0.1087322,0.6465172,0.659115,0.01111537,0.9013993,0.9162665,0.2723972,0.8919745,0.9287008,0.6480538,0.1211617,0.9690658,0.7806977,0.8785191,0.9122942,0.9293747,0.3171202,0.7817115,0.9504336,0.87906
"CTRL82",0.708973,0.9268013,0.8083273,0.9677364,0.8095499,0.6410539,0.9658771,0.947551,0.411063,0.7845651,0.6342477,0.8164284,0.557197,0.9598676,0.952455,0.9321434,0.2687043,0.5345803,0.7997896,0.5019364,0.7211418,0.5890858,0.009700635,0.86987,0.8491985,0.9047882,0.8506657,0.750809,0.9279627,0.6313132,0.9628755,0.646936,0.9222074,0.9071359,0.8757886,0.7116319,0.6083475,0.01745652,0.1149645,0.713603,0.8324736,0.8309062,0.1484077,0.09296853,0.9635785,0.1107915,0.6837185,0.4517251,0.0005302789,0.9165051,0.9075236,0.3785184,0.8665569,0.9540503,0.5712452,0.03650616,0.9556178,0.8737703,0.9523029,0.8525081,0.9737173,0.3883873,0.5488545,0.9249469,0.8907841
"CTRL32",0.7159735,0.9556582,0.8902838,0.9259849,0.8719634,0.75058,0.9455124,0.9571681,0.551991,0.7166692,0.6430897,0.9264698,0.6244367,0.9716229,0.9558356,0.9109322,0.3671887,0.7618948,0.8663999,0.4256914,0.8975952,0.6418582,0.01956417,0.8717309,0.8625517,0.9252016,0.9023791,0.7701126,0.9415174,0.7098222,0.9710865,0.6861629,0.9444171,0.9134869,0.8558229,0.7754235,0.6193628,0.02284644,0.1277555,0.8436544,0.8197509,0.7800872,0.1759178,0.098087,0.948075,0.105536,0.5902188,0.7090571,0.0111968,0.8803814,0.931007,0.3496344,0.8934653,0.9553458,0.6791531,0.1918572,0.9663331,0.8124534,0.9158755,0.9006336,0.9037561,0.3565717,0.7633395,0.9138216,0.9081301
"PD2",0.6589165,0.9307078,0.8815252,0.9439579,0.876959,0.7200548,0.9383324,0.9420134,0.5359688,0.7853489,0.7029915,0.90986,0.6945255,0.943801,0.9277164,0.9109744,0.3280423,0.656573,0.9086277,0.5077526,0.8903651,0.5564618,0.03444994,0.9099509,0.8444548,0.8922289,0.9023255,0.6682255,0.9244128,0.8052221,0.9572992,0.6583903,0.9406029,0.8946628,0.7929132,0.8264188,0.6709287,0.04675202,0.1762096,0.8291813,0.8714098,0.8835116,0.1993804,0.0399404,0.9485917,0.1237177,0.7210565,0.592283,0.01445523,0.9352999,0.947035,0.3565768,0.8813105,0.9479447,0.5494576,0.1529539,0.9301994,0.8703528,0.8924103,0.842927,0.9095913,0.4053944,0.7802269,0.9560159,0.8789561
"PD54",0.6639191,0.9173036,0.8593442,0.9825531,0.8883837,0.605661,0.9542828,0.8938915,0.4405097,0.7698083,0.5932959,0.8794679,0.5422415,0.9865394,0.9561187,0.8990825,0.2992236,0.5203551,0.7590806,0.5224551,0.7806423,0.6888134,0.00554055,0.8875178,0.8548864,0.8817072,0.9134845,0.6255551,0.9402183,0.6227386,0.9849364,0.5850235,0.9028821,0.9068124,0.8275091,0.7433148,0.5171082,0.02088195,0.1923114,0.7922335,0.8508433,0.8060762,0.1221589,0.05915798,0.9756552,0.1243657,0.679692,0.5390676,0.008233982,0.9111634,0.9272868,0.4208033,0.8385221,0.9303285,0.7934343,0.07732588,0.9360172,0.8490751,0.8540397,0.9259574,0.9717932,0.4367858,0.6197773,0.9175635,0.876012
"CTRL48",0.6523203,0.90375,0.8234618,0.9702671,0.7772307,0.5150948,0.9533306,0.9071469,0.411608,0.6580758,0.795764,0.7667532,0.491528,0.9856331,0.9333116,0.9253939,0.363792,0.4803109,0.7777109,0.5234224,0.7377238,0.5314623,0.01609486,0.8602268,0.8799021,0.8657519,0.878471,0.687192,0.9321951,0.5965496,0.9628942,0.600952,0.9022068,0.9002141,0.8066571,0.6389992,0.5374771,0.03013532,0.242926,0.6364973,0.8539624,0.7573995,0.1463204,0.1349486,0.9587697,0.1025416,0.6525383,0.5237271,0.01090047,0.9201728,0.9127167,0.4626905,0.8824005,0.9229947,0.649145,0.06425703,0.9490612,0.795822,0.8907217,0.8208645,0.940882,0.38425,0.6147829,0.9303828,0.8117081
"PD49",0.6205551,0.9257212,0.7178605,0.9672901,0.8241783,0.6222371,0.9562702,0.9021083,0.4136953,0.6826582,0.6553921,0.7963099,0.6045397,0.9540989,0.8799488,0.9145425,0.3067772,0.6213525,0.7640422,0.5572563,0.7027948,0.6941332,0.01583217,0.8993567,0.8293294,0.895632,0.9011544,0.6069257,0.9305938,0.6039074,0.9813701,0.629363,0.9387537,0.8563944,0.7529767,0.6804746,0.5711466,0.03303195,0.2029552,0.6870463,0.8842675,0.7758391,0.1019005,0.07766202,0.9594873,0.0913889,0.6189981,0.5248424,0.007007645,0.9263608,0.8854582,0.4004687,0.9160351,0.9331387,0.6768498,0.07199777,0.9641003,0.8976846,0.8316403,0.8375039,0.9479577,0.4178819,0.6520454,0.9062434,0.8271857
"PDD69",0.68409,0.9222704,0.8626365,0.9706278,0.8119455,0.5929151,0.9369119,0.9501415,0.407585,0.7626554,0.6259138,0.9234849,0.4915387,0.9888588,0.9414422,0.9263791,0.4164618,0.635312,0.7754131,0.5797444,0.757324,0.5789399,0.01649334,0.8524066,0.8126915,0.9249925,0.8792707,0.6929995,0.9355128,0.7697704,0.9679377,0.617239,0.9341997,0.9397521,0.7567772,0.7011984,0.6032786,0.03562072,0.2593547,0.7529725,0.8827283,0.7200379,0.07023693,0.08277901,0.9539029,0.05999327,0.7132584,0.6722462,0.008677686,0.9342877,0.9178884,0.44837,0.91397,0.947631,0.7208039,0.06717986,0.9402419,0.7952564,0.8549053,0.8909608,0.9235762,0.4991469,0.6579671,0.9414532,0.803561
"PD45",0.730277,0.9210002,0.7937454,0.9627917,0.8113358,0.5571922,0.9468806,0.8943705,0.4285851,0.7025548,0.6787999,0.762967,0.5967472,0.9698267,0.9270729,0.9361447,0.3489187,0.5213846,0.7719834,0.5208456,0.6999265,0.4644143,0.01910245,0.84616,0.8816709,0.8454377,0.8948637,0.6344729,0.9322987,0.6736945,0.9745752,0.6287513,0.8946188,0.8941731,0.8525931,0.6517721,0.5937881,0.03705123,0.2461499,0.7127591,0.8871308,0.8091239,0.1460266,0.1345181,0.943843,0.1652808,0.6982172,0.4868657,0.01349779,0.906502,0.8991341,0.4279458,0.8873592,0.9229631,0.6303237,0.05020854,0.9464774,0.8524324,0.8853692,0.7759073,0.9203473,0.4772495,0.6289403,0.8749901,0.7982726
"CTRL12",0.5981359,0.9577051,0.842328,0.9099759,0.8674977,0.6480403,0.9416868,0.9177788,0.4627967,0.7475222,0.591167,0.8773273,0.5683169,0.9456739,0.9538665,0.8980712,0.3041862,0.6320707,0.8657741,0.3824099,0.8428713,0.5601134,0.01891476,0.9274105,0.8856284,0.8298344,0.8583982,0.6802695,0.9349306,0.6654581,0.9697812,0.6553506,0.939266,0.8968693,0.7143637,0.7230696,0.5684675,0.02736475,0.1671416,0.7956927,0.8675795,0.8243068,0.1147285,0.07038205,0.955523,0.09698187,0.721659,0.5829292,0.01983907,0.9351882,0.9120825,0.3941134,0.8951523,0.9608238,0.6570605,0.1147488,0.935164,0.839741,0.9478,0.8911565,0.9398624,0.3277392,0.6844023,0.9353884,0.8460133
"PD33",0.6214367,0.9145752,0.7716183,0.9492817,0.796215,0.5887799,0.9142609,0.9134009,0.43679,0.6669339,0.6084833,0.8966117,0.5953926,0.9649413,0.9410534,0.8466687,0.2897907,0.5497499,0.8444113,0.3863817,0.8109198,0.6302506,0.007949363,0.8741039,0.8367303,0.8958537,0.824502,0.670548,0.9126771,0.7190931,0.9540632,0.625619,0.9413765,0.8916052,0.861029,0.681283,0.5930809,0.04909107,0.1442205,0.6903938,0.7966382,0.8134521,0.148788,0.02399762,0.9716331,0.1316256,0.5896807,0.6013116,0.009946628,0.9064203,0.8741098,0.3611497,0.8381706,0.8998718,0.4991511,0.08008955,0.9414299,0.7851954,0.8623695,0.8666667,0.9453008,0.2804832,0.7023762,0.9148244,0.8095
"PD51",0.7093506,0.9428961,0.8513411,0.9597121,0.7957919,0.6472581,0.9747874,0.9534118,0.3989031,0.7709062,0.6724399,0.7917915,0.5221357,0.9736574,0.937103,0.9376331,0.2969003,0.5208092,0.7898122,0.681982,0.7283635,0.7045966,0.00469606,0.907725,0.8465375,0.8971511,0.8648158,0.7218496,0.9488289,0.5980422,0.9744604,0.6283525,0.9323671,0.9032408,0.8035496,0.6345542,0.6287265,0.02104209,0.2378957,0.6702534,0.863498,0.8553867,0.0919326,0.1088261,0.9705805,0.09124998,0.7625813,0.4818244,0.01556218,0.9090509,0.9278176,0.3826874,0.8957336,0.9356028,0.6808013,0.04840977,0.9383535,0.9211807,0.9096655,0.7486025,0.9459183,0.340088,0.6596548,0.9513935,0.9308689
"PD13",0.6102936,0.9591766,0.8696595,0.9530657,0.7864423,0.6994901,0.9196678,0.9699705,0.4990069,0.8232757,0.5734615,0.9000054,0.6833166,0.9672083,0.9492907,0.8797549,0.3556181,0.7120673,0.920569,0.4618762,0.8288278,0.5386351,0.02093234,0.9262533,0.850225,0.9160668,0.9062579,0.5870235,0.8898098,0.7193968,0.9845266,0.6478603,0.9455246,0.895683,0.7998375,0.8298291,0.5930073,0.05928094,0.1828963,0.819022,0.8836879,0.8273927,0.1197384,0.04316009,0.9600872,0.09985496,0.6271333,0.588535,0.01032363,0.8947893,0.9427615,0.3963764,0.9589382,0.9571929,0.573044,0.1558836,0.9609122,0.8461877,0.9037635,0.8770106,0.9498343,0.3248171,0.6936443,0.9208962,0.8451414
"PDD45",0.6422645,0.9372118,0.8807403,0.9723925,0.8996159,0.70571,0.9093975,0.9392772,0.5078281,0.803379,0.6719591,0.8911507,0.5606148,0.9724127,0.9524516,0.8778462,0.3703508,0.6378888,0.7868806,0.3988061,0.8440232,0.6851911,0.01476278,0.8575597,0.8264421,0.9049609,0.8595104,0.6912277,0.9166467,0.6015772,0.9662916,0.6388843,0.9222662,0.8960544,0.7981751,0.7649037,0.6010735,0.03536764,0.1150499,0.6989399,0.8682128,0.8492729,0.172592,0.04677343,0.9668992,0.1017439,0.6360945,0.5948428,0.002730109,0.9237815,0.9194216,0.3354031,0.8490545,0.9597644,0.5484969,0.0395168,0.9259669,0.8794691,0.9267957,0.8907954,0.9399812,0.3756107,0.6865798,0.9256156,0.841547
"PD20",0.6240874,0.9406495,0.8820735,0.9557742,0.8809631,0.6697921,0.9150881,0.9547781,0.4660002,0.7918304,0.5962344,0.9352976,0.5659916,0.978037,0.9153751,0.9039671,0.2518695,0.6301305,0.7355856,0.2427757,0.8715411,0.6431619,0.02440536,0.9008629,0.8400889,0.9446081,0.8875894,0.6966612,0.9379687,0.6883618,0.9603748,0.645957,0.9541089,0.9141148,0.8118551,0.7672992,0.6447542,0.02188554,0.1588498,0.7751584,0.8522645,0.8440871,0.1234767,0.06301814,0.9497835,0.06754718,0.6578319,0.5924933,0.01238172,0.927731,0.9183404,0.3303387,0.9374384,0.9360641,0.5467585,0.1614023,0.9563634,0.8540942,0.9106107,0.8636285,0.9253333,0.3098252,0.7424511,0.922623,0.842147
"CTRL83",0.7175984,0.9714978,0.8202758,0.9718237,0.8274709,0.4837451,0.9767259,0.9379951,0.3569453,0.7004946,0.645767,0.8084571,0.5555396,0.944785,0.9245252,0.9224058,0.311173,0.5001732,0.7984924,0.4330144,0.7028647,0.5775121,0.01070841,0.8275532,0.8809434,0.880831,0.9050581,0.70341,0.9266976,0.6086994,0.9466916,0.5908379,0.9250947,0.9241111,0.801738,0.7455605,0.5932247,0.02199296,0.156202,0.7100458,0.8282301,0.7594713,0.1000674,0.1168068,0.9687371,0.1133554,0.6081719,0.5431856,0.009536194,0.9210833,0.9492662,0.4232229,0.9634825,0.9521471,0.6065693,0.03418952,0.9520557,0.838155,0.9299507,0.8749706,0.9249006,0.4823209,0.7088421,0.9066161,0.7993185
"PDD7",0.6819965,0.8959876,0.8977213,0.9651533,0.8780079,0.5317188,0.9172483,0.906371,0.4782035,0.7342261,0.6557187,0.8477199,0.6559243,0.9605483,0.9374225,0.8612533,0.3459119,0.6554085,0.4319897,0.4411495,0.8311019,0.6491835,0.01735819,0.9139167,0.8992495,0.9076594,0.9043878,0.7421449,0.9213261,0.7501763,0.9619936,0.6875168,0.9357635,0.8798904,0.7303379,0.7089951,0.6048093,0.0351288,0.1832809,0.7483639,0.8649159,0.745915,0.153005,0.07023229,0.9444546,0.1201101,0.7397622,0.5634921,0.02592262,0.9068961,0.9431033,0.4024502,0.9512376,0.9232751,0.7276499,0.113088,0.9465667,0.9266293,0.9366306,0.8608491,0.9186314,0.4520832,0.693437,0.9045761,0.894438
"CTRL71",0.746194,0.940676,0.9278451,0.9631309,0.8110058,0.567568,0.9723895,0.92487,0.4047268,0.7849574,0.7448732,0.8088241,0.6087271,0.9771958,0.9426486,0.9400892,0.3295767,0.5356205,0.7273004,0.5138399,0.8240974,0.5787437,0.004302328,0.8605224,0.8864739,0.9182508,0.9246085,0.7330283,0.9462602,0.6897021,0.9717669,0.5815336,0.9233124,0.9230489,0.8523206,0.7027558,0.6280755,0.03712738,0.1918424,0.6574087,0.8527967,0.7506,0.1275446,0.1827556,0.9466751,0.09871055,0.7068648,0.5409785,0.001035078,0.9291225,0.9654514,0.4964481,0.937149,0.9478282,0.7026653,0.07590127,0.9661811,0.8274659,0.9208897,0.8320133,0.9565875,0.4401034,0.6766984,0.9435064,0.8620092
"PDD47",0.650879,0.9576797,0.8365576,0.9568178,0.8189166,0.5234125,0.9436536,0.874627,0.4114011,0.6950534,0.6643265,0.7884167,0.5104544,0.987931,0.9817798,0.9146487,0.3566535,0.4524417,0.762217,0.4790444,0.7359706,0.6852338,0.01700607,0.8652833,0.8411595,0.8707519,0.8449609,0.6042193,0.9514368,0.5906843,0.944156,0.6179009,0.9003348,0.8804977,0.8263388,0.6856372,0.5762777,0.02752104,0.242383,0.7528717,0.8672968,0.7953531,0.1038844,0.05937542,0.9729575,0.09930351,0.6508252,0.4088812,0.00508044,0.8987339,0.9178299,0.4527788,0.8799798,0.9497895,0.7498534,0.02903727,0.9768196,0.8287274,0.8791233,0.7973665,0.9484686,0.4409489,0.5782178,0.9195561,0.8323243
"PD32",0.648898,0.9159302,0.7563506,0.9520276,0.8343331,0.4970281,0.9497711,0.8424309,0.3919697,0.6774778,0.5595716,0.7532622,0.5053145,0.9588409,0.9299695,0.9009051,0.2776974,0.5300487,0.7412077,0.4396218,0.6912036,0.5246808,0.0122982,0.8544598,0.8552219,0.8240605,0.7944245,0.5998583,0.9450467,0.5209731,0.9867162,0.618181,0.9126635,0.8228256,0.76788,0.6177677,0.4883873,0.02349932,0.2599876,0.612078,0.7981533,0.7831995,0.1628288,0.05585797,0.9622447,0.1527589,0.5861142,0.5446574,0.01620228,0.8715273,0.8638229,0.3831644,0.853722,0.9087569,0.7348539,0.07997775,0.9317263,0.8994733,0.9105892,0.8071039,0.9493186,0.3124473,0.55609,0.9161807,0.7675632
"CTRL6",0.5689059,0.8962326,0.9007347,0.8931348,0.8085303,0.6270525,0.922365,0.9726175,0.4382623,0.7943207,0.6654704,0.915958,0.5666401,0.9608659,0.9338806,0.873905,0.3698111,0.6073133,0.8936952,0.313866,0.7974351,0.6247415,0.0154862,0.8443513,0.870191,0.8746318,0.8621995,0.6447216,0.9293566,0.7277964,0.9383943,0.630742,0.9365465,0.9086529,0.7818665,0.759315,0.5821608,0.0191035,0.1108601,0.7993989,0.7971784,0.7437585,0.1911096,0.04066549,0.9555026,0.07853045,0.579338,0.5959391,0.005462576,0.8965078,0.8821022,0.3344067,0.9035955,0.9536253,0.4331606,0.08049103,0.9664773,0.8525441,0.8857051,0.8476916,0.9449719,0.3144568,0.674718,0.9434371,0.7925486
"CTRL46",0.703237,0.9229415,0.8237017,0.9541418,0.7976934,0.533794,0.945972,0.8837771,0.3831145,0.6632846,0.6309353,0.7822998,0.5399823,0.9823503,0.9456592,0.8805869,0.2972048,0.4533144,0.7704109,0.5638667,0.7123714,0.6041576,0.01406224,0.8809564,0.8461336,0.7959346,0.8824485,0.580297,0.946366,0.6288455,0.9328019,0.6098895,0.9203499,0.9012213,0.7941032,0.5865563,0.5378795,0.02968068,0.2178903,0.6640112,0.8420095,0.8058273,0.1179142,0.0399014,0.9540393,0.08924026,0.6440291,0.5420389,0.01056751,0.9105399,0.8867426,0.3851007,0.8080816,0.9236568,0.5762431,0.06100755,0.9595491,0.8446663,0.8570942,0.7899807,0.9289438,0.4048137,0.640369,0.9066655,0.790745
"PD17",0.6476692,0.9570024,0.8939819,0.9349684,0.8833153,0.6502814,0.9453003,0.9449608,0.4206663,0.7920732,0.7354923,0.8714871,0.6246107,0.9645951,0.9165237,0.942445,0.3876408,0.57558,0.806846,0.3743002,0.8393525,0.5927305,0.01213468,0.9043897,0.8751695,0.867548,0.9220072,0.6792135,0.9064148,0.7157311,0.9621282,0.6459379,0.9287179,0.9115133,0.7942779,0.7734362,0.541312,0.04348852,0.1495189,0.7818958,0.9129219,0.8664121,0.1587895,0.0454769,0.967897,0.2062348,0.7209321,0.5988166,0.001802885,0.948618,0.9557636,0.4366245,0.9423413,0.9700923,0.7433628,0.07513247,0.957703,0.8867121,0.8986059,0.8968044,0.9406393,0.4442299,0.7166232,0.9374383,0.8587936
"PDD10",0.6040792,0.5533996,0.8713948,0.9466743,0.7996216,0.7098541,0.9192862,0.9629291,0.4428182,0.7317112,0.7357998,0.8919776,0.5758822,0.9386799,0.9503208,0.8984577,0.3776023,0.6050911,0.8389881,0.4984468,0.8812619,0.5972884,0.01160114,0.9233359,0.8758768,0.8780849,0.8233058,0.6946441,0.9153643,0.6987473,0.9585187,0.6622517,0.9487833,0.90582,0.8026076,0.7894388,0.6607367,0.01914047,0.1964002,0.7911957,0.9041589,0.8100818,0.1569206,0.1108884,0.9388112,0.08511167,0.6888667,0.5255319,0.01200589,0.9511263,0.9489423,0.3742317,0.8927087,0.9418008,0.6021373,0.09244547,0.9501156,0.8307772,0.8842826,0.8509232,0.9462239,0.3730061,0.742258,0.9345127,0.8423255
"DLB12",0.7057084,0.9147673,0.865184,0.9745678,0.8365194,0.5858731,0.9474328,0.9337554,0.486926,0.7754192,0.665617,0.9073679,0.6090996,0.9733753,0.926057,0.9045972,0.3039559,0.5714479,0.8586007,0.5269367,0.8452726,0.5851055,0.01889816,0.8896085,0.8265774,0.9032682,0.9109088,0.6829744,0.9476088,0.7107091,0.9762359,0.6367694,0.9069653,0.8889704,0.8638518,0.7413583,0.6167177,0.02529887,0.1606803,0.7766083,0.8447349,0.8326609,0.1135868,0.03059747,0.9766692,0.06496287,0.7537944,0.527346,0.007872048,0.9092823,0.9358798,0.4055065,0.9256447,0.9652558,0.5807339,0.09467048,0.9528035,0.8437717,0.9114261,0.904327,0.9632065,0.3957645,0.6960893,0.9632224,0.8644862
"CTRL44",0.6902535,0.9204446,0.8556869,0.9760716,0.8504423,0.5588076,0.9644385,0.9293633,0.4104618,0.7242525,0.7326238,0.8783747,0.5161527,0.9819901,0.9315997,0.9421845,0.407979,0.5682573,0.8489376,0.593968,0.7715171,0.7450255,0.008455979,0.8558896,0.8121856,0.8803465,0.872435,0.670975,0.9476465,0.7294847,0.9675046,0.5728598,0.9205585,0.914886,0.8301732,0.7612308,0.6222236,0.02539915,0.2332644,0.6885254,0.8299739,0.7213992,0.09999234,0.08898886,0.9630888,0.08237035,0.7794414,0.5718686,0.002811245,0.9271098,0.929678,0.4713471,0.9032095,0.9328239,0.5208476,0.07028942,0.9485905,0.8620253,0.871147,0.8454425,0.9794002,0.4608093,0.687622,0.8982176,0.8529028
"CTRL86",0.7222016,0.9363244,0.7283474,0.9763752,0.9268206,0.5849325,0.9690711,0.9528932,0.3740572,0.8032997,0.6409048,0.8689163,0.5960536,0.962903,0.905132,0.9461055,0.3323653,0.532158,0.7113426,0.6382276,0.7586693,0.6255499,0.004879224,0.8777779,0.8590532,0.9097794,0.8579697,0.7023028,0.969232,0.6339413,0.9638024,0.6283845,0.9443839,0.8787872,0.7855994,0.7726814,0.5926184,0.01651988,0.1591354,0.6955825,0.8640782,0.8402007,0.1102279,0.1543915,0.9685394,0.1150845,0.5838829,0.5943301,0.008945288,0.9035173,0.9389333,0.386804,0.865899,0.9413705,0.6444797,0.1285187,0.9323791,0.876583,0.7913746,0.8975703,0.9568683,0.3706342,0.6567385,0.9218611,0.8454169
"DLB27",0.6665485,0.8950064,0.7984677,0.9591412,0.7549665,0.5296256,0.9639231,0.9054932,0.4053914,0.6613365,0.5818246,0.8780318,0.488694,0.9720568,0.9453459,0.8975635,0.355061,0.6149993,0.7562953,0.4652673,0.7901648,0.5348491,0.02134904,0.8062368,0.8357905,0.841636,0.8203798,0.6638138,0.9111845,0.6392578,0.9682028,0.6066743,0.9079002,0.9067691,0.7823423,0.656247,0.5801617,0.03204791,0.2095664,0.7419297,0.7734289,0.7705885,0.1344676,0.1020019,0.9659474,0.1028454,0.6645132,0.6749164,0.007278481,0.8942008,0.8940945,0.3887765,0.8628577,0.931158,0.6907652,0.07773304,0.9611632,0.7759864,0.8269847,0.8917888,0.889737,0.3631262,0.5839946,0.9180221,0.8201232
"PD18",0.6947473,0.944549,0.9079913,0.9335823,0.8027346,0.613803,0.9486917,0.9213353,0.4486443,0.4045916,0.6605552,0.7914016,0.5186528,0.9654506,0.9428499,0.8806943,0.3115687,0.5353089,0.8604736,0.4877242,0.834929,0.5880026,0.009699375,0.9014202,0.8245675,0.8686575,0.9076046,0.657756,0.9534384,0.6499716,0.9513151,0.6104062,0.9682327,0.884318,0.8006233,0.7488414,0.5474514,0.03686848,0.1896703,0.6944628,0.8658756,0.8735331,0.1535083,0.09481787,0.9239266,0.06847915,0.6628074,0.5859591,0.002930208,0.9098764,0.9338507,0.3659971,0.9165089,0.9475802,0.6900935,0.1469926,0.9523402,0.8817923,0.9408411,0.8636136,0.9254373,0.3756733,0.674966,0.9145324,0.9040137
"CTRL20",0.6667572,0.9126235,0.8109783,0.9525377,0.7830523,0.6183226,0.9502156,0.9094164,0.4586969,0.7219747,0.6121938,0.9185371,0.5658055,0.976814,0.9574413,0.874068,0.3252968,0.5727553,0.8150775,0.456436,0.8286539,0.6763496,0.01072279,0.8569425,0.821085,0.8686318,0.8377314,0.6596597,0.9231634,0.6627612,0.978705,0.630453,0.9425845,0.9222326,0.8884684,0.7086156,0.6379093,0.02116598,0.16189,0.7237902,0.8456451,0.8029456,0.1807651,0.1522046,0.9657919,0.1275361,0.7156318,0.5846012,0.008338125,0.87214,0.903447,0.4006053,0.8517018,0.9382497,0.7517294,0.07645551,0.9220276,0.8236071,0.8323709,0.894375,0.9698328,0.364011,0.6703343,0.928299,0.8456982
"PDD50",0.5889375,0.9439504,0.7862145,0.9558925,0.8175962,0.6031336,0.9386066,0.9300545,0.4088196,0.669361,0.5072156,0.8695021,0.5405388,0.9884413,0.9506407,0.8800333,0.2355105,0.5472121,0.7684,0.3745046,0.7768008,0.6001083,0.009518332,0.8509005,0.8224501,0.8111722,0.8369759,0.6381169,0.9343768,0.5910402,0.9750667,0.6610597,0.9152872,0.8475132,0.7681554,0.6695857,0.5889359,0.01600826,0.1949166,0.6923049,0.7723236,0.774561,0.1843214,0.04819844,0.9570067,0.115012,0.5552463,0.5901532,0.008768434,0.8979164,0.8721873,0.3702716,0.8653482,0.9186733,0.5594688,0.08625752,0.9690258,0.8133266,0.8687518,0.8407281,0.9458062,0.279597,0.62974,0.9678739,0.8162234
"DLB21",0.6359809,0.9051156,0.7570218,0.96457,0.8040682,0.5780856,0.9652098,0.9015638,0.3435446,0.7199138,0.5905688,0.8109826,0.4925719,0.9690165,0.9166163,0.9234001,0.2760464,0.5135651,0.7508384,0.4210106,0.8219791,0.5770946,0.0112538,0.873441,0.859944,0.8029831,0.7755476,0.5675706,0.9603557,0.5955963,0.9790005,0.652584,0.9225113,0.8460095,0.8951727,0.6154673,0.534978,0.02380322,0.2071796,0.6177419,0.8203899,0.7161182,0.1462434,0.07643981,0.9496742,0.1269328,0.6096478,0.5361217,0.01271915,0.8631263,0.9005091,0.3957332,0.7643733,0.9313764,0.5989991,0.05956316,0.9466241,0.8385074,0.9128883,0.8133072,0.9589433,0.3324193,0.5681849,0.9565507,0.8134914
"CTRL53",0.6324128,0.8723476,0.832915,0.9348805,0.8515347,0.5660399,0.9492872,0.9177701,0.467472,0.4320588,0.5732665,0.8952832,0.5605928,0.9756718,0.9308638,0.8979505,0.3737132,0.6529558,0.7902391,0.3853295,0.8056427,0.5939926,0.005719776,0.8306289,0.819234,0.8781167,0.8293631,0.6403558,0.90801,0.607298,0.9735614,0.5740868,0.9161102,0.9059133,0.8501668,0.6868636,0.6088512,0.016647,0.1806052,0.7643266,0.8228393,0.7978547,0.172263,0.03060425,0.9654423,0.1362988,0.7470144,0.5418467,0.004605544,0.9004864,0.9362483,0.4017632,0.8462774,0.9144374,0.695231,0.06840686,0.9471682,0.8268445,0.9132751,0.9081272,0.9511166,0.3755701,0.6494034,0.9243433,0.8662898
"CTRL65",0.7220028,0.9286156,0.8998765,0.957553,0.8285227,0.6313454,0.9270065,0.9170353,0.414669,0.7373068,0.6640442,0.8489033,0.6067994,0.9461022,0.8784053,0.9515986,0.3088721,0.4034481,0.7032496,0.420559,0.6961454,0.6184365,0.007024411,0.8893013,0.8802852,0.8232411,0.8905293,0.6881619,0.9333498,0.5508034,0.9648287,0.6308583,0.8574767,0.8527042,0.791272,0.5721314,0.5298212,0.03450816,0.1889853,0.6749727,0.8440109,0.8196309,0.1398189,0.1831865,0.9601221,0.1243143,0.7275638,0.5507282,0.008175834,0.9240043,0.9090017,0.4030098,0.9376774,0.9569759,0.8337045,0.07166007,0.9472074,0.8821791,0.8669738,0.8640921,0.9241005,0.4002351,0.5508474,0.9518058,0.8349484
"PD38",0.7829192,0.9214677,0.9209158,0.9498377,0.7875095,0.6292125,0.957013,0.9173086,0.462928,0.7460101,0.7380986,0.8379202,0.5998006,0.9708772,0.9323377,0.9283314,0.3661704,0.5992019,0.7544731,0.6853751,0.7662413,0.6907199,0.01127155,0.8764743,0.8233517,0.8265226,0.8655899,0.6626578,0.9461444,0.6909976,0.9723365,0.6026554,0.9130227,0.9052128,0.840294,0.6887013,0.6580193,0.05683763,0.2039537,0.7492488,0.8184998,0.7995513,0.1423004,0.2258059,0.9659906,0.1272245,0.7541785,0.584948,0.01570215,0.9154838,0.9297564,0.4146795,0.9325652,0.9531767,0.6116348,0.09182475,0.9633651,0.850124,0.884227,0.8641509,0.951618,0.4552799,0.6730031,0.9147825,0.849971
"CTRL18",0.5516417,0.8727473,0.8372208,0.9071732,0.8210112,0.6163127,0.9655122,0.9284843,0.466162,0.735535,0.5005463,0.9272899,0.5209237,0.9790789,0.9588679,0.8587486,0.3675229,0.5449235,0.8323954,0.3460368,0.4384962,0.619556,0.009473401,0.8559872,0.8412799,0.7919254,0.8098054,0.6381773,0.9245391,0.6988677,0.9512901,0.6334218,0.9334998,0.941519,0.8744354,0.69707,0.5974327,0.02062061,0.1508436,0.7245325,0.7220504,0.8116172,0.1770787,0.0967264,0.9845525,0.1228275,0.6601411,0.6275315,0.006158219,0.881769,0.9198929,0.3713111,0.8247855,0.9372547,0.7254078,0.0741684,0.9694219,0.7598945,0.867799,0.9270899,0.9528336,0.3790279,0.694685,0.92915,0.895087
"PDD36",0.712381,0.9160023,0.852103,0.9765174,0.8592182,0.5505032,0.9674819,0.9137248,0.3949233,0.7661931,0.6375514,0.8207301,0.5006948,0.9822075,0.9195915,0.8947306,0.3905559,0.644275,0.7848983,0.5101154,0.8389793,0.6287123,0.0228108,0.820152,0.789039,0.8384563,0.9132089,0.7513427,0.9541189,0.7176847,0.9753051,0.6174836,0.9150295,0.9346952,0.7967975,0.7278598,0.6287244,0.07506267,0.2869366,0.6797471,0.8375962,0.75405,0.09792767,0.09779168,0.9784581,0.09638391,0.6744099,0.5731407,0.01143542,0.9207549,0.9481964,0.491577,0.9560731,0.9804391,0.794608,0.09988482,0.9692127,0.7945308,0.9131618,0.8882682,0.9633954,0.4224188,0.641098,0.9292961,0.7841646
"PDD64",0.7622596,0.9415947,0.889983,0.9715959,0.8954979,0.7088549,0.9288089,0.9366895,0.4076566,0.8034789,0.6969952,0.866547,0.6147964,0.9924419,0.9517602,0.9402877,0.3094345,0.4807235,0.8053888,0.4917929,0.8026533,0.7296158,0.01181328,0.9110619,0.8642913,0.8960103,0.8719813,0.6358429,0.9016799,0.7011267,0.9645007,0.6125249,0.9496986,0.9282249,0.7603145,0.7244076,0.6000977,0.01628392,0.1528203,0.7531316,0.8673365,0.8164131,0.08488415,0.1176288,0.951999,0.103191,0.665132,0.5288492,0.01179651,0.9408127,0.9444883,0.4529671,0.9327731,0.967646,0.4797167,0.1022294,0.9712495,0.878239,0.8983963,0.8965722,0.9304333,0.3649086,0.7244454,0.9484152,0.8036039
"PD42",0.6378993,0.948206,0.8407607,0.9381125,0.8483903,0.616569,0.9435208,0.9351566,0.4782578,0.6907519,0.608562,0.930658,0.6246474,0.971395,0.9505267,0.8630439,0.2346157,0.7309889,0.9101588,0.5066584,0.8515134,0.6337166,0.04089471,0.8925635,0.8482944,0.9320483,0.8952517,0.7274991,0.8944329,0.838737,0.9603664,0.6959473,0.9311399,0.9013701,0.8556974,0.7771502,0.6659954,0.02308268,0.1527156,0.8274032,0.8155129,0.8684652,0.1516365,0.09447654,0.9675027,0.06670085,0.64428,0.5990658,0.01145879,0.8990275,0.8939145,0.2710111,0.9006129,0.9295645,0.6034088,0.1354108,0.9370772,0.810133,0.8162124,0.8391078,0.9287784,0.3057072,0.7964346,0.9394548,0.8701663
"PDD33",0.6043274,0.9407394,0.8311553,0.958286,0.8043545,0.5643126,0.9141323,0.9614685,0.5140364,0.7437027,0.565837,0.9218115,0.6349651,0.9750096,0.9145337,0.8443812,0.2727483,0.5983608,0.8733978,0.3310515,0.88669,0.5831745,0.03452508,0.8840052,0.8756663,0.8741169,0.8779893,0.562922,0.9242348,0.6885922,0.9690621,0.6372688,0.9377734,0.8652653,0.7935342,0.7648145,0.5702282,0.02173598,0.08838459,0.7151462,0.7585441,0.8329777,0.1174824,0.08963754,0.9710575,0.09211541,0.6673811,0.5728279,0.01018711,0.9331874,0.9361268,0.3887303,0.9238923,0.9429445,0.5170915,0.07616095,0.94771,0.7956413,0.9281287,0.9025381,0.9304945,0.288014,0.7032922,0.9540932,0.8592854
"PDD65",0.7445613,0.9296213,0.8499426,0.9768795,0.8630402,0.4937601,0.9675245,0.957955,0.4092617,0.7534237,0.6738709,0.8518232,0.5664119,0.9650779,0.9100089,0.9076995,0.3903844,0.6104068,0.8300089,0.616659,0.822029,0.7180132,0.01203081,0.8608415,0.768849,0.8458242,0.889769,0.6819913,0.9519689,0.6947525,0.9450903,0.6178854,0.9354687,0.933296,0.7618901,0.7358547,0.6659321,0.02981511,0.2875648,0.7761771,0.8225941,0.7682694,0.09919342,0.1006057,0.9788918,0.1110965,0.7027947,0.6164163,0.009615385,0.8874047,0.9379461,0.4098369,0.956155,0.9548264,0.7502002,0.1435219,0.9490328,0.8181768,0.8754362,0.9130504,0.9803075,0.4466969,0.6278477,0.9118302,0.7885254
"PD62",0.6395275,0.9634518,0.741752,0.9472061,0.8039384,0.5005008,0.9517359,0.9581559,0.4451589,0.7606073,0.6114343,0.8366683,0.5556404,0.9828604,0.9657395,0.8929123,0.2834588,0.5141892,0.8222716,0.4885484,0.7715255,0.5803334,0.009832139,0.8655514,0.8669098,0.858076,0.8667085,0.6585006,0.9436493,0.6515311,0.9636183,0.592525,0.9247824,0.8775753,0.8063025,0.7571856,0.5636497,0.02618396,0.1599183,0.7863363,0.8389881,0.8036625,0.1574979,0.06307971,0.9537368,0.06369896,0.5836246,0.5929384,0.01315073,0.9312139,0.9329465,0.3901725,0.8948746,0.9233279,0.601159,0.05060132,0.9278317,0.8469893,0.8711847,0.8531356,0.9493332,0.4395191,0.6624028,0.9597063,0.8813752
"PDD77",0.7319306,0.9371949,0.8143269,0.9697739,0.9025704,0.6700019,0.9318351,0.8963459,0.4807016,0.8069949,0.694451,0.8847329,0.6826291,0.9803758,0.8969831,0.927757,0.3758506,0.5317283,0.8231277,0.6291834,0.8020459,0.6999408,0.01925698,0.914863,0.8362331,0.9036617,0.8956099,0.7476984,0.9438785,0.7454842,0.9561126,0.6633008,0.9438311,0.8833969,0.7724124,0.7538016,0.6865497,0.04730926,0.2318481,0.7738617,0.880957,0.8737968,0.1332886,0.06655577,0.9623555,0.1167856,0.6584764,0.5951831,0.01030163,0.913232,0.9330018,0.3659777,0.9192729,0.9462033,0.6007222,0.1405647,0.9083361,0.8804842,0.8649188,0.8294603,0.9183202,0.4758397,0.7315255,0.9204513,0.7963053
"PDD2",0.769552,0.9701289,0.8674305,0.9551982,0.8926748,0.7276007,0.9238925,0.9246114,0.4674299,0.7761522,0.5773054,0.8902537,0.6220159,0.9563135,0.9225064,0.9096839,0.2838087,0.640829,0.9008826,0.4874142,0.8380932,0.4450201,0.02010162,0.9285867,0.8586835,0.9249495,0.8976405,0.5878051,0.9284298,0.8113025,0.9429183,0.6335942,0.9438898,0.9196468,0.7234232,0.7764182,0.6335427,0.02634654,0.1179155,0.8279977,0.9040625,0.8569089,0.1219485,0.05546658,0.9491588,0.1039331,0.6676841,0.5419847,0.01793283,0.9583576,0.9395756,0.3550825,0.9141941,0.9645464,0.5223182,0.09221437,0.9111838,0.8730561,0.9230639,0.8407275,0.9390405,0.3143294,0.7621415,0.9328644,0.8290062
"PD25",0.6439698,0.9450928,0.8333127,0.9410095,0.8279648,0.6802956,0.9345668,0.9628113,0.4810453,0.8273145,0.5877375,0.9139453,0.6101352,0.9825556,0.9677409,0.8923536,0.3128725,0.5554818,0.9138373,0.3590185,0.8421696,0.6421762,0.007664406,0.8716653,0.8651933,0.914991,0.9358484,0.6828492,0.952852,0.7157451,0.9479663,0.6727126,0.9371793,0.9219811,0.822089,0.7489487,0.6618146,0.02170036,0.177456,0.783165,0.922539,0.8735471,0.1813622,0.0386808,0.9749477,0.10028,0.6650211,0.6182392,0.009833985,0.9328548,0.9446599,0.4190345,0.9308292,0.9507792,0.6052934,0.1624961,0.9684891,0.8291569,0.9087979,0.9137636,0.9481041,0.3036801,0.7419552,0.9476043,0.911009
"DLB14",0.6969451,0.9290218,0.8625325,0.9653486,0.8635456,0.5892015,0.9457765,0.9664385,0.4805997,0.762267,0.6626174,0.879698,0.6149714,0.9832693,0.9439059,0.9177368,0.37566,0.5064032,0.8435132,0.474832,0.8187476,0.6471311,0.01205388,0.8956567,0.842767,0.8886835,0.8338478,0.6284606,0.9518336,0.7042182,0.9821717,0.5924302,0.9280673,0.9164853,0.754148,0.7350387,0.6858265,0.02802271,0.2022404,0.7616875,0.8491463,0.779066,0.1246842,0.08906547,0.9715136,0.1209026,0.6672625,0.7147887,0.01633739,0.9230497,0.9322845,0.4418083,0.9457518,0.9675479,0.5033055,0.1415596,0.9687669,0.8330702,0.8792656,0.8849432,0.9573175,0.3602818,0.7084665,0.9423327,0.8371955
