"","cg07996485","cg16932304","cg06831038","cg13874979","cg24256991","cg01375651","cg02294411","cg12853539","cg09076877","cg25589803","cg04311964","cg09150064","cg26055435","cg11280964","cg08470320","cg14144850","cg23616741","cg14625770","cg14856606","cg13451048","cg00773696","cg01800148","cg08802981","cg16985117","cg26345401","cg07113350","cg11971077","cg17159550","cg27150954","cg13773306","cg01792229","cg24855045","cg07755528","cg14855519","cg14566231","cg07642754","cg24315042","cg00901585","cg19176661","cg00961932","cg09214323","cg01660407","cg05073607","cg12406559","cg09508356","cg13864645","cg20850582","cg15283292","cg23388097","cg06460600","cg17286854","cg06883149","cg15599642","cg13773631","cg22806431"
"PDD38",0.945312,0.8976297,0.7601345,0.97635,0.07842339,0.9642577,0.09450635,0.7794217,0.8960529,0.9292851,0.9030742,0.3851923,0.9517216,0.02554169,0.8801566,0.9116448,0.3880889,0.8478866,0.9234786,0.4624994,0.02747617,0.5670238,0.9609144,0.8474348,0.7532724,0.8864086,0.01648196,0.7078835,0.6189833,0.7673806,0.8759863,0.7279648,0.6305289,0.1631585,0.88626,0.7954412,0.9258175,0.9003445,0.9155339,0.2935852,0.7606538,0.6862033,0.772778,0.01228287,0.6805641,0.7930811,0.02695035,0.9521215,0.9429564,0.8450056,0.8604402,0.01329484,0.9365991,0.1157222,0.6949841
"CTRL61",0.9282933,0.9177207,0.7815082,0.963586,0.1183174,0.9478253,0.09317378,0.699743,0.8976517,0.8155891,0.8946276,0.3058188,0.8632679,0.02158749,0.7789144,0.8620368,0.3127106,0.8336607,0.8669251,0.4613653,0.01750046,0.5368342,0.9655865,0.8758674,0.7346352,0.9323144,0.004583283,0.569329,0.5720525,0.6843371,0.9597393,0.6821771,0.5939074,0.177122,0.867529,0.6701659,0.8379731,0.8167889,0.9036871,0.3892058,0.7928147,0.644756,0.7577739,0.009684997,0.639887,0.8292232,0.03003763,0.91287,0.93586,0.879403,0.9391841,0.003966057,0.9269073,0.07920285,0.5866838
"PDD23",0.9500215,0.9417142,0.7828682,0.9611223,0.1070168,0.9660348,0.08444463,0.7797031,0.9540686,0.9265573,0.9156127,0.3830051,0.9049779,0.01558266,0.809888,0.8933736,0.3410663,0.8190901,0.8527451,0.5155164,0.01150044,0.4975803,0.9612475,0.8766495,0.7074863,0.9492068,0.005173078,0.5157365,0.6176857,0.7049978,0.9666831,0.6590255,0.5933508,0.1349469,0.873991,0.8009308,0.8612664,0.8548673,0.8878353,0.323973,0.7705194,0.6669252,0.717612,0.01163401,0.6673397,0.9009323,0.02858656,0.9395697,0.9465017,0.8920904,0.9355897,0.008399307,0.9171562,0.1139597,0.6289392
"PDD21",0.9380581,0.896256,0.789129,0.9869396,0.1114968,0.9393318,0.2092833,0.8269835,0.9719483,0.9290188,0.8819773,0.3852296,0.8767529,0.01773692,0.8438428,0.8685298,0.2888587,0.8268146,0.8136284,0.498469,0.0111026,0.5975972,0.9838555,0.8991954,0.7176864,0.9355273,0.007322043,0.7173809,0.5909187,0.5893895,0.9177358,0.839168,0.6782391,0.1680086,0.8639947,0.8133235,0.9183756,0.8100221,0.9119664,0.1820975,0.6509991,0.7084931,0.8702952,0.004884567,0.54434,0.8425566,0.02699272,0.9471914,0.9121093,0.8811089,0.8923202,0.029827,0.9092566,0.07092536,0.7511728
"PD29",0.9147337,0.9190163,0.8150289,0.9614159,0.07341755,0.976811,0.1445259,0.790015,0.908981,0.810191,0.8530378,0.2740373,0.8242842,0.0402745,0.7601589,0.8998327,0.3463752,0.8175443,0.8060527,0.5487881,0.02052113,0.5701574,0.9380788,0.8269557,0.7031076,0.918923,0.009381147,0.6247436,0.5101151,0.6024619,0.9290447,0.6854033,0.5874135,0.2593176,0.829471,0.8073605,0.873522,0.8407481,0.8769011,0.2976691,0.8051481,0.7283533,0.782337,0.03487868,0.6902969,0.8580834,0.02571232,0.8904615,0.9419473,0.8780756,0.8693314,0.01960525,0.9366659,0.05652043,0.6403628
"PD5",0.9572713,0.9138094,0.6504062,0.9533966,0.1502919,0.9197581,0.1528426,0.7774476,0.8576796,0.8959058,0.9391216,0.3578363,0.8857388,0.03427741,0.8461569,0.8622962,0.3441953,0.8887619,0.8262409,0.5206333,0.02936858,0.5073252,0.9713695,0.9187767,0.7062823,0.9497132,0.01679862,0.5960937,0.6534387,0.567208,0.9406789,0.7517264,0.7004497,0.158845,0.8799021,0.7613787,0.8994746,0.8706887,0.8917374,0.2137774,0.7437851,0.7123822,0.8144609,0.03216088,0.6207534,0.8731055,0.04184024,0.9328289,0.9462579,0.9233801,0.8613549,0.04304185,0.8916069,0.08178234,0.726258
"CTRL88",0.9053922,0.9396953,0.8440906,0.9713336,0.0882991,0.9629506,0.07984187,0.7465637,0.9273207,0.8483931,0.9016754,0.4033165,0.8885349,0.04283204,0.8051094,0.8890805,0.2872727,0.801008,0.8991182,0.4340389,0.01286616,0.5572298,0.9751005,0.8417654,0.7219145,0.9314899,0.01057983,0.580344,0.5794005,0.7929987,0.9521744,0.6855022,0.5731418,0.2143559,0.9154945,0.7062736,0.8862689,0.8907594,0.9070657,0.3021386,0.7992465,0.6388417,0.8252266,0.02442813,0.7012232,0.9302277,0.01870973,0.9557534,0.9279201,0.9064678,0.9208645,0.01035733,0.908253,0.1053717,0.6056878
"PD41",0.9131433,0.9203523,0.7997395,0.9667855,0.1035611,0.9731523,0.1228373,0.8368208,0.8999271,0.8650629,0.8554654,0.3618534,0.8681286,0.02448314,0.7982246,0.9424939,0.4222744,0.8901267,0.9367706,0.5536874,0.03241438,0.5065132,0.9560257,0.8651817,0.7460423,0.9435043,0.008165675,0.5846355,0.5708307,0.7589353,0.9430188,0.7607231,0.5840258,0.1995697,0.8835528,0.7491093,0.8879565,0.8061086,0.9409557,0.3610247,0.8086117,0.6795151,0.799013,0.01032147,0.6702857,0.8862366,0.0306001,0.8906475,0.9367103,0.8559572,0.8861184,0.02709806,0.9392272,0.09000076,0.7291284
"PDD39",0.9414366,0.8917913,0.7203497,0.9648486,0.02770915,0.9481488,0.146995,0.822468,0.8916871,0.9032796,0.8721077,0.4493622,0.8569639,0.04595901,0.8231395,0.9542545,0.2807557,0.779511,0.8787814,0.4423468,0.01888736,0.4534783,0.9772025,0.86378,0.7235866,0.9354356,0.01693714,0.5663901,0.5309678,0.597791,0.953336,0.7311805,0.5378619,0.117644,0.8703933,0.7100544,0.86948,0.8196873,0.8625054,0.2431937,0.6784693,0.7022669,0.8049611,0.009559168,0.5863799,0.8541034,0.02398469,0.9286847,0.9289102,0.7986132,0.9013788,0.03113544,0.86095,0.0646045,0.6285396
"PD11",0.9361523,0.9243433,0.8111426,0.9682997,0.06887872,0.983141,0.1221504,0.8429774,0.914731,0.89821,0.9096526,0.4329727,0.8554882,0.02928898,0.848795,0.9145433,0.3398523,0.8795431,0.877261,0.5622502,0.02411658,0.6001436,0.9763331,0.8658351,0.8116459,0.9330365,0.005329008,0.6676741,0.6709013,0.7222648,0.9723789,0.7432465,0.580487,0.1477424,0.9089831,0.7570556,0.8762271,0.8434885,0.9044304,0.365568,0.7649147,0.7265265,0.8047024,0.004269714,0.7071867,0.9019547,0.02483084,0.9087513,0.9080641,0.8487388,0.9171159,0.01032518,0.8672704,0.07220752,0.6562441
"PDD26",0.9319199,0.9109028,0.6590269,0.9686496,0.06687066,0.9457172,0.07524702,0.8729319,0.9437146,0.9453777,0.8863472,0.4520026,0.7918322,0.01189753,0.9092865,0.9224447,0.2712855,0.8553326,0.8332241,0.4604593,0.01444956,0.6245511,0.9838005,0.8437224,0.7071216,0.9311479,0.003729859,0.7700216,0.6147396,0.6834834,0.9486118,0.7228059,0.5920547,0.1687163,0.8844505,0.8346189,0.8929789,0.894232,0.907762,0.3686153,0.7161959,0.6795991,0.8693614,0.006547911,0.5170028,0.8546223,0.02069331,0.9230449,0.9411374,0.870152,0.9372722,0.01623102,0.8654073,0.1404838,0.7708984
"PDD25",0.9380194,0.9005245,0.9018382,0.9730741,0.1681077,0.9611865,0.04399314,0.8940007,0.9412012,0.9203429,0.8673831,0.3719685,0.9342509,0.06129936,0.8520658,0.9582058,0.3622402,0.8959401,0.8488413,0.6363261,0.0186355,0.6761345,0.9584895,0.8869817,0.8097358,0.9194816,0.008273123,0.6546616,0.5031251,0.7677279,0.8680564,0.8089812,0.7854752,0.3336823,0.8773054,0.8126466,0.8751502,0.9080473,0.9117203,0.4269846,0.8933402,0.7086888,0.8885903,0.03033089,0.6921197,0.9269265,0.01900957,0.9533612,0.948877,0.9078328,0.9216275,0.01778474,0.9609441,0.09861846,0.7727638
"PD1",0.9469637,0.8845882,0.7989439,0.9784438,0.1153469,0.9701953,0.1103245,0.8183182,0.8876865,0.8963462,0.8689225,0.4520326,0.9175051,0.04091729,0.8642308,0.8714371,0.2820902,0.858508,0.8344777,0.4902686,0.01633105,0.5330589,0.9646103,0.8778456,0.7160521,0.9189686,0.002928944,0.5922968,0.6279706,0.6915432,0.9031706,0.7149398,0.6503101,0.2053423,0.9102837,0.8017198,0.8871533,0.8305962,0.9175065,0.314731,0.7755388,0.6799022,0.8122302,0.009667492,0.6496285,0.9361645,0.02593807,0.9285889,0.9292943,0.8641393,0.860066,0.01450604,0.8818769,0.1141738,0.6835852
"CTRL24",0.9336776,0.9367972,0.7415041,0.9666153,0.05071563,0.9669472,0.1401981,0.7007301,0.8921232,0.8728576,0.8683212,0.3905843,0.7648744,0.0310152,0.8432271,0.9011629,0.3402137,0.8550791,0.8365573,0.4161182,0.03652886,0.5514186,0.9684005,0.8149578,0.6968411,0.9097395,0.006745471,0.6639487,0.600336,0.6793825,0.9569027,0.7842949,0.6299675,0.1466824,0.8666854,0.8491379,0.8392706,0.7306878,0.9061267,0.334497,0.7263019,0.6758416,0.8058008,0.02346996,0.6305738,0.902292,0.01720925,0.9076504,0.9282452,0.8203512,0.8298148,0.01576363,0.8711111,0.09827188,0.6503215
"PD55",0.8858558,0.8536312,0.7762145,0.9710752,0.08577826,0.9815575,0.1152759,0.8224297,0.9235289,0.9108825,0.8745741,0.2310394,0.9206322,0.03115996,0.8125916,0.9471329,0.2965672,0.8524387,0.8664915,0.5134404,0.007569862,0.5688538,0.9754524,0.8593084,0.7360441,0.9228546,0.00551604,0.667998,0.6090905,0.6395718,0.9321361,0.7072733,0.6229616,0.1722287,0.8668802,0.7033261,0.8679808,0.886749,0.8972359,0.2202563,0.8008657,0.6918665,0.8797626,0.01174498,0.6377826,0.8940071,0.02792204,0.9152539,0.9299773,0.86785,0.9413226,0.01953981,0.9109567,0.07533128,0.635795
"CTRL15",0.9338309,0.9138826,0.7731339,0.9354064,0.06940368,0.9718864,0.09200572,0.6634986,0.8937889,0.7862295,0.8800946,0.3773547,0.9269634,0.02040207,0.7260726,0.9626766,0.3051878,0.8250504,0.7884628,0.4647821,0.02336214,0.4928615,0.9702049,0.8018435,0.6932704,0.9378759,0.005969953,0.6187056,0.5545824,0.7201382,0.9249022,0.6883818,0.5605981,0.2057879,0.8800099,0.6493535,0.8195869,0.78857,0.8926519,0.3002362,0.7464675,0.6701623,0.7148528,0.006497986,0.6478076,0.9056052,0.02173923,0.9037818,0.9233174,0.8853006,0.8511548,0.01391169,0.8623626,0.124597,0.5441674
"CTRL63",0.9422219,0.9347812,0.7814109,0.9616383,0.0712018,0.9437743,0.0537188,0.7396873,0.8765866,0.8343889,0.8932376,0.2953393,0.9371897,0.006950083,0.7240454,0.8203045,0.3497117,0.883149,0.8855603,0.4899371,0.02408934,0.4901529,0.9503001,0.9313586,0.7682288,0.9189652,0.006971893,0.5664786,0.5308902,0.6400568,0.9080788,0.7269078,0.6472145,0.1278187,0.8771527,0.7435262,0.8244702,0.8552692,0.9213869,0.4337997,0.8729699,0.6505616,0.8176507,0.008237305,0.6350258,0.8332565,0.02633211,0.9135635,0.9147663,0.8438454,0.8799154,0.005483564,0.9063132,0.09247189,0.7295326
"PDD60",0.9507144,0.9139901,0.8287963,0.9699027,0.06294675,0.9600508,0.1423116,0.8255682,0.8806724,0.8717931,0.8532363,0.3650208,0.9572588,0.05231087,0.8168346,0.9336184,0.3220047,0.8393514,0.8644179,0.5554835,0.02202742,0.6374192,0.9666671,0.8614663,0.8504656,0.8883842,0.002878966,0.6162071,0.567112,0.7358749,0.8630811,0.6981974,0.6585202,0.272684,0.866263,0.7218045,0.8512635,0.8770415,0.9365473,0.4384902,0.8122824,0.682831,0.8149309,0.05104319,0.6584945,0.8873326,0.02472492,0.8977111,0.9337004,0.8835956,0.8302418,0.02273969,0.9440402,0.1139589,0.6885899
"PDD51",0.9012119,0.9220673,0.713988,0.9443813,0.07852293,0.9436992,0.1007254,0.8223048,0.8539875,0.8712254,0.8358899,0.2323605,0.790472,0.04135179,0.7637588,0.9540503,0.2392922,0.8383896,0.896792,0.3982565,0.02842247,0.5236987,0.9600462,0.8517137,0.7019688,0.8893087,0.009646302,0.6286721,0.4895014,0.6875736,0.8758324,0.681208,0.5796106,0.1946415,0.8245704,0.6362715,0.8278721,0.8652197,0.8996912,0.2184075,0.7447644,0.6500877,0.8117951,0.01408136,0.6496684,0.8564985,0.02253338,0.9260266,0.923592,0.8240943,0.8521487,0.02706692,0.8497722,0.05313848,0.6354964
"PDD43",0.9225939,0.9179208,0.7242848,0.9595992,0.1127355,0.972961,0.1747009,0.908113,0.8971209,0.9081573,0.8960528,0.286659,0.8190118,0.03395403,0.8464867,0.9541568,0.3106838,0.817344,0.8736011,0.4924489,0.02111602,0.4641187,0.9552135,0.8488421,0.7755396,0.9095356,0.00901404,0.5992239,0.6098699,0.588807,0.935328,0.7094898,0.648314,0.1171891,0.8971301,0.7616442,0.9102344,0.8521282,0.9313603,0.2918162,0.7265365,0.730061,0.8086293,0.02294316,0.6510134,0.8745905,0.02063163,0.9076223,0.9101244,0.7781439,0.848274,0.02215903,0.7958528,0.09117589,0.7042285
"PD14",0.9454039,0.9227926,0.7364537,0.9575508,0.1147952,0.9466974,0.104457,0.7079936,0.927904,0.8228697,0.9141626,0.427936,0.872911,0.01511778,0.7521161,0.8297331,0.3836382,0.8519874,0.8254671,0.4876035,0.02349806,0.5091685,0.9730248,0.834189,0.7429324,0.9388784,0.006916569,0.5710689,0.5996456,0.5908676,0.9685442,0.7519953,0.5885275,0.2029746,0.8798817,0.810197,0.8700156,0.8845046,0.8802189,0.4911379,0.799025,0.6161232,0.8457712,0.02558387,0.6349763,0.8801064,0.03047069,0.91691,0.949154,0.9025045,0.8668557,0.02208641,0.9268364,0.09758809,0.5754096
"PDD5",0.92167,0.8603687,0.7149535,0.9728871,0.08429431,0.9386657,0.06681244,0.8328055,0.9126088,0.9021674,0.9194757,0.3433331,0.9006178,0.04101662,0.8522413,0.8739275,0.3258541,0.7143584,0.8197402,0.6477682,0.01909828,0.6560625,0.9524734,0.920043,0.7527333,0.9465084,0.01102296,0.6330379,0.5139613,0.6269414,0.9605358,0.7153221,0.7522011,0.2214954,0.9033138,0.7755418,0.9187655,0.9092682,0.855419,0.2215276,0.7633547,0.7350385,0.8720468,0.05484933,0.6364119,0.8388145,0.02746442,0.9199235,0.9301282,0.8979774,0.8966002,0.02623767,0.9158437,0.1009994,0.7026913
"PD37",0.9320993,0.9151817,0.8001239,0.973249,0.07839428,0.9688713,0.1840415,0.7745733,0.9027198,0.8767541,0.8517411,0.2887108,0.9334994,0.02325784,0.8411861,0.9636415,0.497446,0.8685586,0.8422494,0.5694995,0.01833223,0.6184295,0.9552686,0.8426878,0.7885705,0.9350234,0.0128388,0.7327775,0.5855596,0.581637,0.9220641,0.7071334,0.6340291,0.1798303,0.898351,0.6641664,0.8897437,0.7944724,0.9059428,0.2560677,0.7863676,0.7047804,0.8318722,0.009786404,0.6881531,0.8729129,0.03156661,0.8900942,0.9223895,0.8768179,0.8732783,0.01939521,0.9539406,0.09805529,0.7464116
"CTRL80",0.927272,0.8892363,0.7795073,0.9735886,0.08909157,0.9401945,0.08532355,0.7897178,0.9235109,0.8432032,0.9185974,0.2695633,0.8509646,0.01400426,0.8151798,0.7913867,0.273611,0.7743243,0.7937445,0.4760561,0.01923719,0.5673295,0.960495,0.8814155,0.6982506,0.9410873,0.002510622,0.5741805,0.5833175,0.5751812,0.9139257,0.6514582,0.5436723,0.1400628,0.8889444,0.7170389,0.8910087,0.8288539,0.8212661,0.3275265,0.7522604,0.6101045,0.7927004,0.01505081,0.5763569,0.8545813,0.02182019,0.910159,0.9458149,0.8470794,0.879832,0.01942725,0.933282,0.0952748,0.5666564
"PDD74",0.9226201,0.9072824,0.6736747,0.9469403,0.1017712,0.9425384,0.08319899,0.6589277,0.9367746,0.879203,0.9041051,0.401583,0.8679895,0.05384801,0.8125533,0.9883795,0.2934416,0.8258443,0.8232384,0.5097178,0.01632747,0.416689,0.9607644,0.8787571,0.8192724,0.9588358,0.007488219,0.5885891,0.6076593,0.6894342,0.9326269,0.6609899,0.6311048,0.1878757,0.8749954,0.7763055,0.9230664,0.8370279,0.8921209,0.2575018,0.7395672,0.6277859,0.7537303,0.00838215,0.6543333,0.8706092,0.02163331,0.9344986,0.9407128,0.8663024,0.8902337,0.01199377,0.9295878,0.06586401,0.6762055
"CTRL62",0.9331803,0.9331243,0.7884004,0.9568686,0.07981238,0.9760934,0.1147071,0.6107367,0.9222356,0.8485145,0.8778762,0.47608,0.9179786,0.02090639,0.8181232,0.9161328,0.2962242,0.8266182,0.8531067,0.4910197,0.01891382,0.6349025,0.9561284,0.8713968,0.8172898,0.9493254,0.01093823,0.5888483,0.6000022,0.8124961,0.9576673,0.7275139,0.566755,0.2221599,0.8735501,0.6417374,0.8876383,0.8439078,0.9103221,0.3471791,0.7706576,0.6547181,0.7337882,0.009688354,0.6128837,0.8747042,0.02651476,0.9185281,0.9429766,0.8900068,0.9001828,0.01068258,0.9544088,0.07391455,0.6335235
"PD3",0.9092822,0.8977682,0.7616728,0.9701862,0.1111566,0.92368,0.1187329,0.6892894,0.9204977,0.9094632,0.8948389,0.3847652,0.8624712,0.04822678,0.832279,0.8742734,0.3341305,0.8061237,0.7934355,0.5154084,0.02919378,0.6101703,0.922612,0.8873646,0.7804342,0.9402105,0.02059462,0.6517353,0.5806552,0.5092996,0.942226,0.7396208,0.6340142,0.2179598,0.8904772,0.7003041,0.8975919,0.8967834,0.8793584,0.4041957,0.7712249,0.6725235,0.7963354,0.03771806,0.6758668,0.8765427,0.03836003,0.915206,0.9425283,0.8687238,0.8854433,0.02675612,0.9287805,0.07069382,0.6995888
"CTRL39",0.9116887,0.9526894,0.7623397,0.9528598,0.08307074,0.9674368,0.1034247,0.6746586,0.9017673,0.8299702,0.9087637,0.482949,0.9332504,0.05969175,0.7712844,0.8925833,0.3869963,0.8065663,0.8118299,0.5323486,0.0188296,0.6351389,0.971377,0.8892438,0.7189623,0.9467855,0.005147606,0.6717998,0.5947562,0.5920729,0.9586085,0.6875405,0.5755365,0.2624189,0.898585,0.7224451,0.8870749,0.8912726,0.8712093,0.4290163,0.7745543,0.6659231,0.7837511,0.02065513,0.7401774,0.8874439,0.03257177,0.898273,0.9416388,0.9195081,0.8951274,0.007794046,0.9637789,0.1424656,0.7035677
"CTRL97",0.9318894,0.9526339,0.783385,0.9680349,0.07370224,0.9364786,0.09537986,0.7623454,0.9427143,0.8534214,0.8993368,0.5272648,0.9227278,0.02358606,0.8019142,0.8823314,0.4367378,0.816733,0.8423387,0.5230099,0.02573987,0.588386,0.9657692,0.8786168,0.8137775,0.9426611,0.008295153,0.6417366,0.6112918,0.7765357,0.9522156,0.707667,0.6246766,0.2115106,0.8955489,0.6207455,0.8560188,0.8472184,0.877641,0.4024507,0.787612,0.6244214,0.7944367,0.01311635,0.633157,0.8820541,0.02408623,0.8902473,0.9487585,0.9091256,0.9021418,0.01198738,0.9480077,0.1129821,0.6419464
"PD47",0.9131285,0.920563,0.782702,0.9517646,0.0742756,0.9511164,0.06207802,0.6596089,0.9066193,0.854985,0.8516922,0.3918784,0.8863535,0.03191706,0.7165894,0.869429,0.276681,0.7976533,0.8098757,0.4914578,0.02769409,0.4872122,0.9501598,0.8251456,0.7155115,0.8941428,0.0127823,0.566726,0.526213,0.7289021,0.9233089,0.5975193,0.5639697,0.2104367,0.9068443,0.6585144,0.8197428,0.8218064,0.9349342,0.2079542,0.7560479,0.6797999,0.6845585,0.02557408,0.6734659,0.818406,0.03447395,0.8824993,0.9119854,0.8989107,0.8566429,0.02132452,0.9253804,0.07751786,0.5701963
"DLB17",0.9369442,0.9415561,0.7014157,0.9503953,0.1041014,0.9543381,0.05198971,0.667144,0.9417579,0.8294177,0.8909372,0.3244839,0.8495574,0.01928534,0.7673256,0.8436382,0.3970869,0.7798694,0.9061748,0.468343,0.01955689,0.4041773,0.9418211,0.9246941,0.6789678,0.9299675,0.01114779,0.5755334,0.6017531,0.5189788,0.9341003,0.6859601,0.4766815,0.1269774,0.9016629,0.6706631,0.8791618,0.8142514,0.8770505,0.3923059,0.6741473,0.5833296,0.7152528,0.009118666,0.5797059,0.8980043,0.02515107,0.926776,0.9289522,0.9069981,0.8514673,0.03564737,0.8964957,0.06167357,0.5539788
"DLB2",0.9668795,0.9153134,0.7042532,0.9720078,0.1538306,0.9312506,0.1051899,0.8292332,0.8878348,0.913639,0.8461607,0.360076,0.9299206,0.0444934,0.8429207,0.8522631,0.2831295,0.8710427,0.8673931,0.5094482,0.02226542,0.6707126,0.9416844,0.8778601,0.7653634,0.8719363,0.01570718,0.6340967,0.5435451,0.5087614,0.9028319,0.7589751,0.6764299,0.2435623,0.8608609,0.7508528,0.8999371,0.895776,0.8743086,0.3737961,0.8301704,0.6835416,0.8650727,0.04494664,0.6791858,0.8932264,0.03576807,0.9302686,0.9264155,0.8404205,0.8413583,0.03621015,0.9030733,0.1100513,0.7517397
"CTRL35",0.9408601,0.9445581,0.7393189,0.9621963,0.07732088,0.9196763,0.1619268,0.8399843,0.8868852,0.8978626,0.9184518,0.4647422,0.8396964,0.04156842,0.8558793,0.9010744,0.3658439,0.8867783,0.8461338,0.5119849,0.02940483,0.5711836,0.958129,0.8607855,0.7715661,0.9175973,0.001032525,0.5694197,0.6029387,0.5988865,0.9598944,0.6913109,0.6054475,0.1436912,0.8992297,0.7942788,0.8492824,0.8801868,0.922497,0.358968,0.8007506,0.6896835,0.7690884,0.02353004,0.6061853,0.9088774,0.02077739,0.8999793,0.9304344,0.8752334,0.8139493,0.02099647,0.8578942,0.1114097,0.6957295
"PD8",0.9383006,0.9340912,0.6442191,0.9628115,0.08045108,0.8521647,0.1317045,0.7766787,0.9226255,0.9243593,0.9110697,0.2702105,0.7959206,0.03266611,0.8437873,0.9434566,0.35279,0.8563464,0.8637676,0.5188568,0.01658528,0.4878375,0.9531316,0.8507998,0.7277863,0.9383432,0.0164271,0.6044548,0.6175637,0.6468058,0.9039945,0.840173,0.6625768,0.1675396,0.8890533,0.7843277,0.9210241,0.9091303,0.9145105,0.2451113,0.6859295,0.7125582,0.832841,0.007995649,0.5296139,0.9229001,0.02710443,0.9201989,0.9269276,0.8559489,0.8560876,0.03346746,0.8519158,0.09118174,0.7606343
"CTRL51",0.9251632,0.9408556,0.8134404,0.9709854,0.032354,0.9460443,0.09064679,0.7065126,0.9653178,0.7931647,0.9445784,0.388801,0.9406279,0.0103349,0.7663971,0.8623499,0.3211159,0.834657,0.8232207,0.4835694,0.011212,0.6049086,0.9626413,0.8387758,0.7254811,0.9418774,0.006861705,0.597673,0.5284357,0.7981659,0.9186461,0.6618831,0.5974621,0.2469762,0.8908784,0.7580049,0.8594836,0.8202068,0.8830582,0.3706157,0.8059421,0.6792213,0.7597591,0.01273196,0.7029748,0.888555,0.01996924,0.9017237,0.9528773,0.8743268,0.9216126,0.006553521,0.9498039,0.0847258,0.6511518
"CTRL77",0.9592275,0.9472991,0.8113702,0.9472875,0.06785434,0.9775987,0.07338737,0.7165383,0.9392585,0.9301108,0.8723545,0.2740393,0.8115233,0.01796517,0.7861269,0.9020819,0.3751104,0.8200622,0.8326819,0.4553883,0.01311724,0.4394471,0.9725293,0.8681151,0.7165417,0.9469117,0.003045977,0.5321621,0.5578713,0.6672438,0.9698003,0.7195037,0.5569914,0.2634996,0.8854486,0.782239,0.9115668,0.8138299,0.8292149,0.2075716,0.7369102,0.6428571,0.7862501,0.007364087,0.6383876,0.8594456,0.01726435,0.9135449,0.9436835,0.8832917,0.9139757,0.01279749,0.934085,0.05580562,0.6683126
"CTRL68",0.9662387,0.9083727,0.7376586,0.9678677,0.08942095,0.9609353,0.1019529,0.674554,0.9198687,0.7990973,0.8895915,0.4194917,0.8911339,0.02975066,0.7797716,0.9001085,0.2662445,0.8326189,0.835352,0.4876502,0.0225181,0.4839098,0.9515168,0.9328236,0.6448992,0.91368,0.005872388,0.5482015,0.5606316,0.6293555,0.9582072,0.7810417,0.5069137,0.2387299,0.9099706,0.581678,0.7956274,0.8056645,0.8902403,0.415334,0.7597049,0.6433034,0.7949533,0.01750977,0.6211697,0.9096271,0.01511808,0.9374155,0.9359792,0.8794335,0.8968739,0.009655376,0.9180697,0.1182591,0.5826844
"PDD24",0.9650406,0.9201489,0.7883536,0.9570105,0.1118072,0.950314,0.01761581,0.7326681,0.9674758,0.8512063,0.9197357,0.3873159,0.8576113,0.01652004,0.8447522,0.8707214,0.3299672,0.8240252,0.815341,0.5466963,0.01817285,0.3421014,0.9772077,0.9458921,0.7810189,0.9544426,0.005511657,0.5819169,0.6359011,0.6382144,0.9776035,0.8346125,0.5998541,0.1064191,0.9248613,0.842642,0.9360722,0.9196028,0.8927755,0.3155048,0.8554981,0.7259831,0.7620857,0.01813663,0.6540208,0.8882581,0.02070779,0.9468793,0.9488271,0.938803,0.9310052,0.005105034,0.9441758,0.08614136,0.8080296
"CTRL19",0.917016,0.9020339,0.768039,0.951789,0.1191378,0.9512457,0.08444745,0.7670405,0.8817824,0.8338361,0.869245,0.367911,0.8652824,0.04412292,0.7908832,0.9374133,0.3288259,0.8220781,0.8118285,0.550657,0.02608025,0.5373831,0.9600236,0.8710858,0.7556835,0.960406,0.007750145,0.6387211,0.6364665,0.7222331,0.9452416,0.722893,0.5831618,0.1496466,0.8970155,0.7478789,0.8602884,0.8669795,0.9034824,0.3367368,0.7306041,0.684947,0.8091637,0.01502581,0.659795,0.8788363,0.02819246,0.9032627,0.9550045,0.9059041,0.8731923,0.01293957,0.8735586,0.1157896,0.6572135
"PDD13",0.9315427,0.9327558,0.9165171,0.9815818,0.05044379,0.9645879,0.09909091,0.8978626,0.9268159,0.9179343,0.8473015,0.3055212,0.9395721,0.04882077,0.8753373,0.918749,0.3085692,0.8811622,0.8097599,0.669231,0.01278445,0.659111,0.9733674,0.8971713,0.8456992,0.9385341,0.005567717,0.5908217,0.5301825,0.9374885,0.8605567,0.7048204,0.7613659,0.2965479,0.9017683,0.7729579,0.8358732,0.8588076,0.9356415,0.3951747,0.9179138,0.7639167,0.8661146,0.04678582,0.663006,0.9371873,0.01708806,0.9532121,0.9689938,0.9130252,0.9281973,0.01598072,0.9547188,0.08191161,0.7230219
"CTRL43",0.9568936,0.9199692,0.7758195,0.9768861,0.1112515,0.9321929,0.1307624,0.5674953,0.9276038,0.8511059,0.8732075,0.4293857,0.9012445,0.01273293,0.7891815,0.8587016,0.3967249,0.750097,0.7740412,0.5470444,0.02465904,0.5022191,0.9434144,0.9131494,0.7457956,0.9318242,0.007448576,0.6614216,0.5426589,0.7837563,0.9053594,0.6494375,0.5966688,0.1419512,0.9058181,0.7951291,0.8737523,0.8185312,0.8684288,0.3731908,0.78443,0.6934226,0.8011788,0.02190794,0.7190244,0.8863403,0.02128226,0.9059519,0.9215491,0.8573721,0.9164195,0.0192181,0.9338175,0.09762347,0.6052252
"DLB11",0.9619498,0.9636016,0.8111378,0.9642399,0.09229236,0.9375899,0.1718229,0.7260134,0.9085037,0.849301,0.9054476,0.3384218,0.9336858,0.03412732,0.8123293,0.9153857,0.4106237,0.8485633,0.8404236,0.4928379,0.01687879,0.5056736,0.9729884,0.902231,0.7717803,0.9477875,0.001773589,0.6244031,0.5882835,0.6853442,0.9561522,0.771871,0.6356327,0.2603748,0.9184787,0.6670797,0.8847325,0.8926033,0.8911788,0.3082759,0.7707799,0.6639756,0.7516823,0.01778527,0.6871689,0.8642179,0.02320967,0.9575433,0.9496317,0.8596928,0.9249357,0.01318521,0.9373105,0.08736309,0.6470959
"PDD58",0.9315341,0.9112596,0.7524139,0.9716889,0.1049339,0.9349266,0.08660637,0.7602211,0.9144408,0.8320083,0.8827538,0.3803337,0.8784685,0.03797686,0.8164736,0.886755,0.3527423,0.8148177,0.910037,0.4923071,0.04625268,0.4903083,0.9758088,0.8681418,0.7694667,0.936962,0.006113658,0.5555276,0.6249304,0.5807522,0.9682057,0.682361,0.5869507,0.1592854,0.9063972,0.6713775,0.8684148,0.8996276,0.9187963,0.3326472,0.8428824,0.6493487,0.759506,0.00770039,0.6518201,0.911849,0.03541331,0.8821209,0.9438165,0.8816212,0.8876434,0.01016698,0.9294263,0.1160365,0.616113
"CTRL42",0.8825668,0.9297017,0.7602445,0.9308175,0.1107151,0.9635281,0.1101844,0.6722903,0.9320702,0.8488606,0.9025158,0.4605046,0.8644535,0.03140811,0.8308631,0.9293421,0.3320733,0.8200097,0.8592417,0.5273803,0.04978279,0.5266978,0.9632817,0.8416371,0.7789663,0.9351786,0.004337687,0.5905411,0.6393906,0.8185677,0.9700672,0.676063,0.5849651,0.2644696,0.8794538,0.7030628,0.8857143,0.8383706,0.9186937,0.3833493,0.8076469,0.6399016,0.8242616,0.005492082,0.6459639,0.9439929,0.02277859,0.8709805,0.9350246,0.9114863,0.8631975,0.006920201,0.9552233,0.1046151,0.6584418
"PDD53",0.9123721,0.9304599,0.7783635,0.9849795,0.05872219,0.9549283,0.1191493,0.7714197,0.8560723,0.8748475,0.8580897,0.4440331,0.8629945,0.03605336,0.870089,0.9290131,0.3130334,0.8746163,0.8433834,0.5200524,0.02279874,0.5807051,0.9737383,0.8378697,0.7418684,0.9041667,0.008416444,0.7437528,0.602588,0.6318402,0.9391587,0.7640414,0.7049171,0.2126804,0.8952245,0.7921553,0.8886949,0.8488519,0.9252837,0.2381538,0.8148377,0.6845263,0.849039,0.008932186,0.6918422,0.8391285,0.02394551,0.9094039,0.9407999,0.8621154,0.8541958,0.01669587,0.9067855,0.0812185,0.7603457
"PD40",0.9451338,0.9235957,0.7593878,0.9483853,0.09178267,0.9685083,0.07802478,0.7805072,0.9026685,0.8238756,0.8762088,0.3892991,0.9341952,0.01952468,0.8597242,0.9115966,0.347113,0.812141,0.8193516,0.554557,0.02398581,0.5595312,0.9566195,0.8800837,0.8027453,0.9262038,6.399181e-05,0.5415679,0.5730293,0.6352447,0.9386703,0.6546523,0.7262216,0.2267842,0.8677856,0.7056938,0.8889564,0.8605001,0.8724952,0.3397539,0.8397352,0.6848506,0.7914361,0.004660132,0.7264741,0.8618296,0.02667935,0.9285956,0.9298593,0.9062853,0.8749926,0.01406281,0.9447495,0.1085221,0.5984706
"PDD44",0.9462281,0.9338897,0.7589955,0.983786,0.05670364,0.9684458,0.06184246,0.8067121,0.8863947,0.8356339,0.8851241,0.4067687,0.8272783,0.05118274,0.7857181,0.9158015,0.2946981,0.8362447,0.8863343,0.500437,0.02027209,0.4217752,0.9816682,0.8475314,0.6883004,0.9107869,0.006387131,0.7068272,0.5752351,0.6475112,0.8953053,0.7234647,0.5900374,0.2188683,0.8473353,0.7148858,0.8905239,0.8883128,0.9064479,0.33271,0.7052945,0.6469688,0.828448,0.02837914,0.594948,0.8924198,0.02291231,0.9242273,0.9380702,0.8632738,0.8884904,0.0167862,0.9181098,0.08076587,0.7275698
"PD6",0.9647628,0.9133924,0.6939533,0.9667125,0.1497513,0.914503,0.05008834,0.6849556,0.8476134,0.8637076,0.9201677,0.4294568,0.9012215,0.02164263,0.820233,0.8190403,0.3153001,0.9315347,0.840197,0.4879342,0.03036475,0.544034,0.9656407,0.9071394,0.6848791,0.9681932,0.01239083,0.5839914,0.562638,0.5596213,0.9702277,0.7674827,0.5442162,0.2400937,0.8958065,0.7425969,0.9125082,0.8328167,0.8831227,0.3586409,0.8063124,0.7365566,0.7958412,0.03021706,0.6567585,0.8573637,0.02371773,0.9547899,0.9103646,0.9016409,0.9359306,0.01770826,0.9439941,0.06607843,0.6861606
"CTRL1",0.948985,0.9154187,0.702387,0.9593801,0.1091765,0.9349746,0.04698465,0.8312013,0.8817951,0.9154701,0.9140324,0.4156181,0.8690825,0.02568664,0.8764618,0.8914018,0.2736727,0.8577812,0.8394847,0.5698078,0.01028278,0.5244052,0.9684956,0.9039444,0.6933851,0.9196716,0.008699466,0.7262791,0.5969397,0.5798606,0.9063497,0.7980057,0.6140868,0.1331599,0.9002486,0.8215612,0.8970006,0.8891794,0.9089798,0.3036641,0.7715195,0.7132125,0.8156681,0.02730493,0.7232405,0.8720216,0.03295134,0.9165204,0.9407757,0.9138642,0.8865279,0.01657668,0.8469975,0.1133876,0.7292146
"PD35",0.9288591,0.8829114,0.808187,0.9505421,0.01645085,0.9715809,0.1648424,0.8160684,0.8796255,0.896624,0.8749539,0.4019458,0.8920646,0.04293482,0.8128362,0.9254248,0.3506366,0.861395,0.9046451,0.5899021,0.02221651,0.467033,0.9585586,0.8971493,0.8647521,0.9248501,0.009232036,0.5512265,0.5844227,0.6708281,0.8889233,0.7171891,0.6522992,0.22853,0.8755356,0.7749726,0.8920157,0.8357316,0.9110378,0.3960872,0.7954864,0.7055797,0.817655,0.01927459,0.63607,0.845368,0.03045305,0.9481419,0.8899934,0.9055884,0.8481154,0.01319337,0.9303529,0.09320719,0.6919132
"PDD41",0.9182965,0.86874,0.7120355,0.9659182,0.07767661,0.9402627,0.1321201,0.7901105,0.8610029,0.8688453,0.8793856,0.3215502,0.8913914,0.05608448,0.8025108,0.9329817,0.2988052,0.808093,0.8324606,0.4531483,0.02004594,0.3858169,0.9649054,0.8116779,0.7736542,0.9058535,0.004165753,0.5468276,0.5668662,0.6774418,0.9273651,0.6711919,0.5657289,0.2534314,0.8838355,0.7288071,0.9260087,0.8004186,0.9164874,0.2130112,0.7255235,0.6659784,0.8060334,0.01134659,0.6229436,0.8519393,0.03001346,0.887013,0.9142964,0.8304281,0.8621303,0.01550697,0.8275782,0.08074315,0.6447228
"PDD70",0.9110749,0.9176729,0.7640759,0.9730999,0.1167884,0.942905,0.1034687,0.7586725,0.9164027,0.9317055,0.9091968,0.3772844,0.845723,0.03982462,0.8095605,0.8969002,0.3780322,0.743044,0.855984,0.5699897,0.01748701,0.5230407,0.9651327,0.9081434,0.7895693,0.9285381,0.00625323,0.6138699,0.6055318,0.6111832,0.9636793,0.6677194,0.6130061,0.1820823,0.8708887,0.803373,0.9078282,0.8988679,0.915341,0.2328084,0.8187921,0.6255485,0.8905561,0.02700782,0.6533858,0.8335718,0.02556428,0.90912,0.9530851,0.8805616,0.9414301,0.01315459,0.9345269,0.07407496,0.7288303
"PD59",0.9582687,0.9179618,0.7791859,0.9650367,0.04956968,0.9725433,0.117818,0.6661763,0.9409178,0.842387,0.8809553,0.3555071,0.844738,0.03135074,0.8051084,0.9359172,0.288858,0.8006655,0.8846567,0.516702,0.01692647,0.600879,0.9695713,0.8858589,0.77514,0.9084295,0.006417411,0.5366936,0.5536327,0.6300323,0.9570932,0.67698,0.5333264,0.2483953,0.9002744,0.7206107,0.9332792,0.8610157,0.8648835,0.2948222,0.6749372,0.6289249,0.8461694,0.0165387,0.6520023,0.8544505,0.02643823,0.9200688,0.9420133,0.8375244,0.9026819,0.01017264,0.9163098,0.07360168,0.5547031
"PDD28",0.9394643,0.9352688,0.8683653,0.9855719,0.08814528,0.9407854,0.08145036,0.7509706,0.8960569,0.9116098,0.8355516,0.2520242,0.9415382,0.04740567,0.9013719,0.8686631,0.2820868,0.9153035,0.8242097,0.5392173,0.01636727,0.4444482,0.9595326,0.8855243,0.8326632,0.9282314,0.007327081,0.6767397,0.5037479,0.6452381,0.892836,0.6732647,0.7516833,0.2946258,0.8766249,0.7877488,0.8531716,0.8879775,0.9215286,0.3265198,0.8520275,0.6889077,0.8333751,0.02340899,0.7119565,0.9189294,0.01895407,0.9315523,0.9302383,0.8399111,0.4661019,0.02505944,0.9418668,0.1435739,0.719907
"CTRL78",0.9399969,0.9050201,0.7435247,0.9629646,0.122996,0.9133751,0.06562484,0.7139084,0.9184388,0.8671984,0.8674657,0.4463507,0.9032111,0.03648231,0.8625437,0.8193247,0.2506133,0.8309028,0.830403,0.5870609,0.02024183,0.6134203,0.954614,0.8228857,0.7193962,0.9506827,0.01227259,0.6143539,0.6017739,0.5807433,0.9474556,0.7417017,0.7464034,0.2371926,0.8997188,0.7548484,0.9189294,0.8542284,0.8970488,0.3260633,0.8331603,0.694677,0.7691291,0.04102869,0.5982516,0.8770112,0.02238664,0.9358648,0.9795841,0.9042628,0.8797124,0.02516981,0.9397846,0.07398329,0.7370813
"CTRL64",0.9651616,0.9080069,0.7816607,0.9456701,0.08474521,0.968399,0.04077201,0.6256542,0.9412347,0.9124547,0.8485821,0.3651606,0.9052279,0.02332971,0.7234944,0.8870252,0.2493847,0.7382129,0.7809676,0.462824,0.01678689,0.3688921,0.9564403,0.8999514,0.7436366,0.9417804,0.009101985,0.4803717,0.5057469,0.6478613,0.9191227,0.6241865,0.632813,0.1731969,0.8919524,0.6345653,0.9140181,0.8567895,0.884938,0.4070431,0.740285,0.6656314,0.679276,0.0139247,0.6758158,0.8527996,0.02982693,0.9063738,0.9583239,0.8430554,0.6365909,0.005681821,0.9381044,0.08011235,0.6595875
"PD48",0.9440798,0.9286075,0.7871664,0.9712999,0.0825259,0.9705284,0.1402709,0.7688169,0.8682242,0.7898041,0.8633443,0.4243738,0.9080295,0.04820716,0.7682985,0.945785,0.3510832,0.7627418,0.8138943,0.5202853,0.02445521,0.5058733,0.9560434,0.8974426,0.7189813,0.9511972,0.007022291,0.5303619,0.5643899,0.7316617,0.9407694,0.5876516,0.6504958,0.2031792,0.8952156,0.5204378,0.8402282,0.7621112,0.8628019,0.3174723,0.7292805,0.6696917,0.6812543,0.01318435,0.6281711,0.8519815,0.03895484,0.902284,0.9154376,0.9057081,0.8227083,0.006465719,0.9301036,0.09100077,0.6581656
"PD21",0.9576976,0.8809037,0.7980456,0.9670454,0.1796838,0.9615258,0.100773,0.7917431,0.9374531,0.9378611,0.8985942,0.3350247,0.8670625,0.02925005,0.8666068,0.9261792,0.3786254,0.8634066,0.838913,0.5466927,0.02017768,0.5955871,0.9827971,0.8361849,0.7743453,0.9394886,0.01055897,0.5978185,0.5767851,0.7001695,0.9543944,0.7668156,0.6689494,0.2984439,0.9115732,0.8088556,0.9087122,0.899345,0.9217241,0.4172283,0.8146868,0.6486649,0.8805078,0.03144497,0.6003351,0.8795197,0.02182959,0.9373459,0.9412748,0.8286139,0.9211632,0.006098936,0.9465155,0.1236461,0.7822984
"CTRL95",0.9164791,0.9301462,0.8491435,0.9782059,0.06612944,0.9680037,0.1114848,0.6810035,0.9435292,0.8105046,0.9072845,0.500948,0.9132137,0.02851616,0.7644721,0.8981391,0.3920522,0.8839833,0.8608768,0.5378798,0.03064158,0.5465846,0.9602435,0.8899176,0.7919399,0.9352662,0.001822497,0.6649255,0.6176053,0.6117094,0.951555,0.726157,0.5919881,0.2207426,0.9084724,0.7777703,0.8336659,0.8706803,0.9002093,0.3745369,0.7744212,0.6633519,0.775793,0.02170593,0.7433394,0.8752015,0.02215005,0.92069,0.9454868,0.9026911,0.8491054,0.006924362,0.9400913,0.1196498,0.6478379
"CTRL57",0.9155072,0.9437362,0.7903409,0.9578305,0.1293981,0.9640334,0.07608554,0.7174824,0.9355652,0.8648686,0.9135226,0.456766,0.9193671,0.03324429,0.7677048,0.8412602,0.3539872,0.7356473,0.7740395,0.4561962,0.01560345,0.5738077,0.960486,0.8969506,0.7331637,0.9369486,0.001656511,0.5116941,0.5983506,0.7188828,0.9697328,0.7182011,0.5446884,0.1695441,0.9069051,0.5414562,0.8749947,0.8448834,0.900303,0.3454691,0.7906547,0.6439813,0.7842407,0.008163309,0.6169365,0.847957,0.02175945,0.9257687,0.9304929,0.9090714,0.9216069,0.01558662,0.9348197,0.08716342,0.5472274
"PDD30",0.9338584,0.9171609,0.6940285,0.9636258,0.1455402,0.9526672,0.06062495,0.7806681,0.9201266,0.9026884,0.8766529,0.3202935,0.8295416,0.02579514,0.8626975,0.8900729,0.3315417,0.7726621,0.8944966,0.4921169,0.02840193,0.4698917,0.9575583,0.9057563,0.7231742,0.929749,0.007184887,0.5326224,0.6460972,0.5359612,0.9321549,0.6763688,0.6112197,0.2094587,0.8495182,0.8020409,0.9041859,0.8495367,0.8964935,0.30388,0.814467,0.6588542,0.856032,0.01138238,0.609675,0.8932941,0.02556824,0.9302424,0.9505064,0.8749644,0.886147,0.00467957,0.9027177,0.08563845,0.6822985
"PDD22",0.9654517,0.9033872,0.7331072,0.9682197,0.07203501,0.9635518,0.1110152,0.9354555,0.950914,0.9269203,0.875791,0.3502815,0.8881044,0.0356585,0.8397749,0.9404413,0.2653302,0.7904802,0.8561635,0.5291174,0.01601511,0.5436112,0.9735258,0.8554705,0.7344731,0.9271147,0.00213774,0.6067018,0.5680776,0.7482605,0.8850033,0.7998289,0.6121181,0.1680997,0.8775181,0.8637028,0.9309032,0.8450229,0.9425338,0.3210112,0.7493949,0.7422791,0.8318613,0.007229063,0.6444282,0.8819499,0.03561743,0.9504113,0.9256304,0.8142971,0.9131803,0.02070075,0.9417458,0.1083026,0.7046773
"DLB15",0.9510041,0.8893416,0.7482904,0.9737429,0.1045617,0.9389467,0.07885534,0.781908,0.9406068,0.9658791,0.8670864,0.3385516,0.8697704,0.04023085,0.8236737,0.909824,0.2548001,0.7962233,0.8392709,0.5108937,0.02224997,0.6297317,0.9635253,0.8934845,0.712124,0.9505612,0.01473245,0.6277106,0.5378625,0.7139257,0.9203935,0.7811515,0.638658,0.299524,0.889857,0.6882421,0.8230777,0.8281128,0.8706877,0.2945389,0.8239592,0.6800263,0.837835,0.03272343,0.6803288,0.8439538,0.03160631,0.9200156,0.9481163,0.8509554,0.9145909,0.02421939,0.9078642,0.07788822,0.6657854
"PD50",0.916528,0.9273675,0.7967652,0.9800259,0.0666516,0.9671444,0.1150828,0.7225922,0.8580398,0.8350398,0.899179,0.3501605,0.8523192,0.04713328,0.8026162,0.9135725,0.3268414,0.8067413,0.8420549,0.5240698,0.02556391,0.5502423,0.9599253,0.8886985,0.747478,0.9203336,0.0112017,0.5425651,0.6060048,0.6723039,0.9467469,0.6631238,0.5633289,0.1673638,0.8940769,0.6960127,0.8848525,0.8564493,0.888701,0.3991825,0.7313442,0.6793629,0.801817,0.0127605,0.6710313,0.8018695,0.03514159,0.9246608,0.9434033,0.8878041,0.8813425,0.01196402,0.9346465,0.09400029,0.6475241
"CTRL29",0.9318551,0.9093731,0.5915861,0.9503216,0.08776711,0.9777433,0.1497771,0.8339043,0.8863101,0.9544768,0.8582459,0.3200686,0.7392344,0.02616127,0.8095102,0.8907787,0.2315931,0.7539245,0.8274007,0.3756957,0.0225468,0.4963607,0.960585,0.790114,0.6937968,0.9353622,0.003469211,0.6253493,0.5761861,0.6803536,0.9012963,0.6424524,0.5202261,0.1490545,0.8295618,0.6915529,0.8907591,0.7878171,0.9075552,0.2814068,0.6278355,0.7270997,0.814199,0.006335604,0.6170295,0.7894316,0.01813003,0.8891138,0.925592,0.8355678,0.8294032,0.02055691,0.8404717,0.0833764,0.6565185
"PDD54",0.9481418,0.8974413,0.7724002,0.9567935,0.1191182,0.9572284,0.1437035,0.8085955,0.908342,0.8809901,0.8907637,0.4223729,0.8225495,0.02647338,0.8651811,0.9177366,0.3711477,0.8275496,0.9084638,0.5721328,0.01188248,0.5033527,0.9794541,0.8909112,0.7723571,0.9475223,0.01078272,0.7205434,0.5906674,0.6812334,0.9640807,0.7417133,0.6491995,0.2092206,0.8903881,0.7512668,0.8767727,0.8711009,0.9245235,0.2534576,0.7634853,0.7113879,0.8299487,0.009921331,0.5463918,0.9066662,0.01873756,0.932859,0.9468274,0.8731702,0.8886735,0.02409514,0.9089753,0.107149,0.7038548
"PDD27",0.9338239,0.9088547,0.7747311,0.977782,0.1395918,0.9340109,0.03496497,0.7214078,0.9113303,0.854597,0.9297393,0.5373403,0.890745,0.0370259,0.8442012,0.8603029,0.4039601,0.836353,0.8558739,0.5907238,0.01866226,0.5641216,0.9544943,0.92201,0.7541374,0.9431405,0.005070423,0.5658753,0.6114737,0.6446204,0.9827821,0.7824013,0.4932194,0.1528298,0.8826185,0.7064719,0.8964579,0.8775224,0.9159678,0.3048455,0.788791,0.6215741,0.7744279,0.01537875,0.6146905,0.8725662,0.02277014,0.9212401,0.9426683,0.8829207,0.9198679,0.02949867,0.9461544,0.1092168,0.5334894
"DLB24",0.9378102,0.9263746,0.7425313,0.9630763,0.05245459,0.9451553,0.1336014,0.8247964,0.8840374,0.8816161,0.8624479,0.4549124,0.7554675,0.04431797,0.7612391,0.9284547,0.3074463,0.8975886,0.830774,0.4922937,0.02260618,0.510841,0.9689341,0.8388921,0.7058519,0.9427314,0.006805158,0.6276783,0.6369647,0.681683,0.9136803,0.6951971,0.5735773,0.1802097,0.8781552,0.7797533,0.8603446,0.8799803,0.9048229,0.2187742,0.6691646,0.6682072,0.8071078,0.01605696,0.5743989,0.8870726,0.02843742,0.9090683,0.9270267,0.8398926,0.8284453,0.01157838,0.8693654,0.1015202,0.650731
"PD23",0.9476509,0.9256865,0.7396451,0.9845229,0.1045375,0.9590146,0.127392,0.873285,0.9319731,0.8753102,0.8934884,0.3992423,0.872644,0.03129844,0.8274009,0.8732622,0.2878543,0.7549607,0.8861312,0.4707893,0.02357285,0.5573825,0.9523929,0.9042006,0.7259977,0.951707,0.005375723,0.6038412,0.6042626,0.6551893,0.95521,0.7446166,0.5679711,0.2697161,0.8945911,0.7451318,0.9128441,0.9222535,0.8937255,0.3428904,0.8294961,0.6763984,0.813185,0.0119506,0.6157536,0.8973496,0.02086096,0.9251474,0.9487273,0.9292287,0.9047134,0.01183402,0.8996172,0.03957019,0.6901595
"PD30",0.9176784,0.9528194,0.8339742,0.9671403,0.07196297,0.9635977,0.06206307,0.7531972,0.8790861,0.8438698,0.877269,0.3787488,0.8421766,0.02786982,0.8470597,0.8934453,0.372202,0.8524765,0.8451636,0.5166909,0.01670146,0.5606526,0.9547021,0.8737539,0.8211138,0.955142,0.001413169,0.6105061,0.6342149,0.5979712,0.9428849,0.7272618,0.6156687,0.1930151,0.8600867,0.6628369,0.8824361,0.850455,0.9072024,0.4329288,0.7941362,0.6971156,0.81642,0.0342503,0.7004845,0.8734723,0.02580994,0.9139962,0.937746,0.8588423,0.8744742,0.0134076,0.9314407,0.07719353,0.7146086
"PDD15",0.9398281,0.9183253,0.6990483,0.970723,0.1343509,0.9129251,0.0615405,0.6662844,0.9129997,0.8918653,0.8458072,0.4347938,0.8998881,0.01877084,0.8294532,0.8369221,0.3179866,0.8157662,0.814104,0.4959819,0.0280793,0.495271,0.9617566,0.8547346,0.7719782,0.9421256,0.008411677,0.5482535,0.5963332,0.5753026,0.9345355,0.6843321,0.6376432,0.163993,0.9299555,0.7598516,0.9384362,0.9133478,0.8152864,0.1741091,0.7466323,0.7060917,0.7623315,0.02322449,0.6383704,0.843873,0.01910906,0.9218058,0.9338502,0.8797163,0.9107253,0.02372416,0.942193,0.07972991,0.7188629
"CTRL50",0.9281776,0.9052637,0.8206812,0.9725424,0.1317054,0.9760392,0.119842,0.7705872,0.9325795,0.8332955,0.8948687,0.3868861,0.868809,0.02820279,0.7591425,0.8795051,0.2977091,0.8495864,0.8754223,0.4952828,0.00843387,0.4453553,0.9688849,0.9108762,0.7590878,0.9214968,0.006972379,0.5717267,0.5693673,0.8120898,0.9383908,0.7021437,0.571609,0.1742159,0.9068563,0.6927734,0.8261466,0.8162461,0.9265609,0.4013145,0.7463892,0.6143273,0.7916013,0.003201107,0.5622434,0.8655477,0.02714593,0.9197926,0.9578872,0.9023025,0.9429851,0.008890916,0.9134564,0.09224268,0.606035
"CTRL93",0.9132955,0.9215384,0.8061594,0.9705295,0.1257231,0.9332026,0.03813007,0.7337605,0.9213228,0.8445779,0.9117503,0.3834739,0.9024379,0.03154629,0.8057883,0.8641497,0.2686147,0.7959073,0.7499208,0.5910346,0.01276946,0.6108164,0.9739482,0.8716537,0.6777643,0.9536838,0.003456619,0.5566037,0.5255265,0.7654242,0.938295,0.6789678,0.6430156,0.1364307,0.8796624,0.6536737,0.8272815,0.8515447,0.9167973,0.3138879,0.7821625,0.6755118,0.8135598,0.02273129,0.5874573,0.8703583,0.03406081,0.9035775,0.9501608,0.8818162,0.8875256,0.009043547,0.9473098,0.09937428,0.6539678
"PDD35",0.9215452,0.9607296,0.8288842,0.969269,0.09366433,0.9617193,0.1049042,0.7233983,0.9147247,0.9148854,0.8162946,0.3428313,0.8804035,0.05216839,0.8578679,0.92594,0.386959,0.8898194,0.8490244,0.5439191,0.02114354,0.5199821,0.9677232,0.8868786,0.8298659,0.9487247,0.009278711,0.6325224,0.53036,0.7151876,0.8703914,0.6919217,0.6597059,0.2965111,0.86685,0.7820505,0.8624159,0.9229241,0.8359014,0.2881886,0.8384594,0.7092149,0.831178,0.02427725,0.6499507,0.9033505,0.03169714,0.9209324,0.9080816,0.8908158,0.8999289,0.02233185,0.9411666,0.0520062,0.69914
"CTRL73",0.9363414,0.9265903,0.8049682,0.9477526,0.06732249,0.9424701,0.05470598,0.7562176,0.9561353,0.9435788,0.8661593,0.3688821,0.9271569,0.03214313,0.7706742,0.9463268,0.3109737,0.8351045,0.832495,0.4577502,0.02546211,0.6289114,0.9850109,0.9113538,0.7357131,0.8804691,0.005864918,0.5313214,0.5052332,0.654671,0.9744515,0.6552676,0.5436058,0.2241253,0.8825778,0.7571716,0.898477,0.7978535,0.8115727,0.290278,0.7811699,0.6339647,0.6751518,0.02300667,0.7107153,0.805735,0.02679897,0.9118977,0.935605,0.8731328,0.8917534,0.01904848,0.9557431,0.07739984,0.5710267
"PDD6",0.9313731,0.9177103,0.8524582,0.9655001,0.1121907,0.9727423,0.1191603,0.8263661,0.8781384,0.9384243,0.8308209,0.3843596,0.9249553,0.1192467,0.8933007,0.9254353,0.3948766,0.8599383,0.839568,0.6247117,0.01994178,0.7025436,0.9649982,0.8718229,0.8105529,0.911834,0.01111963,0.7092537,0.5686596,0.6802088,0.8491322,0.7481882,0.708523,0.299067,0.8746894,0.8583697,0.8800117,0.8651931,0.9267888,0.3212091,0.8485215,0.8013985,0.8652515,0.03246549,0.6664928,0.9274798,0.02716744,0.9302663,0.9564266,0.900883,0.9057135,0.02677692,0.9178792,0.1055959,0.7510927
"CTRL13",0.9057522,0.9133728,0.6934815,0.9333942,0.05638534,0.9375778,0.1165127,0.595343,0.9195304,0.8220765,0.9312377,0.3928165,0.8650232,0.02552819,0.6957135,0.8670559,0.294848,0.7806203,0.800348,0.3898417,0.01818276,0.3902825,0.9753961,0.7920994,0.7513646,0.9229371,0.008,0.4932774,0.5533854,0.791867,0.9448075,0.6082684,0.4910663,0.2133395,0.9038229,0.563202,0.8324968,0.7910502,0.8924284,0.3260002,0.7097667,0.6364784,0.7697567,0.01816718,0.6096876,0.8566336,0.01710923,0.8719456,0.9196649,0.9345451,0.9159941,0.01447874,0.8827355,0.06198418,0.5915477
"PDD73",0.9613885,0.9498296,0.7682103,0.9798212,0.1246515,0.9149283,0.07310609,0.778191,0.9251025,0.9256659,0.9346421,0.2245809,0.8471181,0.01851105,0.8781428,0.7956606,0.2626307,0.8453953,0.892725,0.514174,0.01566952,0.5067325,0.97297,0.9178252,0.7456648,0.9535494,0.01206835,0.619887,0.6906619,0.5549629,0.9802183,0.8259803,0.6628961,0.09481293,0.9141795,0.8175739,0.9451771,0.9290771,0.9059316,0.3913306,0.7647655,0.6796562,0.7756845,0.01435294,0.5327121,0.9120745,0.01009027,0.9284388,0.9564283,0.9405172,0.9215065,0.006225435,0.934749,0.06043388,0.6972002
"CTRL81",0.9111866,0.9451047,0.7359792,0.9682744,0.0385832,0.9536184,0.05060524,0.6518974,0.9255334,0.7868212,0.8393764,0.3346777,0.7578965,0.03525038,0.8150168,0.9320857,0.340008,0.8570008,0.8549334,0.4670209,0.01860072,0.4533429,0.9687083,0.89691,0.7187154,0.9446749,0.01171875,0.5408819,0.552794,0.7897092,0.9223227,0.6528503,0.6079642,0.1876105,0.9135384,0.7483304,0.8393704,0.7839956,0.8893149,0.3466152,0.7565317,0.6358373,0.7331,0.01321398,0.6958398,0.8736195,0.02503712,0.9398889,0.9366779,0.8680436,0.912284,0.01164743,0.9205708,0.08149007,0.6194844
"CTRL33",0.9041689,0.9426941,0.7553363,0.9446153,0.06143151,0.9734631,0.08188299,0.6615515,0.90951,0.8018813,0.8727264,0.4761701,0.8740063,0.05404243,0.7703625,0.8982843,0.3428828,0.8036059,0.8565311,0.474721,0.02214238,0.4762741,0.9685463,0.8840534,0.7212108,0.9394945,0.003195126,0.559138,0.6329842,0.6568488,0.9491536,0.6491734,0.5476373,0.1504451,0.9053944,0.6294327,0.8507831,0.8563469,0.9053489,0.3340635,0.7150613,0.6275388,0.7593555,0.009303522,0.5175258,0.9000722,0.02078805,0.9000377,0.9336742,0.8842942,0.8586648,0.01028655,0.9330738,0.09972873,0.6244439
"PDD49",0.9237777,0.9206154,0.690462,0.9684279,0.07128541,0.9656447,0.1889879,0.705426,0.8668974,0.9170261,0.8574025,0.2580411,0.8702599,0.03996383,0.8687124,0.9503402,0.2834365,0.8393289,0.862458,0.4868204,0.02360402,0.5440151,0.9567908,0.8522702,0.7072889,0.9261692,0.005252918,0.5845286,0.5910729,0.7573289,0.9270071,0.7057333,0.6279881,0.2050007,0.8853278,0.8185023,0.8563759,0.7601692,0.9484836,0.2297949,0.7113502,0.7085025,0.7689237,0.009781545,0.6537958,0.8111385,0.01938417,0.8951249,0.924824,0.8172261,0.8687005,0.01616513,0.9629666,0.04838783,0.701685
"PD27",0.9070984,0.9298063,0.8113081,0.9745383,0.07566776,0.981856,0.1133422,0.7692081,0.9027144,0.8816726,0.8659178,0.3542049,0.904653,0.04036446,0.8198292,0.86259,0.4346789,0.8243531,0.9047311,0.50111,0.02356334,0.6238401,0.9419021,0.8564688,0.810629,0.8838172,0.005698553,0.6114253,0.5325408,0.5127066,0.9231386,0.6892718,0.6236413,0.2638114,0.8663954,0.7167585,0.8195284,0.8650321,0.8873402,0.340528,0.7903633,0.6923573,0.7449865,0.04201228,0.6970285,0.8753476,0.02452204,0.9222219,0.9030684,0.8870571,0.9248684,0.01550819,0.9243998,0.08441892,0.6149479
"PDD4",0.9324419,0.8841625,0.7011782,0.9738122,0.1726614,0.906801,0.1285416,0.7164094,0.9008637,0.8973679,0.919767,0.5163176,0.8369085,0.02809337,0.8762226,0.7957973,0.2672463,0.7596512,0.7774794,0.5252206,0.03454215,0.4785297,0.9694562,0.8994524,0.7278549,0.9418822,0.01614082,0.6788022,0.6124414,0.5380812,0.9590255,0.7752306,0.6092275,0.1623899,0.9184572,0.7957118,0.8953085,0.916483,0.8781231,0.3244761,0.7277584,0.6496453,0.7123691,0.01371102,0.5210465,0.8803856,0.03474737,0.9202913,0.9351736,0.9143946,0.9087834,0.01056429,0.8473703,0.05664397,0.6856352
"PD58",0.9270865,0.9185702,0.7768421,0.9741816,0.06192938,0.9661628,0.1237798,0.7676043,0.9328584,0.8342745,0.8998501,0.3205491,0.929531,0.05266443,0.8501752,0.9442086,0.3293584,0.8397404,0.8729779,0.5261547,0.01809755,0.5217123,0.9742709,0.8774077,0.7829698,0.9315605,0.009473027,0.6546226,0.5679888,0.624225,0.9569476,0.782448,0.6161979,0.2384248,0.8953089,0.7960471,0.8901758,0.8934417,0.947689,0.3573764,0.8234376,0.6599974,0.8342768,0.01476736,0.6248222,0.8347473,0.02391223,0.9230148,0.9304842,0.8361182,0.4980499,0.01269033,0.9448795,0.0375374,0.7139596
"CTRL85",0.9194476,0.880285,0.7581948,0.968045,0.04035758,0.9635534,0.1012231,0.7282413,0.9352147,0.9060244,0.8691967,0.3739796,0.7780386,0.05216099,0.7778933,0.8995241,0.3556663,0.8040051,0.8839811,0.4703835,0.0167708,0.4747291,0.9440317,0.8963125,0.8378026,0.9415209,0.004369265,0.5667998,0.5282688,0.6925839,0.9078214,0.7076016,0.5578536,0.1805274,0.913085,0.7979826,0.8882062,0.85902,0.8788021,0.2548002,0.7110109,0.6624681,0.7665688,0.004317368,0.6577851,0.8755737,0.02922815,0.8887487,0.9281665,0.8147284,0.8770011,0.05708733,0.9159084,0.1357019,0.6674592
"PD52",0.9402919,0.913062,0.6815784,0.9634041,0.04440293,0.9706486,0.1471941,0.8352492,0.9382375,0.9471553,0.8945299,0.3201251,0.795803,0.05653485,0.8598719,0.9310448,0.3088752,0.8357675,0.819844,0.4785486,0.0120943,0.6043878,0.9771492,0.8903933,0.7770176,0.9239354,0.00314052,0.6448429,0.5884452,0.7358959,0.9387496,0.7591302,0.5949087,0.1632614,0.8912887,0.8538354,0.8281724,0.8083567,0.9209694,0.2951002,0.7017501,0.7255075,0.8800894,0.007180263,0.6127918,0.8682815,0.01847384,0.9227637,0.9472154,0.846053,0.8716162,0.003880966,0.8339284,0.07448891,0.7202751
"PD60",0.9717857,0.918438,0.7836592,0.973609,0.04272828,0.957205,0.07934602,0.8519008,0.9158763,0.9579606,0.8981766,0.3484129,0.9210937,0.05882704,0.8167006,0.9284233,0.3670052,0.8322134,0.8237905,0.534857,0.01759512,0.7108069,0.9606572,0.8927224,0.825336,0.9351427,0.008638272,0.6358865,0.5266795,0.5690576,0.9388398,0.7243294,0.6615321,0.2639501,0.8996777,0.7885595,0.9126143,0.8641328,0.8816808,0.3347376,0.8344893,0.7021484,0.8460608,0.01150166,0.6679802,0.9111644,0.01940111,0.9703889,0.9497419,0.8809549,0.6346963,0.008445234,0.9393336,0.05252832,0.6616928
"PD61",0.9236826,0.8391845,0.8470382,0.9720513,0.06529213,0.9538627,0.09625007,0.6707861,0.9309532,0.8673809,0.8307748,0.43655,0.8752129,0.04098575,0.8420355,0.9256471,0.3385465,0.8169911,0.8817412,0.5059343,0.01014901,0.5169637,0.9303559,0.8558331,0.7976569,0.9366232,0.007755373,0.5151506,0.5646944,0.7013232,0.9010014,0.7043041,0.6190887,0.1861191,0.8775705,0.7275328,0.8170723,0.8015602,0.9185376,0.2367604,0.7411371,0.6151648,0.785879,0.008788289,0.676533,0.8704403,0.02489199,0.9192701,0.9470046,0.8382598,0.8921239,0.01924234,0.8951151,0.06624028,0.587512
"CTRL11",0.9451969,0.9096995,0.6970885,0.9562854,0.1074809,0.9502986,0.03626974,0.8278356,0.949507,0.8503929,0.9106224,0.3290699,0.8400034,0.03565539,0.7894478,0.8463105,0.2939318,0.9245057,0.8146841,0.4723315,0.02550741,0.4020943,0.9730932,0.8975462,0.6701722,0.9462691,0.009785676,0.5293721,0.582979,0.5761838,0.9593661,0.8055513,0.5942119,0.1316593,0.8524691,0.7690831,0.9141632,0.8557912,0.9005805,0.3628682,0.7588567,0.6367639,0.7569085,0.003553312,0.6370309,0.8464426,0.01658764,0.9255948,0.9536042,0.9025668,0.9116672,0.00627067,0.933799,0.1052944,0.6097726
"CTRL40",0.924339,0.9240192,0.8015189,0.9578705,0.1463134,0.9371793,0.1132974,0.6889873,0.9229239,0.8316959,0.9262876,0.4599463,0.8702859,0.03465598,0.8023607,0.8479451,0.3538665,0.7866299,0.8502912,0.5319701,0.02901641,0.4980398,0.9754884,0.9179837,0.7799561,0.9559123,0.007370437,0.5748248,0.6475385,0.7152589,0.965364,0.6900114,0.598537,0.07201691,0.8666202,0.6539699,0.8425151,0.8717057,0.8231982,0.3926907,0.7058457,0.6756901,0.7386751,0.01038871,0.6303364,0.8726464,0.0290566,0.9312293,0.9355232,0.9254632,0.8862884,0.01649206,0.9526366,0.08958043,0.6079581
"DLB35",0.952391,0.9389708,0.7909666,0.964925,0.08591841,0.9570432,0.08508035,0.7012496,0.8865122,0.8451352,0.9036289,0.431029,0.8946842,0.02948385,0.7767928,0.839938,0.3030271,0.7936196,0.8833104,0.5016596,0.01231201,0.581552,0.9666406,0.8680549,0.7150561,0.949143,0.006922144,0.5750499,0.6001271,0.6700287,0.915891,0.724496,0.6028984,0.1925987,0.8717287,0.6855414,0.9116185,0.8620829,0.912521,0.3468822,0.7688534,0.6763673,0.7729636,0.0082903,0.6559557,0.8580353,0.03052689,0.9106368,0.9352122,0.9050814,0.8601439,0.01119292,0.9147993,0.08173318,0.6732009
"PD9",0.9306561,0.942513,0.7283206,0.9605292,0.1180555,0.914644,0.1266265,0.7232,0.9299472,0.9028969,0.9128143,0.381498,0.8920829,0.04696614,0.8815649,0.8514646,0.4136656,0.8374776,0.8651314,0.5077807,0.02002913,0.4420903,0.9524897,0.8555738,0.7430261,0.890393,0.01043062,0.5741485,0.592926,0.6391058,0.9125634,0.7625338,0.5626346,0.175109,0.9028657,0.7116421,0.8730277,0.8580204,0.949604,0.3921763,0.7267418,0.6783013,0.728364,0.01735951,0.647236,0.8413067,0.02445679,0.9361866,0.9525956,0.8164832,0.8998823,0.02508407,0.8763357,0.08032254,0.640979
"CTRL79",0.9397866,0.9376636,0.7362144,0.9647144,0.05872199,0.952994,0.09005652,0.6502493,0.9261036,0.8670369,0.9174182,0.4146731,0.8561912,0.04903603,0.7623169,0.9024726,0.2642315,0.7600542,0.8382616,0.4753553,0.01650516,0.3911465,0.9598973,0.8559994,0.6995911,0.9612093,0.005210888,0.5722824,0.5893281,0.7563936,0.9570342,0.6628295,0.5320467,0.1005395,0.9224423,0.736938,0.8702866,0.9023263,0.896732,0.3414337,0.7058151,0.630125,0.6672185,0.005407254,0.6100121,0.8825162,0.01817074,0.9222759,0.9326309,0.8445098,0.9155078,0.01033005,0.9319523,0.06768139,0.6669442
"PDD61",0.954291,0.9204087,0.7293012,0.9553987,0.1126919,0.9753989,0.1156019,0.6507575,0.8652595,0.8120792,0.8744155,0.3998518,0.9156223,0.0419871,0.7353065,0.899478,0.3360051,0.7174627,0.8523647,0.5232193,0.02391497,0.5569244,0.9559633,0.8462108,0.6828436,0.9216731,0.01189931,0.6080541,0.5489971,0.6573514,0.959715,0.6613676,0.629155,0.2236722,0.8773207,0.6783537,0.8385997,0.7993217,0.9019699,0.3952204,0.784444,0.6543002,0.7653721,0.01339058,0.6958655,0.8662406,0.03099743,0.9102933,0.9289299,0.8777575,0.8637682,0.01826623,0.9388633,0.08607446,0.6871729
"PD56",0.9627046,0.9325971,0.7946613,0.9695588,0.09544786,0.9642781,0.1126811,0.7358197,0.9078669,0.9029779,0.9021258,0.442972,0.9177255,0.020975,0.8192898,0.892815,0.3072204,0.7956939,0.8685698,0.4882196,0.01566563,0.5326664,0.9786224,0.8936217,0.6940067,0.9227828,0.001804004,0.6301865,0.5739014,0.7449404,0.9585241,0.6911213,0.5700042,0.1552703,0.904342,0.6674682,0.9427097,0.8666598,0.9251845,0.3007409,0.7853076,0.6806501,0.7974779,0.01852677,0.5773787,0.8888439,0.01785327,0.9395328,0.9408116,0.9081373,0.9334763,0.01101924,0.9054337,0.05575596,0.7078094
"CTRL55",0.9230546,0.9209848,0.7447961,0.9643943,0.08969424,0.9464007,0.08290068,0.7455168,0.9359106,0.8003934,0.9134373,0.4768746,0.9157642,0.03817142,0.7712615,0.8687494,0.3718073,0.7641508,0.8152139,0.5008057,0.02231574,0.4749114,0.9656669,0.8191273,0.6347644,0.93474,0.002112234,0.5783335,0.5985453,0.7280205,0.9525749,0.6739354,0.5380631,0.1709531,0.883136,0.6385378,0.8661509,0.8359847,0.9168885,0.4102545,0.821423,0.630502,0.7337078,0.0148764,0.6544169,0.8796737,0.02849788,0.9307903,0.9404181,0.8744144,0.8543519,0.01312272,0.9433356,0.1064854,0.61912
"CTRL37",0.9546623,0.928706,0.7274617,0.9620531,0.06498744,0.9712518,0.1335783,0.8421432,0.8562402,0.930981,0.8955403,0.3826517,0.7659823,0.02466468,0.8641311,0.9695128,0.3204363,0.8495722,0.8134014,0.526554,0.02011616,0.5467664,0.9743071,0.8616776,0.7339789,0.9494694,0.0107086,0.650234,0.5937815,0.6252835,0.9216423,0.7731644,0.6488916,0.1220377,0.8778575,0.818434,0.9018976,0.711443,0.921346,0.2325887,0.6968328,0.7153217,0.8704941,0.003371892,0.633509,0.8799472,0.0247184,0.9162665,0.9266587,0.8321617,0.8900318,0.006192188,0.8323219,0.07101562,0.7817115
"CTRL82",0.9268013,0.9386197,0.8230304,0.9806501,0.0529353,0.959791,0.08145758,0.8609053,0.9576405,0.8500785,0.8985967,0.3602474,0.8863099,0.03243076,0.7855977,0.9025071,0.2958793,0.7821463,0.8297499,0.4382,0.02039578,0.4189441,0.9758481,0.8506657,0.7126495,0.9420264,0.008228303,0.5933786,0.5853756,0.5402634,0.9417356,0.7116319,0.6083475,0.1149645,0.9054724,0.713603,0.8968306,0.8324736,0.8653691,0.3291755,0.7613488,0.6306409,0.7594574,0.02465365,0.5957082,0.8138391,0.01974163,0.9075236,0.9594826,0.8511029,0.5911829,0.01969446,0.9242557,0.08025478,0.5488545
"CTRL32",0.9556582,0.9115386,0.659,0.9713569,0.1084865,0.953955,0.1341038,0.8107293,0.8967142,0.9439377,0.8765731,0.2494083,0.8158436,0.05122243,0.877302,0.9714068,0.2821802,0.8512025,0.8658962,0.4865584,0.02668923,0.5505518,0.9777949,0.9023791,0.7038021,0.9404373,0.01093669,0.7373309,0.6417967,0.7323803,0.9324246,0.7754235,0.6193628,0.1277555,0.9101178,0.8436544,0.9329005,0.8197509,0.9057949,0.2322701,0.6979944,0.7217201,0.822575,0.02672348,0.645598,0.8648626,0.03255657,0.931007,0.9307407,0.8368507,0.8545634,0.01254939,0.906092,0.08234268,0.7633395
"PD2",0.9307078,0.9082661,0.7302915,0.968069,0.1176653,0.9375085,0.1927118,0.8883438,0.9233678,0.9458754,0.8991411,0.4148606,0.8708519,0.09124341,0.8468509,0.9004767,0.3805467,0.8632129,0.9017187,0.551864,0.0256568,0.6001492,0.9668881,0.9023255,0.7785871,0.9423222,0.01067974,0.7190319,0.6354009,0.6156644,0.9204363,0.8264188,0.6709287,0.1762096,0.9047409,0.8291813,0.8972654,0.8714098,0.9109576,0.2793926,0.8261214,0.6760933,0.8866455,0.01731441,0.6836399,0.7733108,0.03202218,0.947035,0.9026827,0.8623249,0.9153242,0.02107132,0.9274867,0.05833328,0.7802269
"PD54",0.9173036,0.9198343,0.7845049,0.9575236,0.09228959,0.9681715,0.09830517,0.7895543,0.9244552,0.8486221,0.9089109,0.4381588,0.9241301,0.03176969,0.7992852,0.9241472,0.4297466,0.8639782,0.8484566,0.4859565,0.0180253,0.5497333,0.9591204,0.9134845,0.78416,0.9369576,0.003507068,0.6216139,0.5790798,0.7937835,0.9519014,0.7433148,0.5171082,0.1923114,0.8778224,0.7922335,0.8407589,0.8508433,0.9177307,0.2716064,0.7160494,0.6485251,0.7802184,0.007286715,0.5832083,0.9095666,0.01775763,0.9272868,0.9501801,0.8804489,0.8710815,0.01648122,0.9244472,0.08014885,0.6197773
"CTRL48",0.90375,0.91051,0.7083484,0.9458835,0.1258343,0.902493,0.06156299,0.6768369,0.8611225,0.8031333,0.891324,0.3389518,0.9014065,0.0354453,0.7348511,0.8783993,0.3063769,0.77166,0.8312363,0.4542452,0.0336288,0.5214275,0.9889739,0.878471,0.7487658,0.9207407,0.003291992,0.5427792,0.4971729,0.6568786,0.9193936,0.6389992,0.5374771,0.242926,0.926375,0.6364973,0.8477513,0.8539624,0.8457061,0.2377925,0.7286834,0.6530185,0.7533472,0.009347071,0.6684836,0.9084194,0.02839395,0.9127167,0.9149122,0.8852856,0.830057,0.0166453,0.9066158,0.08807865,0.6147829
"PD49",0.9257212,0.9412528,0.7373833,0.9630151,0.08113328,0.9438884,0.08765487,0.6851051,0.8969274,0.8452229,0.8577114,0.3645713,0.9397108,0.02229739,0.8089031,0.9061389,0.3328014,0.8138113,0.8490333,0.4703424,0.03568917,0.5450949,0.9734324,0.9011544,0.7212829,0.9106011,0.003524229,0.6160534,0.5245385,0.6935447,0.926421,0.6804746,0.5711466,0.2029552,0.8934278,0.6870463,0.8680071,0.8842675,0.8605807,0.2659615,0.7943443,0.6714296,0.8373777,0.01699246,0.6883717,0.885994,0.03322344,0.8854582,0.9245074,0.9149182,0.8312137,0.01088935,0.9303351,0.0875481,0.6520454
"PDD69",0.9222704,0.9343832,0.8426065,0.9609523,0.1086928,0.95596,0.07289093,0.7574611,0.9119277,0.8757193,0.8877263,0.4288325,0.9047074,0.06777933,0.8103113,0.9178447,0.3543709,0.9132901,0.7917659,0.5078924,0.01408532,0.673374,0.9750581,0.8792707,0.7676501,0.936677,0.00734796,0.6161549,0.5210645,0.6106166,0.9155537,0.7011984,0.6032786,0.2593547,0.8710886,0.7529725,0.8816665,0.8827283,0.8933677,0.2787024,0.788108,0.680556,0.8789814,0.02304658,0.7020339,0.9180429,0.02917614,0.9178884,0.9466451,0.8715277,0.8758781,0.008203883,0.9501468,0.09913592,0.6579671
"PD45",0.9210002,0.9199062,0.7691457,0.9688274,0.07923961,0.9749363,0.1410852,0.6255422,0.8787937,0.8420807,0.8899633,0.4007033,0.8943514,0.04036519,0.8074989,0.9298094,0.3503372,0.8500434,0.8214896,0.5166706,0.02773826,0.5510285,0.9583491,0.8948637,0.7390841,0.9091818,0.01311944,0.5468016,0.5606365,0.6909291,0.9304115,0.6517721,0.5937881,0.2461499,0.8853297,0.7127591,0.8450627,0.8871308,0.9119586,0.2635939,0.7557767,0.6585108,0.7913263,0.02361882,0.6712354,0.8385903,0.03110348,0.8991341,0.9260449,0.900718,0.8599675,0.01329402,0.953487,0.09796515,0.6289403
"CTRL12",0.9577051,0.8900852,0.6629794,0.9575013,0.1270707,0.9083315,0.06746914,0.7894019,0.8832648,0.898521,0.8953652,0.4859653,0.7643358,0.0430978,0.8413524,0.9268818,0.2973651,0.8188208,0.8469979,0.5070785,0.02246555,0.4263396,0.9680471,0.8583982,0.7479713,0.9315791,0.007387863,0.6141044,0.5799185,0.5822545,0.9506315,0.7230696,0.5684675,0.1671416,0.9084533,0.7956927,0.8642531,0.8675795,0.8626374,0.3252083,0.7261071,0.7208418,0.7946397,0.02155608,0.5869565,0.9083091,0.02368062,0.9120825,0.9466021,0.8923582,0.8504239,0.02499734,0.7519678,0.0900301,0.6844023
"PD33",0.9145752,0.9083931,0.6758214,0.9633117,0.1037377,0.9313341,0.1300793,0.7576352,0.8872207,0.8773517,0.8227914,0.2306725,0.7215811,0.03352147,0.8732239,0.9085763,0.3382184,0.8001981,0.8054773,0.4387094,0.03448276,0.5568072,0.9703288,0.824502,0.7119541,0.9387846,0.007617307,0.6446771,0.5745033,0.5907334,0.9328787,0.681283,0.5930809,0.1442205,0.9021697,0.6903938,0.8162165,0.7966382,0.8392315,0.1726557,0.7273682,0.6702867,0.8147471,0.01540105,0.6299653,0.7611818,0.01423798,0.8741098,0.9176421,0.7807001,0.8454525,0.02784899,0.8278307,0.07884164,0.7023762
"PD51",0.9428961,0.9011692,0.7312046,0.9631063,0.05818634,0.976936,0.1241801,0.7799945,0.9371127,0.8083729,0.8734684,0.4181565,0.9352898,0.0198959,0.7475346,0.8998096,0.3097549,0.7133168,0.8551197,0.4728002,0.01654609,0.5055811,0.9738844,0.8648158,0.7309699,0.901956,0.00546381,0.623641,0.5611925,0.7104547,0.9575376,0.6345542,0.6287265,0.2378957,0.8798914,0.6702534,0.8818662,0.863498,0.9589742,0.3362994,0.7320297,0.6376066,0.8428425,0.008578513,0.6720729,0.8286409,0.02044539,0.9278176,0.9284372,0.9016071,0.8742403,0.009267087,0.9628658,0.06504643,0.6596548
"PD13",0.9591766,0.9271755,0.7720111,0.9643969,0.08998485,0.9644241,0.1501688,0.8470592,0.900734,0.9191139,0.9063517,0.4010258,0.9313599,0.02570062,0.8718183,0.886806,0.2974543,0.8231635,0.8653153,0.5089859,0.006452133,0.5499459,0.9532426,0.9062579,0.7208707,0.9366668,0.01389728,0.6741093,0.572731,0.5051534,0.9280902,0.8298291,0.5930073,0.1828963,0.8214642,0.819022,0.8712819,0.8836879,0.9191413,0.2515617,0.7349192,0.7130508,0.8033907,0.01315674,0.6851971,0.8157882,0.02375923,0.9427615,0.9228978,0.8706202,0.8991167,0.049823,0.8851859,0.04793237,0.6936443
"PDD45",0.9372118,0.9373071,0.7747501,0.9789331,0.09651215,0.9496563,0.1628828,0.7045187,0.9042964,0.884696,0.9214998,0.3533148,0.7846768,0.04307599,0.822068,0.9099208,0.2951129,0.8284332,0.8865749,0.471962,0.02086204,0.4803559,0.9778166,0.8595104,0.7507752,0.9279078,0.005059742,0.6815276,0.6218364,0.6487753,0.9430294,0.7649037,0.6010735,0.1150499,0.8816356,0.6989399,0.8977703,0.8682128,0.8719747,0.3050052,0.7335548,0.6846407,0.8135144,0.00422554,0.5062349,0.889596,0.02386119,0.9194216,0.9576911,0.8223963,0.902013,0.01775198,0.9436532,0.0717511,0.6865798
"PD20",0.9406495,0.9161255,0.7177006,0.9619684,0.1220791,0.935246,0.1370753,0.7856946,0.9107886,0.9146251,0.9052025,0.3809317,0.8988699,0.02567776,0.8645821,0.8401969,0.2718057,0.7926923,0.8579421,0.4368111,0.01922355,0.5151896,0.9760545,0.8875894,0.6266068,0.9394884,0.005996642,0.6339538,0.5673241,0.5108428,0.9755298,0.7672992,0.6447542,0.1588498,0.8518069,0.7751584,0.9157087,0.8522645,0.9449271,0.3356998,0.7373938,0.7074372,0.7602897,0.005530346,0.6545483,0.8210625,0.02705038,0.9183404,0.9329231,0.7985621,0.9027234,0.01044801,0.8859208,0.08891514,0.7424511
"CTRL83",0.9714978,0.9483653,0.7359712,0.9692342,0.1160365,0.9710223,0.06776171,0.7535193,0.9246456,0.8744048,0.8921931,0.3318052,0.792532,0.01903725,0.7773961,0.8448676,0.3858656,0.7139471,0.8209193,0.5265669,0.02008929,0.5197875,0.9804771,0.9050581,0.7410771,0.964636,0.01078039,0.601727,0.5137301,0.6670462,0.9450135,0.7455605,0.5932247,0.156202,0.9143485,0.7100458,0.8423361,0.8282301,0.8540047,0.3086253,0.7781944,0.6785652,0.7150687,0.02595201,0.7212168,0.8621788,0.02267536,0.9492662,0.9617696,0.9053456,0.6847357,0.00646836,0.9445106,0.09680386,0.7088421
"PDD7",0.8959876,0.9206395,0.7059935,0.9712963,0.121078,0.8969896,0.1272927,0.7364391,0.9352826,0.9209554,0.8503318,0.4537779,0.8740986,0.03387736,0.842417,0.7832372,0.341284,0.8708276,0.8233483,0.4540398,0.0319592,0.4989464,0.975029,0.9043878,0.7061802,0.9562534,0.00894769,0.6472217,0.585522,0.6099205,0.962841,0.7089951,0.6048093,0.1832809,0.8840593,0.7483639,0.8976977,0.8649159,0.8326605,0.3946755,0.7773301,0.6912187,0.8650886,0.02852595,0.6747079,0.9280918,0.03197116,0.9431033,0.9479355,0.9100916,0.8837348,0.0133989,0.9615429,0.08070179,0.693437
"CTRL71",0.940676,0.9444189,0.8402985,0.9883733,0.07420897,0.9518215,0.1305471,0.737033,0.9111965,0.8705399,0.9211742,0.4272185,0.9142881,0.03849687,0.8228235,0.8462686,0.3760599,0.8112618,0.8349855,0.4820952,0.01607553,0.5115548,0.9641612,0.9246085,0.6602703,0.936543,0.003773335,0.5638776,0.5697478,0.6343804,0.9746824,0.7027558,0.6280755,0.1918424,0.9383661,0.6574087,0.864314,0.8527967,0.8649775,0.2965427,0.8066894,0.6811219,0.7549892,0.0181706,0.6657475,0.8685246,0.02714312,0.9654514,0.9527957,0.8713698,0.8973936,0.007235652,0.9551054,0.09666187,0.6766984
"PDD47",0.9576797,0.928732,0.8021118,0.9573765,0.07989124,0.9537277,0.1579776,0.6141614,0.9080265,0.8553043,0.8836658,0.3552862,0.8885916,0.02550652,0.7522535,0.9611137,0.3838763,0.7576578,0.827867,0.5285011,0.01925546,0.4273865,0.9798841,0.8449609,0.8108554,0.9145645,0.005480582,0.5348492,0.5801301,0.620343,0.9085188,0.6856372,0.5762777,0.242383,0.7791432,0.7528717,0.8564413,0.8672968,0.8873251,0.2521472,0.7111644,0.6705973,0.7909309,0.009880802,0.6699471,0.8324753,0.02178298,0.9178299,0.9337361,0.9086439,0.858984,0.01297518,0.9218972,0.1219572,0.5782178
"PD32",0.9159302,0.9312351,0.6834109,0.9457146,0.04543471,0.929898,0.08028924,0.7207034,0.8343495,0.8152992,0.8755629,0.358507,0.8215535,0.02707196,0.7324409,0.8917607,0.3024561,0.8450402,0.8259598,0.3905883,0.02478989,0.3741602,0.957676,0.7944245,0.723766,0.9015862,0.01041906,0.5737708,0.5281406,0.6888664,0.9384693,0.6177677,0.4883873,0.2599876,0.9010053,0.612078,0.8274742,0.7981533,0.8610387,0.3287214,0.7020509,0.6544022,0.763498,0.01388199,0.731347,0.801371,0.02626533,0.8638229,0.9237162,0.8511158,0.7844732,0.01702798,0.8864632,0.09266954,0.55609
"CTRL6",0.8962326,0.9432136,0.7599606,0.9459224,0.1557094,0.9379515,0.1146061,0.8317143,0.9429941,0.9532472,0.8743194,0.2236863,0.7433165,0.03098153,0.8423268,0.8143905,0.2828325,0.8681377,0.7927357,0.5883844,0.01543461,0.2415398,0.9843367,0.8621995,0.6961995,0.8959394,0.01287668,0.6076307,0.5718957,0.6892401,0.9569863,0.759315,0.5821608,0.1108601,0.8844629,0.7993989,0.8940339,0.7971784,0.9173181,0.1924619,0.6315357,0.6920021,0.739227,0.01641155,0.5861989,0.8268584,0.02686832,0.8821022,0.9406562,0.8548108,0.8557696,0.01440343,0.9124178,0.07659748,0.674718
"CTRL46",0.9229415,0.9232941,0.7426733,0.9590063,0.1696189,0.9532988,0.1248095,0.6342607,0.8962268,0.8674042,0.8993363,0.3550653,0.7804429,0.03745821,0.7889751,0.8625505,0.3079396,0.756339,0.8510141,0.5098905,0.03483724,0.4605798,0.9443965,0.8824485,0.7734608,0.9418089,0.004541109,0.4778464,0.5452296,0.6029824,0.95506,0.5865563,0.5378795,0.2178903,0.8830124,0.6640112,0.8580044,0.8420095,0.9117887,0.3739181,0.71586,0.6374841,0.7835294,0.01499878,0.6638065,0.8596884,0.03304688,0.8867426,0.9264935,0.8648125,0.8634488,0.01046224,0.9029931,0.08969997,0.640369
"PD17",0.9570024,0.91769,0.7782797,0.9623788,0.0900966,0.947509,0.09370619,0.8055241,0.9339214,0.9729226,0.8667123,0.2778529,0.7994999,0.03161303,0.888103,0.8460353,0.2830675,0.854079,0.820337,0.4534875,0.01796666,0.5624639,0.9201103,0.9220072,0.6849163,0.862718,0.009889764,0.48242,0.5078052,0.4994517,0.966539,0.7734362,0.541312,0.1495189,0.8399944,0.7818958,0.9199697,0.9129219,0.9169732,0.2768706,0.7686887,0.6865509,0.7964598,0.03578519,0.6682137,0.8525944,0.02381032,0.9557636,0.9348947,0.8039268,0.8677042,0.004613846,0.9567804,0.0404542,0.7166232
"PDD10",0.5533996,0.8927807,0.728608,0.9672293,0.1008493,0.9664155,0.0859582,0.7351175,0.8979192,0.9410539,0.9069261,0.4023196,0.8569407,0.04042406,0.9006328,0.9044038,0.3576548,0.8721132,0.8465278,0.4852229,0.0240903,0.5848072,0.9304671,0.8233058,0.7475083,0.9438563,0.01198876,0.6396338,0.6389908,0.6535987,0.9510685,0.7894388,0.6607367,0.1964002,0.8991957,0.7911957,0.8984887,0.9041589,0.9081575,0.3398571,0.8443803,0.7398591,0.8264449,0.02933894,0.6174749,0.8715084,0.01813295,0.9489423,0.9129546,0.923405,0.8995905,0.02662222,0.8861826,0.07661987,0.742258
"DLB12",0.9147673,0.9359053,0.7941654,0.9844137,0.06905107,0.9349948,0.1301425,0.7915046,0.9372792,0.8679729,0.9230451,0.3021463,0.8603579,0.009824032,0.8320697,0.8293225,0.3625668,0.804482,0.785619,0.5137857,0.01540714,0.4402276,0.9756426,0.9109088,0.6291115,0.9282835,0.004287726,0.6664773,0.6143082,0.7150559,0.9413138,0.7413583,0.6167177,0.1606803,0.9101834,0.7766083,0.9292837,0.8447349,0.9046187,0.3143604,0.66627,0.7208913,0.838637,0.0138871,0.7077584,0.8855568,0.02626128,0.9358798,0.9501972,0.8967549,0.8884353,0.01196097,0.9263819,0.05458089,0.6960893
"CTRL44",0.9204446,0.8946649,0.8148885,0.9746295,0.1211908,0.9659678,0.05405847,0.792148,0.8655464,0.853555,0.8553984,0.3151653,0.8925387,0.02496723,0.7541708,0.9484245,0.3791674,0.8354258,0.8579937,0.5203462,0.02393277,0.5912196,0.9742413,0.872435,0.7650487,0.8918165,0.009262217,0.5949683,0.5586235,0.6975848,0.9468776,0.7612308,0.6222236,0.2332644,0.8819369,0.6885254,0.8223025,0.8299739,0.9381571,0.3348413,0.8214147,0.6554856,0.7813823,0.01246707,0.7112984,0.9327476,0.02866931,0.929678,0.9379389,0.8657865,0.8284287,0.009565482,0.9539857,0.05252221,0.687622
"CTRL86",0.9363244,0.9511746,0.8165195,0.9757511,0.09919701,0.9629252,0.08050794,0.7453901,0.9532882,0.8618069,0.883189,0.3320263,0.8946822,0.02828306,0.8352734,0.9257109,0.2774481,0.7623801,0.824298,0.5486897,0.01330062,0.4318008,0.9701803,0.8579697,0.8313288,0.9447618,0.008492191,0.6595089,0.5190479,0.792895,0.8952105,0.7726814,0.5926184,0.1591354,0.896706,0.6955825,0.8874588,0.8640782,0.8717788,0.3856998,0.7723588,0.6337197,0.8575749,0.01022782,0.7142384,0.9100255,0.0197329,0.9389333,0.9423212,0.8567635,0.9255666,0.01369468,0.9210884,0.05792351,0.6567385
"DLB27",0.8950064,0.9305701,0.7743157,0.9450237,0.06000388,0.9465668,0.1212592,0.729485,0.9058032,0.8722587,0.8899936,0.4252073,0.7706931,0.01849393,0.7859822,0.9409096,0.2984191,0.7841819,0.8206273,0.4591646,0.02573275,0.2517358,0.9609411,0.8203798,0.722059,0.9249039,0.005681415,0.5093395,0.5546884,0.5988652,0.9215142,0.656247,0.5801617,0.2095664,0.8658347,0.7419297,0.8247762,0.7734289,0.9187679,0.2408887,0.7080277,0.703684,0.720497,0.02086167,0.5980919,0.9023143,0.03092357,0.8940945,0.9043097,0.8557392,0.8672158,0.01557465,0.9089477,0.1010927,0.5839946
"PD18",0.944549,0.8899535,0.7562842,0.9647568,0.06455065,0.9511235,0.1241245,0.7542573,0.921882,0.9328676,0.8460422,0.3698323,0.8875411,0.02804118,0.834735,0.8584311,0.3119593,0.8510356,0.7936187,0.4995972,0.0192353,0.5079638,0.9570626,0.9076046,0.7396832,0.9314135,0.01148146,0.5434827,0.5793652,0.5370971,0.9493043,0.7488414,0.5474514,0.1896703,0.908525,0.6944628,0.9354411,0.8658756,0.890034,0.3034108,0.8018204,0.6781497,0.8343573,0.02008597,0.6237335,0.8794636,0.02758421,0.9338507,0.9328231,0.8147495,0.9202318,0.008749091,0.9083048,0.0998182,0.674966
"CTRL20",0.9126235,0.9086475,0.7322811,0.9676831,0.1124252,0.9471809,0.1288988,0.7219101,0.9320399,0.8893478,0.8758485,0.3782144,0.8362251,0.04735723,0.8012732,0.944234,0.2893542,0.7709298,0.8017507,0.4591932,0.02608236,0.5164881,0.9486836,0.8377314,0.8380076,0.9221756,0.007484524,0.6555652,0.6110901,0.6772387,0.9216867,0.7086156,0.6379093,0.16189,0.8897273,0.7237902,0.8908814,0.8456451,0.9135282,0.256044,0.7246318,0.6832851,0.722035,0.004988584,0.5802116,0.9068605,0.03200893,0.903447,0.943392,0.8393601,0.8693113,0.02180613,0.8813818,0.08082642,0.6703343
"PDD50",0.9439504,0.8641411,0.7153769,0.9740868,0.05474779,0.9575112,0.1854866,0.8373915,0.8176537,0.847473,0.8284935,0.3249867,0.814415,0.02935633,0.7605072,0.9708752,0.2659918,0.7582652,0.8259861,0.4240669,0.0247666,0.4722387,0.9789677,0.8369759,0.73648,0.8751964,0.005765795,0.5949107,0.5304035,0.7102551,0.9406579,0.6695857,0.5889359,0.1949166,0.8570421,0.6923049,0.8462106,0.7723236,0.923416,0.3040731,0.6845879,0.6824131,0.7019641,0.01606754,0.6666322,0.8158123,0.02070283,0.8721873,0.9229862,0.8551879,0.825997,0.01529191,0.8627521,0.07196437,0.62974
"DLB21",0.9051156,0.9181829,0.7263881,0.9673603,0.09127481,0.9763023,0.08250752,0.7698841,0.9168032,0.8874533,0.9083761,0.3594164,0.7623722,0.03174065,0.7656515,0.8504733,0.2716061,0.7359548,0.8392807,0.4193105,0.02124325,0.3612645,0.9613772,0.7755476,0.7336133,0.9193299,0.005082951,0.5414344,0.5607809,0.8023127,0.913739,0.6154673,0.534978,0.2071796,0.8466001,0.6177419,0.845,0.8203899,0.917442,0.2621803,0.7282529,0.6523481,0.7312349,0.01287537,0.6091169,0.8805627,0.02858211,0.9005091,0.9085177,0.8858566,0.8592941,0.01384128,0.9343138,0.07123937,0.5681849
"CTRL53",0.8723476,0.9223032,0.7859061,0.9409981,0.08672303,0.9463174,0.04403815,0.7702697,0.9392508,0.919398,0.90044,0.3967289,0.7883863,0.03989839,0.8425239,0.8859203,0.3164488,0.8443081,0.842411,0.4553681,0.01744922,0.5782163,0.9726399,0.8293631,0.6791965,0.9205263,0.004867829,0.5720929,0.5618799,0.6913812,0.9033664,0.6868636,0.6088512,0.1806052,0.8805392,0.7643266,0.8323564,0.8228393,0.9032977,0.2505501,0.7894622,0.6772615,0.8729346,0.007770824,0.5238185,0.8823777,0.01651604,0.9362483,0.9478624,0.8436064,0.8763242,0.01148382,0.903338,0.09307902,0.6494034
"CTRL65",0.9286156,0.9146549,0.7434027,0.9545955,0.0432744,0.9314253,0.08366546,0.6062066,0.9469133,0.8290087,0.9193405,0.3272287,0.8893608,0.03453268,0.7024022,0.8618652,0.321443,0.7318203,0.8701945,0.4140229,0.02699883,0.4990162,0.9463052,0.8905293,0.7699414,0.941398,0.00345669,0.5584714,0.5860025,0.664081,0.941022,0.5721314,0.5298212,0.1889853,0.9020329,0.6749727,0.882374,0.8440109,0.9044371,0.3111374,0.7386388,0.6656527,0.6784021,0.0239968,0.6726431,0.8925921,0.02451753,0.9090017,0.9564014,0.9136233,0.8572264,0.0175886,0.9306825,0.07621191,0.5508474
"PD38",0.9214677,0.9305379,0.8528157,0.959724,0.1248491,0.9695529,0.1189264,0.8326361,0.9143966,0.8483259,0.9037386,0.3306922,0.9173011,0.03256834,0.8045534,0.9276815,0.3481422,0.8572074,0.7876772,0.5467943,0.02285155,0.6077741,0.9557359,0.8655899,0.7600313,0.92383,0.008536294,0.5941367,0.6052814,0.6682939,0.8837211,0.6887013,0.6580193,0.2039537,0.8845733,0.7492488,0.893193,0.8184998,0.9048617,0.3898567,0.759891,0.7132162,0.7923211,0.01898922,0.7754995,0.9019166,0.02913787,0.9297564,0.9438219,0.8776322,0.9032305,0.0178736,0.9578383,0.1178924,0.6730031
"CTRL18",0.8727473,0.906234,0.6644551,0.9671603,0.09319856,0.9383941,0.1512933,0.8332912,0.9246691,0.9102487,0.8713106,0.4469264,0.8068202,0.02666442,0.830282,0.9546068,0.293831,0.7859926,0.8010252,0.4412969,0.01891993,0.6083941,0.968613,0.8098054,0.7518231,0.9220884,0.004263314,0.6131406,0.5873678,0.7477265,0.8826535,0.69707,0.5974327,0.1508436,0.8848268,0.7245325,0.8899843,0.7220504,0.9095047,0.2771481,0.6980527,0.7077508,0.7840076,0.01595823,0.6362189,0.9057959,0.01959041,0.9198929,0.9237225,0.8507521,0.8938283,0.01781768,0.8497828,0.09375254,0.694685
"PDD36",0.9160023,0.9315995,0.8677849,0.92882,0.1216697,0.9451706,0.07514954,0.6371153,0.9276979,0.8421138,0.9174602,0.4384413,0.911071,0.04305889,0.8797787,0.8954743,0.2862032,0.8087709,0.7849649,0.5555199,0.01717241,0.6254917,0.9724488,0.9132089,0.7627678,0.9300203,0.009668234,0.6438495,0.5438278,0.7657824,0.8678352,0.7278598,0.6287244,0.2869366,0.8757049,0.6797471,0.9107019,0.8375962,0.9251367,0.4184734,0.8275949,0.6791851,0.7817837,0.02450335,0.7659623,0.8979598,0.0277318,0.9481964,0.9339946,0.9126871,0.8885476,0.009290331,0.9664292,0.06739967,0.641098
"PDD64",0.9415947,0.9702259,0.8039519,0.9789338,0.02871186,0.9619649,0.06671878,0.8365761,0.9653682,0.8651886,0.9233863,0.3935688,0.9184163,0.04938333,0.8709791,0.9400876,0.2892445,0.9002562,0.8757356,0.4962158,0.00475466,0.5211409,0.9673841,0.8719813,0.789272,0.9346053,0.009640438,0.6115061,0.5834689,0.7192705,0.9373132,0.7244076,0.6000977,0.1528203,0.8995742,0.7531316,0.8807461,0.8673365,0.9172628,0.3827499,0.7959568,0.6923625,0.7827667,0.01990056,0.6565647,0.8907797,0.02297982,0.9444883,0.9709285,0.8670559,0.9318504,0.01132789,0.944456,0.09922052,0.7244454
"PD42",0.948206,0.8659765,0.6652339,0.9726906,0.1153535,0.9470357,0.2287017,0.8932754,0.8751789,0.9226652,0.8620519,0.4089971,0.8375993,0.01199,0.8858816,0.9089301,0.3847465,0.8382079,0.8699095,0.5345715,0.02955746,0.551142,0.9652806,0.8952517,0.762703,0.914121,0.002280043,0.755976,0.5352481,0.6284376,0.9053831,0.7771502,0.6659954,0.1527156,0.8306783,0.8274032,0.9147424,0.8155129,0.9297256,0.2697582,0.7658547,0.7518132,0.8950143,0.005589584,0.7444751,0.8552656,0.02955809,0.8939145,0.9339037,0.8488638,0.2359444,0.01320743,0.9055345,0.04375776,0.7964346
"PDD33",0.9407394,0.8834986,0.7147899,0.9773323,0.08253905,0.9288321,0.173696,0.8101965,0.8895754,0.9384556,0.8825746,0.3617287,0.7483133,0.01840608,0.8739126,0.938061,0.2931654,0.8486857,0.867722,0.5263883,0.01215432,0.4716047,0.9705568,0.8779893,0.7138399,0.9217762,0.006449116,0.6668115,0.5824675,0.7313126,0.9524203,0.7648145,0.5702282,0.08838459,0.8600733,0.7151462,0.9112115,0.7585441,0.9002702,0.1793136,0.7701297,0.6814663,0.854841,0.01277543,0.6858718,0.8149948,0.02307771,0.9361268,0.9465398,0.723663,0.8542275,0.03048306,0.8745661,0.04479386,0.7032922
"PDD65",0.9296213,0.9477293,0.8399302,0.9599306,0.0501272,0.9776662,0.08430371,0.7383872,0.9428824,0.8717247,0.8800532,0.422755,0.9585902,0.03553213,0.7641819,0.8482612,0.3314543,0.8348621,0.8768464,0.5668623,0.01256001,0.5583955,0.9792361,0.889769,0.7363788,0.902982,0.003499903,0.5795634,0.5719285,0.7682121,0.913061,0.7358547,0.6659321,0.2875648,0.9075238,0.7761771,0.8311147,0.8225941,0.8748327,0.3795092,0.7567541,0.6702329,0.7607353,0.02242327,0.6945868,0.9032544,0.03162318,0.9379461,0.9503017,0.8974023,0.9028523,0.01485869,0.950146,0.1316151,0.6278477
"PD62",0.9634518,0.8696098,0.8165442,0.9741279,0.07703955,0.9653908,0.08618308,0.721994,0.9120483,0.9352092,0.8816753,0.3207446,0.8240808,0.02350631,0.8576856,0.9353388,0.3196124,0.8146559,0.8302245,0.5417331,0.01131706,0.566564,0.9633701,0.8667085,0.7857268,0.9396898,0.004964011,0.5804735,0.5572808,0.8457157,0.88547,0.7571856,0.5636497,0.1599183,0.8771142,0.7863363,0.8361136,0.8389881,0.8979985,0.208889,0.8354201,0.7110804,0.8556341,0.01143221,0.6731716,0.8999568,0.03421246,0.9329465,0.9362066,0.8264684,0.9200719,0.02374337,0.9466349,0.07296151,0.6624028
"PDD77",0.9371949,0.9248796,0.8456611,0.9735792,0.0689505,0.9739406,0.09083082,0.7798698,0.9540748,0.8680691,0.8955226,0.385263,0.9152426,0.05808287,0.8483191,0.9600065,0.4601969,0.862905,0.9110832,0.6102362,0.02052428,0.6299398,0.9234554,0.8956099,0.872019,0.9310143,0.01343401,0.7010488,0.5910957,0.8277974,0.9100611,0.7538016,0.6865497,0.2318481,0.9120472,0.7738617,0.898971,0.880957,0.9235475,0.4409535,0.8731959,0.6941748,0.8623033,0.02782939,0.7382276,0.900747,0.02820854,0.9330018,0.959059,0.870092,0.9268015,0.01773438,0.9455539,0.08982911,0.7315255
"PDD2",0.9701289,0.8811339,0.7266006,0.9819226,0.09300006,0.932734,0.09914763,0.8269038,0.9033309,0.9262687,0.9032764,0.3261977,0.7992816,0.0421466,0.8406051,0.8941027,0.2967006,0.8178529,0.8198528,0.5559272,0.02525413,0.5079207,0.9467574,0.8976405,0.8425852,0.9537226,0.007455846,0.6241627,0.6108611,0.7283829,0.9319319,0.7764182,0.6335427,0.1179155,0.9124001,0.8279977,0.895379,0.9040625,0.8789672,0.3247378,0.7703922,0.7152064,0.8686896,0.01625277,0.6107446,0.8305045,0.02225543,0.9395756,0.9359283,0.8541399,0.9225519,0.03300758,0.9137136,0.07106565,0.7621415
"PD25",0.9450928,0.9325357,0.8216956,0.9773682,0.1084309,0.965803,0.1746486,0.917542,0.9038598,0.9410333,0.9171782,0.2528935,0.9135783,0.03154254,0.8673906,0.9391677,0.3527178,0.9139532,0.862458,0.4952935,0.01293341,0.4512603,0.982245,0.9358484,0.6753711,0.9287177,0.006069983,0.7001554,0.5409017,0.6393432,0.9721328,0.7489487,0.6618146,0.177456,0.8519819,0.783165,0.9111793,0.922539,0.917234,0.268757,0.7667095,0.7095273,0.835729,0.01956356,0.5996674,0.8805029,0.01693104,0.9446599,0.9149918,0.864099,0.5704547,0.04491695,0.9194398,0.09474655,0.7419552
"DLB14",0.9290218,0.8830812,0.8257947,0.9757249,0.08348938,0.9575121,0.1863227,0.8260419,0.9128387,0.8391443,0.9079768,0.3132408,0.8467899,0.03037084,0.821143,0.8843481,0.2753823,0.822846,0.8496769,0.5063197,0.02385293,0.531718,0.9850886,0.8338478,0.7263982,0.9139989,0.006323519,0.643555,0.6073135,0.6775829,0.9677071,0.7350387,0.6858265,0.2022404,0.8787882,0.7616875,0.8466197,0.8491463,0.9245711,0.3992219,0.8053357,0.6928658,0.7961551,0.02564476,0.5768029,0.8964358,0.02211536,0.9322845,0.9572975,0.8655161,0.8801317,0.00655668,0.9167128,0.1015071,0.7084665
