"","cg05518803","cg00140235","cg18634848","cg17025661","cg25984597","cg11709544","cg14144850","cg14856606","cg04030905","cg24206614","cg00130808","cg15420153","cg12635019","cg22656521","cg23403950","cg24280297","cg10720080","cg25434174"
"PDD38",0.06072393,0.007388611,0.01759621,0.01143828,0.827452,0.2548877,0.9116448,0.9234786,0.01854773,0.6700664,0.7927773,0.1615638,0.1670739,0.8353132,0.03989409,0.01747038,0.9712285,0.02586745
"CTRL61",0.03076221,0.006471786,0.01131357,0.01316013,0.8995864,0.1927944,0.8620368,0.8669251,0.008042587,0.506216,0.7242218,0.176254,0.2088994,0.8266242,0.04382393,0.01317538,0.9765751,0.03024697
"PDD23",0.06899248,0.006154748,0.02529109,0.01193152,0.8637797,0.1643972,0.8933736,0.8527451,0.005726054,0.5691284,0.8151191,0.1545906,0.2167339,0.8270948,0.0302921,0.01258688,0.979758,0.007808825
"PDD21",0.05957816,0.004833642,0.02502469,0.01232987,0.8098756,0.2323658,0.8685298,0.8136284,0.01261787,0.7262033,0.840357,0.1648119,0.1496872,0.8055228,0.04157187,0.01410828,0.9718587,0.01380781
"PD29",0.04563083,0.001916233,0.02798089,0.0188887,0.8569191,0.2283417,0.8998327,0.8060527,0.01859513,0.6149212,0.6987088,0.1747573,0.2014055,0.8232306,0.04691859,0.01268683,0.9503775,0.01683793
"PD5",0.07113691,0.01802907,0.03005337,0.01416953,0.8172033,0.3514868,0.8622962,0.8262409,0.01832921,0.6620157,0.8021077,0.1592006,0.1065205,0.7642865,0.06676103,0.01766595,0.9508714,0.0290653
"CTRL88",0.08837285,0.01211762,0.01428213,0.01200675,0.9092134,0.2578065,0.8890805,0.8991182,0.01464944,0.5142441,0.7032126,0.1703371,0.1344831,0.8989106,0.04180491,0.01585716,0.9771814,0.002660218
"PD41",0.04372996,0.005874674,0.02430369,0.02131418,0.8481426,0.2938767,0.9424939,0.9367706,0.006805321,0.5745318,0.749877,0.1692488,0.173301,0.8065561,0.06360373,0.008958446,0.9774351,0.01877635
"PDD39",0.03532918,0.01235033,0.01218589,0.0124738,0.8322076,0.2339776,0.9542545,0.8787814,0.02098971,0.5134668,0.8263332,0.1737892,0.1754386,0.7902585,0.04540677,0.0160582,0.9718091,0.01880838
"PD11",0.04548727,0.001708331,0.012111,0.009583159,0.850172,0.2987403,0.9145433,0.877261,0.01772897,0.5384094,0.7404087,0.1480023,0.2010624,0.7934208,0.0648405,0.0192795,0.9737788,0.01592252
"PDD26",0.03325515,0.008923139,0.01658834,0.01119647,0.8563582,0.2508007,0.9224447,0.8332241,0.0140593,0.7176155,0.8117359,0.1812005,0.06983675,0.7862371,0.04507617,0.01448498,0.967366,0.009265796
"PDD25",0.1015037,0.00240096,0.01535229,0.01196904,0.9209733,0.3694572,0.9582058,0.8488413,0.009545533,0.6943372,0.6213352,0.1505117,0.2041348,0.8691951,0.04968944,0.03264432,0.9754048,0.01498291
"PD1",0.02745889,0.008325281,0.01359375,0.009595132,0.8516654,0.2376677,0.8714371,0.8344777,0.005118533,0.6356696,0.8163453,0.1482031,0.1571321,0.7991865,0.02950433,0.01125054,0.9718699,0.009970613
"CTRL24",0.02958355,0.00526118,0.02277275,0.01934612,0.8476693,0.3214016,0.9011629,0.8365573,0.01101601,0.6074982,0.8220859,0.1789777,0.1519101,0.7519965,0.04766839,0.01189443,0.9400878,0.02723289
"PD55",0.0282468,0.01062946,0.009053794,0.002462212,0.8056411,0.2711128,0.9471329,0.8664915,0.005986528,0.6524517,0.7692308,0.1651989,0.1390025,0.773493,0.04219582,0.008497876,0.9684269,0.01322373
"CTRL15",0.01910345,0.006231118,0.01228071,0.011044,0.7973745,0.2408586,0.9626766,0.7884628,0.008758609,0.528315,0.7355548,0.1557428,0.2055767,0.7264716,0.03883296,0.008326787,0.98006,0.01391092
"CTRL63",0.0296904,0.002384684,0.02622818,0.01260059,0.9018734,0.1415103,0.8203045,0.8855603,0.009938992,0.5102107,0.5601825,0.1976893,0.2386924,0.8524236,0.0343202,0.0122248,0.9680952,0.0009827571
"PDD60",0.03726103,0.008430948,0.01837512,0.01113328,0.8833085,0.2446564,0.9336184,0.8644179,0.01667596,0.6195332,0.6560865,0.1816789,0.1705755,0.8409286,0.03855204,0.009489381,0.9712092,0.02649861
"PDD51",0.03447196,0.008363202,0.008762979,0.0170135,0.7939148,0.1946509,0.9540503,0.896792,0.01717182,0.490357,0.7175824,0.1661851,0.1701977,0.7553968,0.05113052,0.01979871,0.9611807,0.01559289
"PDD43",0.04906485,0.01296691,0.01525885,0.009485612,0.8054911,0.226826,0.9541568,0.8736011,0.009770877,0.5638949,0.8315152,0.1801255,0.1071723,0.7338059,0.03988996,0.01666877,0.9837262,0.03016113
"PD14",0.05178715,0.00631057,0.01428843,0.01323792,0.8903309,0.2112754,0.8297331,0.8254671,0.0132509,0.5416622,0.8190661,0.1496729,0.2898821,0.8426313,0.04122389,0.008894846,0.9797715,0.008112949
"PDD5",0.02772691,0.01357594,0.02604781,0.01762397,0.8981175,0.2699785,0.8739275,0.8197402,0.02408667,0.6361631,0.5392912,0.1561326,0.1842276,0.862002,0.08118081,0.01473908,0.9576937,0.01809257
"PD37",0.03138365,0.004586832,0.01271408,0.008924562,0.87793,0.3032557,0.9636415,0.8422494,0.00762791,0.6578772,0.7236581,0.1846865,0.2001285,0.8462168,0.05021688,0.01511651,0.9671587,0.0171407
"CTRL80",0.02798787,0.00827801,0.01725194,0.01431661,0.8592592,0.2250691,0.7913867,0.7937445,0.03403874,0.5068102,0.7301415,0.1920601,0.105076,0.7681389,0.04911374,0.01233773,0.9540344,0.03082988
"PDD74",0.0445268,0.007985734,0.01194002,0.01409436,0.9115831,0.2421855,0.9883795,0.8232384,0.008221991,0.6043581,0.7520228,0.1718871,0.1624079,0.8290522,0.05261166,0.01934294,0.9726662,0.01789144
"CTRL62",0.04712592,0.0007287664,0.01687574,0.008179494,0.8989779,0.2269076,0.9161328,0.8531067,0.007853095,0.586125,0.6653543,0.1732575,0.1870192,0.8327801,0.04004234,0.01421218,0.9721085,0.00738418
"PD3",0.06401138,0.01912982,0.03791765,0.01180035,0.8833853,0.1950033,0.8742734,0.7934355,0.03750895,0.6213303,0.7272727,0.1196706,0.1119596,0.8283184,0.06921008,0.02722843,0.9615526,0.03561575
"CTRL39",0.06075235,0.002227011,0.02200247,0.01771654,0.8445583,0.2233407,0.8925833,0.8118299,0.01671114,0.5788248,0.7478019,0.1577563,0.1788688,0.8512938,0.06169885,0.01655202,0.9789417,0.02120104
"CTRL97",0.04693102,0.005808731,0.03034069,0.007670343,0.8312794,0.2434456,0.8823314,0.8423387,0.009640587,0.5945892,0.68029,0.1256734,0.2100313,0.8436798,0.05221658,0.01748692,0.9668112,0.01443145
"PD47",0.04444848,0.004455488,0.03040333,0.01707046,0.8096201,0.189607,0.869429,0.8098757,0.01472191,0.553332,0.7668044,0.1889929,0.2098187,0.8085832,0.03771361,0.01962989,0.9677385,0.01496459
"DLB17",0.05956957,0.01551116,0.02467684,0.01393407,0.8464378,0.1497821,0.8436382,0.9061748,0.0190031,0.4456372,0.8670213,0.1688368,0.1994447,0.828177,0.04469053,0.01680533,0.9656152,0.01029844
"DLB2",0.05908104,0.01790469,0.03021689,0.02142802,0.842921,0.2219103,0.8522631,0.8673931,0.03828667,0.7119207,0.6547085,0.1472477,0.1284707,0.8352343,0.0758031,0.01261679,0.9538075,0.01239568
"CTRL35",0.03196393,0.008115204,0.01563177,0.00522526,0.8328839,0.2808898,0.9010744,0.8461338,0.01427788,0.6618531,0.7928599,0.1553036,0.1718839,0.8109119,0.05985513,0.01707585,0.9570804,0.01562161
"PD8",0.04017056,0.01018616,0.02294316,0.01970404,0.8685915,0.2936541,0.9434566,0.8637676,0.02578503,0.7385232,0.7601097,0.1300393,0.1723103,0.795863,0.04937965,0.01355867,0.9682284,0.01923077
"CTRL51",0.04476691,0.004594181,0.02316342,0.009326298,0.8927195,0.1864894,0.8623499,0.8232207,0.008070872,0.5772976,0.7659161,0.1677205,0.186887,0.8894964,0.03838309,0.01014536,0.9896456,0.002056555
"CTRL77",0.03545847,0.009357409,0.01431583,0.01656586,0.9005602,0.2025314,0.9020819,0.8326819,0.006307264,0.4597559,0.7490494,0.1905509,0.1467184,0.8054397,0.03324901,0.01610535,0.9708221,0.02201784
"CTRL68",0.05595021,0.005909091,0.02198418,0.01793165,0.9083978,0.1058475,0.9001085,0.835352,0.01036758,0.451521,0.7324813,0.1655482,0.1618175,0.8574622,0.06854605,0.02727229,0.9746785,0.01431908
"PDD24",0.05262204,0.009352787,0.02311109,0.01592489,0.9327071,0.1628614,0.8707214,0.815341,0.01013225,0.6044876,0.8673426,0.170903,0.1971131,0.9298887,0.02805611,0.01260378,0.9733833,0.01788312
"CTRL19",0.07707639,0.004309726,0.00935706,0.01178064,0.8655777,0.2559222,0.9374133,0.8118285,0.01462599,0.6721506,0.7422512,0.1496154,0.1150258,0.7622912,0.04753417,0.01358549,0.9705513,0.009480763
"PDD13",0.02626214,0.007958688,0.01846876,0.005159449,0.911441,0.2295122,0.918749,0.8097599,0.01142143,0.7135247,0.6090018,0.1048079,0.1513837,0.8933573,0.03224147,0.007141134,0.9615291,0.01601345
"CTRL43",0.05066238,0.01232984,0.01961689,0.014997,0.8646422,0.1611065,0.8587016,0.7740412,0.02595916,0.4684825,0.7363429,0.1645429,0.1607361,0.8186919,0.01987121,0.0210494,0.9858681,0.02636876
"DLB11",0.06680153,0.00855615,0.02396906,0.008747698,0.9303427,0.101045,0.9153857,0.8404236,0.01204285,0.5370751,0.7029449,0.170239,0.1975923,0.8815651,0.0263402,0.01361412,0.9701261,0.007720064
"PDD58",0.06688763,0.005117935,0.0193452,0.01803172,0.8673749,0.2164469,0.886755,0.910037,0.01003026,0.5261341,0.816446,0.1826471,0.1595554,0.8691701,0.05569966,0.01359968,0.9712057,0.02248268
"CTRL42",0.05708299,0.006174572,0.01777931,0.014747,0.8641424,0.2664827,0.9293421,0.8592417,0.009970512,0.6389506,0.7046838,0.1758929,0.228981,0.8423105,0.05395631,0.013446,0.9760909,0.01484742
"PDD53",0.03710187,0.002399204,0.01565839,0.02263852,0.8411556,0.2983758,0.9290131,0.8433834,0.01437507,0.6815774,0.7882386,0.1749039,0.1285453,0.792966,0.05777076,0.01376945,0.9715626,0.01970168
"PD40",0.05174267,0.003263403,0.02255207,0.02286749,0.8405112,0.2614549,0.9115966,0.8193516,0.01349096,0.6804927,0.7111111,0.1845696,0.1589224,0.8653053,0.04586466,0.01090786,0.9618509,0.017732
"PDD44",0.02836974,0.00802249,0.02122286,0.009163602,0.8812534,0.2568864,0.9158015,0.8863343,0.02445886,0.6005879,0.7340576,0.1616653,0.1896587,0.7504487,0.03827047,0.01194808,0.9452692,0.01967526
"PD6",0.02776126,0.01212546,0.02619626,0.008045618,0.9374874,0.1730011,0.8190403,0.840197,0.03132073,0.7101282,0.7021773,0.1313698,0.1516886,0.7510339,0.06065003,0.01237497,0.9718282,0.01864769
"CTRL1",0.04243197,0.009778744,0.0441644,0.01007926,0.8571846,0.2874091,0.8914018,0.8394847,0.01691642,0.6492009,0.7634338,0.1325993,0.1584633,0.8189672,0.05331665,0.01386984,0.9655527,0.02107662
"PD35",0.0518664,0.002019765,0.02109994,4.298487e-05,0.87844,0.2758889,0.9254248,0.9046451,0.01884125,0.5775785,0.7406948,0.202225,0.169249,0.8390076,0.06864407,0.01665926,0.9579248,0.01319633
"PDD41",0.03072572,0.008023023,0.01310641,0.01520356,0.7779521,0.2470192,0.9329817,0.8324606,0.009475131,0.5892417,0.7753715,0.1612385,0.2111093,0.7661071,0.03737705,0.02303221,0.9609864,0.02104256
"PDD70",0.05728154,0.004814697,0.009041918,0.01163395,0.848819,0.2401304,0.8969002,0.855984,0.009445699,0.6108396,0.7579681,0.158932,0.1524366,0.8428765,0.03832916,0.01386023,0.9826355,0.02294175
"PD59",0.02587906,0.00959974,0.01994022,0.01685756,0.891095,0.1440393,0.9359172,0.8846567,0.008310308,0.5568376,0.7379371,0.1629573,0.2051003,0.8375409,0.03856283,0.009468194,0.9701201,0.02209779
"PDD28",0.08230774,0.009369739,0.01991901,0.01106492,0.9134866,0.2694832,0.8686631,0.8242097,0.01098769,0.7183253,0.6140236,0.1536057,0.1141063,0.8531286,0.06300142,0.01385364,0.9780739,0.02232747
"CTRL78",0.03883926,0.01267963,0.02682596,0.0238806,0.8820185,0.1791249,0.8193247,0.830403,0.02824863,0.7212138,0.6882151,0.1564068,0.1784049,0.8461452,0.05661242,0.01537233,0.9579156,0.01480089
"CTRL64",0.02200184,0.009360635,0.0240074,0.01255806,0.9261384,0.1328964,0.8870252,0.7809676,0.01742067,0.5279718,0.7002985,0.173166,0.1125659,0.8461398,0.05181471,0.02041014,0.9679795,0.0204452
"PD48",0.03907414,0.008862983,0.0158756,0.02311279,0.8694524,0.1534009,0.945785,0.8138943,0.01130632,0.5537354,0.7470588,0.1980984,0.1679794,0.8247487,0.07172252,0.01173342,0.9674226,0.0187659
"PD21",0.04035918,0.01497529,0.01985923,0.01458851,0.8733208,0.1927124,0.9261792,0.838913,0.008418743,0.6877442,0.7085601,0.1585001,0.09223957,0.8462392,0.04197931,0.008659639,0.9600918,0.03391482
"CTRL95",0.02150387,0.004655239,0.01558514,0.01123196,0.8731374,0.1909759,0.8981391,0.8608768,0.01377524,0.5650595,0.7580006,0.1212349,0.143071,0.7961083,0.05044288,0.01628862,0.9668294,0.02057489
"CTRL57",0.02917398,0.006943429,0.01729267,0.008768292,0.8899326,0.1939389,0.8412602,0.7740395,0.01065432,0.4701484,0.7699298,0.1734389,0.1944425,0.8311221,0.04922864,0.008676149,0.9752976,0.01517771
"PDD30",0.04394573,0.01062356,0.02545163,0.01860786,0.8669272,0.132795,0.8900729,0.8944966,0.02269219,0.5451946,0.7146199,0.1646301,0.1935944,0.8138827,0.04155788,0.01843375,0.9622963,0.01749635
"PDD22",0.0218281,0.007737791,0.02967513,0.005336643,0.8214753,0.2151464,0.9404413,0.8561635,0.007544991,0.7116013,0.820212,0.1732398,0.09218466,0.7702013,0.03521491,0.007203667,0.9906963,0.01833431
"DLB15",0.04135938,0.011727,0.02940586,0.01244941,0.8428824,0.2073307,0.909824,0.8392709,0.02141224,0.54883,0.6473684,0.1528248,0.1118773,0.8078336,0.05436827,0.01351553,0.968587,0.0170106
"PD50",0.03852362,0.004302499,0.02700773,0.01409317,0.8569698,0.2259453,0.9135725,0.8420549,0.0103971,0.4952093,0.7376673,0.1718431,0.182529,0.8147061,0.03753492,0.01415638,0.9639418,0.01316649
"CTRL29",0.01455596,0.008371261,0.02779079,0.01181287,0.7438396,0.1906951,0.8907787,0.8274007,0.01015979,0.640087,0.80372,0.2012528,0.106369,0.6965462,0.05073514,0.01828638,0.9728874,0.005446167
"PDD54",0.03521173,0.004048583,0.01577818,0.009120475,0.862871,0.246432,0.9177366,0.9084638,0.01062343,0.6074121,0.7936893,0.1665516,0.1147579,0.8233914,0.06314331,0.02310836,0.9739394,0.02078065
"PDD27",0.05030101,0.008766672,0.008119168,0.01274011,0.9036015,0.20162,0.8603029,0.8558739,0.01732347,0.691193,0.8001234,0.1223807,0.2388904,0.865322,0.03600236,0.01858525,0.9836954,0.01505017
"DLB24",0.04456845,0.006097561,0.02964495,0.01197442,0.8422549,0.2044652,0.9284547,0.830774,0.01998269,0.6134681,0.8603626,0.1469217,0.1294845,0.7683574,0.02231094,0.01320132,0.9753615,0.01076848
"PD23",0.0190395,0.009813974,0.02435231,0.01556444,0.8520678,0.1789754,0.8732622,0.8861312,0.009193433,0.6315442,0.7552836,0.1669878,0.1921852,0.8300893,0.03272727,0.01530671,0.9792933,0.01382581
"PD30",0.0478094,0.006406269,0.01028316,0.01035787,0.8714247,0.2242477,0.8934453,0.8451636,0.01181641,0.5417743,0.7040704,0.150139,0.1293016,0.8901079,0.05137948,0.01241701,0.9613783,0.0195547
"PDD15",0.03513685,0.01556242,0.02610655,0.006442489,0.8888716,0.1546963,0.8369221,0.814104,0.02106591,0.583969,0.7653543,0.1131399,0.1438512,0.8311375,0.07936939,0.01994201,0.9686395,0.0194565
"CTRL50",0.01351962,0.005565737,0.01693106,0.006933932,0.8549282,0.1394512,0.8795051,0.8754223,0.01186879,0.5101028,0.8592079,0.185293,0.1514435,0.8234522,0.0370963,0.009602683,0.9851691,0.007204611
"CTRL93",0.04881729,0.001507971,0.0171665,0.002090051,0.917675,0.1532974,0.8641497,0.7499208,0.009057828,0.5510434,0.7636782,0.1825835,0.1510247,0.88232,0.02226835,0.00786557,0.980739,0.02266978
"PDD35",0.01708035,0.01272974,0.01808141,0.01206793,0.8193225,0.1598126,0.92594,0.8490244,0.0142236,0.650022,0.5801964,0.1574188,0.1036901,0.8380995,0.03989928,0.01320685,0.9619795,0.0257388
"CTRL73",0.03530472,0.0121533,0.01834662,0.01786076,0.9121693,0.1927162,0.9463268,0.832495,0.01501294,0.4662296,0.7134213,0.1937877,0.212033,0.8429181,0.06425283,0.01960118,0.9609004,0.01667353
"PDD6",0.03224704,0.003547086,0.01781362,0.01116303,0.8414226,0.3219143,0.9254353,0.839568,0.009358212,0.7405989,0.6350218,0.144572,0.1400435,0.8309088,0.04755382,0.01337773,0.9659103,0.02136208
"CTRL13",0.027041,0.002023309,0.01412955,0.01611776,0.8656099,0.1656158,0.8670559,0.800348,0.01320699,0.5451212,0.7925513,0.1728148,0.2309956,0.8039803,0.02182022,0.005208333,0.9815064,0.006585936
"PDD73",0.05752847,0.009922193,0.01787579,0.01009867,0.9583337,0.1139457,0.7956606,0.892725,0.009841815,0.6142207,0.8265896,0.1150673,0.08935654,0.9148772,0.04913043,0.0148831,0.9808167,0.01266211
"CTRL81",0.04484399,0.0002691066,0.02882493,0.02025522,0.869285,0.2286729,0.9320857,0.8549334,0.01038046,0.4992866,0.7079681,0.1989045,0.1709295,0.8503992,0.04064322,0.01668315,0.9829135,0.02738059
"CTRL33",0.02605019,0.0066411,0.03079843,0.01038981,0.8569992,0.2158803,0.8982843,0.8565311,0.0147507,0.5137912,0.8034529,0.1225419,0.2049402,0.8402215,0.05143565,0.01490202,0.9542962,0.01751216
"PDD49",0.02805007,0.002610114,0.02064923,0.01282237,0.7457874,0.2298248,0.9503402,0.862458,0.003060199,0.6413436,0.8083303,0.2024916,0.1655828,0.7754746,0.04387569,0.01525034,0.9610375,0.01641452
"PD27",0.03356313,0.006402656,0.01589558,0.01559712,0.8639772,0.2433131,0.86259,0.9047311,0.01939218,0.6634569,0.7698574,0.1813371,0.1378897,0.8326397,0.04930779,0.01588724,0.9757908,0.02532928
"PDD4",0.06350222,0.01626898,0.03411622,0.02063554,0.8702199,0.2559353,0.7957973,0.7774794,0.02205151,0.6764021,0.6900468,0.151976,0.1156402,0.8083551,0.04853708,0.01634103,0.9615151,0.03736421
"PD58",0.02676147,0.00211685,0.01383914,0.01181525,0.9010778,0.2435884,0.9442086,0.8729779,0.0009200491,0.6434795,0.8014899,0.1634128,0.1478975,0.8446562,0.04103143,0.01183812,0.9612969,0.01043544
"CTRL85",0.04111402,0.004790234,0.0116405,0.02728642,0.8552887,0.2240892,0.8995241,0.8839811,0.01587174,0.564582,0.7758007,0.1962883,0.140478,0.7747654,0.03018326,0.01374993,0.9614847,0.01118476
"PD52",0.01723089,0.00921574,0.01915959,0.003120228,0.8421181,0.2819898,0.9310448,0.819844,0.006219019,0.5896432,0.7956731,0.1502352,0.0945298,0.7505374,0.04635453,0.004159576,0.970904,0.01380852
"PD60",0.04131711,0.01302228,0.01104493,0.01460249,0.9300856,0.2139361,0.9284233,0.8237905,0.01281719,0.5871781,0.6710963,0.1425234,0.09556665,0.8584335,0.03680525,0.01737624,0.968988,0.01690909
"PD61",0.03659472,0.01110547,0.01256567,0.01437503,0.8613025,0.2277248,0.9256471,0.8817412,0.01130038,0.5506643,0.7363014,0.1941981,0.1077248,0.7966029,0.04521895,0.0163239,0.9575305,0.015731
"CTRL11",0.02069426,0.005325133,0.01005189,0.009329705,0.8442892,0.2055361,0.8463105,0.8146841,0.01119633,0.4914528,0.7983651,0.1712469,0.1143479,0.7799985,0.04526436,0.01492225,0.9844914,0.01369082
"CTRL40",0.04452248,0.006872407,0.02292046,0.01545695,0.8707051,0.2273637,0.8479451,0.8502912,0.01878637,0.5297116,0.7475795,0.1833028,0.2048346,0.8390326,0.06373429,0.02207305,0.9841541,0.01404185
"DLB35",0.03247483,0.008439898,0.02783772,0.015516,0.8597521,0.197119,0.839938,0.8833104,0.02036488,0.5623794,0.8059273,0.1694598,0.1759366,0.8214597,0.05876373,0.01245983,0.9793944,0.01518463
"PD9",0.05538612,0.01039817,0.03518927,0.01344301,0.8596735,0.1879513,0.8514646,0.8651314,0.01825157,0.6016014,0.7007643,0.130061,0.1792161,0.8328762,0.03915063,0.01509165,0.9739789,0.02700037
"CTRL79",0.04847876,0.005872894,0.01322394,0.01148142,0.8873374,0.182586,0.9024726,0.8382616,0.01639318,0.5444164,0.8523909,0.1658898,0.1371691,0.8509937,0.05348738,0.01852042,0.9714973,0.01498084
"PDD61",0.04782244,0.01184366,0.03661774,0.02222222,0.8308747,0.2554244,0.899478,0.8523647,0.01479632,0.5128741,0.7537448,0.1793085,0.1926565,0.8565202,0.07608279,0.01566976,0.9609048,0.01174033
"PD56",0.0428484,0.005712612,0.01630063,0.008879418,0.875204,0.1604526,0.892815,0.8685698,0.02007764,0.5308411,0.8259839,0.155396,0.1152831,0.8567053,0.03369392,0.01372525,0.9755789,0.006269592
"CTRL55",0.02523808,0.01247588,0.01719242,0.01507425,0.8469723,0.2057727,0.8687494,0.8152139,0.01744676,0.6288154,0.8277584,0.2036732,0.2175781,0.9004608,0.02947224,0.01240709,0.9781244,0.01805529
"CTRL37",0.01158566,0.005042385,0.02781618,0.0180694,0.7940075,0.3078188,0.9695128,0.8134014,0.01076051,0.6888699,0.8864127,0.1690621,0.0740371,0.7149354,0.06659525,0.01619121,0.9716366,0.01265341
"CTRL82",0.01461672,0.00788004,0.02155224,0.007383734,0.8934261,0.1790568,0.9025071,0.8297499,0.009700635,0.4683638,0.7674059,0.1958494,0.1569641,0.7463785,0.02139831,0.01689866,0.9806837,0.02183454
"CTRL32",0.06039229,0.01080305,0.02218325,0.01199378,0.8261192,0.25283,0.9714068,0.8658962,0.01956417,0.7314294,0.9032688,0.1621094,0.1253413,0.7557925,0.05653961,0.02039744,0.9789786,0.01936376
"PD2",0.04441059,0.01514415,0.01539222,0.01114184,0.8412382,0.3141391,0.9004767,0.9017187,0.03444994,0.6632303,0.7376147,0.1531526,0.0764955,0.7936292,0.05190448,0.0240799,0.9685165,0.02239059
"PD54",0.01121573,0.003982503,0.01351295,0.008845288,0.8350389,0.2333104,0.9241472,0.8484566,0.00554055,0.5429698,0.7983274,0.1692033,0.142044,0.7879924,0.03586227,0.0111328,0.9750516,0.006577778
"CTRL48",0.05082523,0.006129762,0.01894903,0.0220068,0.856399,0.230979,0.8783993,0.8312363,0.01609486,0.5160192,0.7826313,0.2010776,0.2323016,0.763843,0.0566642,0.01205838,0.9475344,0.01114946
"PD49",0.05715134,0.004520655,0.0176152,0.01952322,0.8663551,0.1470138,0.9061389,0.8490333,0.01583217,0.5157509,0.725,0.1494582,0.1183133,0.8467188,0.05175907,0.01538011,0.9326618,0.01830687
"PDD69",0.03971888,0.01240711,0.01332932,0.01459218,0.8777697,0.2621521,0.9178447,0.7917659,0.01649334,0.6308378,0.7669823,0.1919808,0.1449776,0.8604804,0.04730045,0.01482677,0.9621378,0.02322105
"PD45",0.04996728,0.004797918,0.01629993,0.01353305,0.868092,0.2385901,0.9298094,0.8214896,0.01910245,0.514211,0.7211538,0.1612917,0.1901241,0.8026909,0.05726681,0.0127681,0.9854623,0.02049035
"CTRL12",0.037964,0.01084661,0.03268795,0.01378785,0.78668,0.1926932,0.9268818,0.8469979,0.01891476,0.6198368,0.7581585,0.1572376,0.1614073,0.8096476,0.05132882,0.01520233,0.9672731,0.02415792
"PD33",0.0397876,0.00159042,0.02885733,0.02045806,0.7745505,0.2148196,0.9085763,0.8054773,0.007949363,0.5791381,0.7606541,0.2047144,0.08437878,0.7311587,0.05250439,0.0154541,0.9285729,0.01848635
"PD51",0.03164524,0.007870788,0.008663698,0.004376885,0.8824362,0.1209726,0.8998096,0.8551197,0.00469606,0.4993953,0.725774,0.1744804,0.1292308,0.830894,0.03860029,0.01009501,0.9833762,0.004579077
"PD13",0.03837279,0.0143611,0.0239999,0.01567352,0.860474,0.2012873,0.886806,0.8653153,0.02093234,0.6508667,0.8219962,0.1649901,0.06030016,0.7525821,0.0541422,0.01007905,0.9814794,0.02026492
"PDD45",0.0223935,0.01063426,0.01107336,0.007631781,0.8213899,0.2146585,0.9099208,0.8865749,0.01476278,0.6399326,0.8011178,0.1870349,0.09841144,0.7924051,0.05976876,0.02727934,0.9686517,0.005010599
"PD20",0.04666181,0.01040802,0.0204209,0.008830305,0.8439143,0.2980658,0.8401969,0.8579421,0.02440536,0.6671115,0.7784291,0.1822518,0.1668874,0.792148,0.05442177,0.01450017,0.9512293,0.01540041
"CTRL83",0.03788297,0.002129835,0.01289887,0.01555419,0.9037865,0.1835976,0.8448676,0.8209193,0.01070841,0.5756772,0.6745818,0.1503958,0.1883166,0.8487282,0.04299865,0.009058262,0.9682552,0.01665565
"PDD7",0.05063276,0.01026379,0.02584278,0.01640336,0.8747726,0.2480335,0.7832372,0.8233483,0.01735819,0.6127131,0.7468856,0.1584889,0.2319891,0.8532908,0.07833994,0.01532871,0.9797979,0.02533532
"CTRL71",0.02674407,0.004277088,0.01272565,0.01303729,0.9195386,0.1699891,0.8462686,0.8349855,0.004302328,0.5212494,0.7575,0.1487025,0.1179381,0.8313352,0.05134244,0.02504856,0.9767452,0.005410977
"PDD47",0.0412783,0.00571303,0.009688901,0.012276,0.8526411,0.214831,0.9611137,0.827867,0.01700607,0.5057844,0.7391644,0.1681045,0.1728824,0.8307427,0.04347029,0.01699252,0.9701412,0.01869705
"PD32",0.0407013,0.003724725,0.01021397,0.0143575,0.7678112,0.2219651,0.8917607,0.8259598,0.0122982,0.4940314,0.7640598,0.1918265,0.159375,0.7770336,0.04738041,0.01459088,0.9495141,0.01210593
"CTRL6",0.02332812,0.0171279,0.02064499,0.006618897,0.8607308,0.2128452,0.8143905,0.7927357,0.0154862,0.5976238,0.8219645,0.2107967,0.04434488,0.6960613,0.04320988,0.01515325,0.9648266,0.012701
"CTRL46",0.0531932,0.008629782,0.01520483,0.02439649,0.8322395,0.2016109,0.8625505,0.8510141,0.01406224,0.4631118,0.7292632,0.2023116,0.1748381,0.8295194,0.05204127,0.01425465,0.9663047,0.01771502
"PD17",0.02313502,0.01023634,0.01692568,0.01074507,0.8908908,0.2379035,0.8460353,0.820337,0.01213468,0.6199644,0.7601351,0.1735167,0.2629422,0.7765636,0.03989522,0.01948421,0.9828398,0.01635359
"PDD10",0.04587018,0.01494311,0.03750067,0.02227456,0.8730191,0.2398284,0.9044038,0.8465278,0.01160114,0.6545301,0.7467249,0.1862308,0.1567477,0.8167581,0.06820682,0.01618143,0.9708539,0.02898874
"DLB12",0.02744829,0.005474606,0.0227294,0.006366246,0.8164783,0.2049666,0.8293225,0.785619,0.01889816,0.5358172,0.7466325,0.1830485,0.1614377,0.7742965,0.05955335,0.01693587,0.9702044,0.01938414
"CTRL44",0.02378142,0.002678431,0.01877832,0.01052516,0.8809134,0.2763987,0.9484245,0.8579937,0.008455979,0.6304564,0.7447273,0.1678065,0.193362,0.7908765,0.05168269,0.008587896,0.9705323,0.008119925
"CTRL86",0.08832303,0.0007525021,0.01362943,0.01902145,0.8882306,0.206273,0.9257109,0.824298,0.004879224,0.6098368,0.6481481,0.1556701,0.1257848,0.8751482,0.03003876,0.009016161,0.9723943,0.007628004
"DLB27",0.03598928,0.003145204,0.01979228,0.007958984,0.8004317,0.1994862,0.9409096,0.8206273,0.02134904,0.5820159,0.7955607,0.1828264,0.1870636,0.770103,0.04616067,0.01821586,0.9703731,0.02916427
"PD18",0.04254069,0.005817653,0.02349985,0.01521047,0.9040614,0.2607311,0.8584311,0.7936187,0.009699375,0.616272,0.6780045,0.1710506,0.1748122,0.7736088,0.04140929,0.01662693,0.9530163,0.01709177
"CTRL20",0.0199282,0.005073934,0.01481624,0.01244854,0.8393602,0.2739908,0.944234,0.8017507,0.01072279,0.5667685,0.8209248,0.1898148,0.1726629,0.7578804,0.02401434,0.02281423,0.9786925,0.01862449
"PDD50",0.03446556,0.002424595,0.01147923,0.01261352,0.7835569,0.2416014,0.9708752,0.8259861,0.009518332,0.5616615,0.7902622,0.1778312,0.160716,0.7917716,0.06161972,0.01304278,0.9648908,0.01786201
"DLB21",0.02565108,0.002512806,0.01687651,0.009837058,0.8159132,0.1620424,0.8504733,0.8392807,0.0112538,0.4845909,0.790224,0.1636187,0.2489562,0.7828942,0.02009055,0.01127799,0.9527892,0.01572792
"CTRL53",0.01770693,0.001797349,0.02037614,0.009745674,0.850611,0.1852332,0.8859203,0.842411,0.005719776,0.6052718,0.756516,0.1670941,0.1545303,0.7919023,0.03830072,0.01442601,0.9747561,0.005014191
"CTRL65",0.03773085,0.01437135,0.01427194,0.01184408,0.8791113,0.1634573,0.8618652,0.8701945,0.007024411,0.5263088,0.7724417,0.2182072,0.1954005,0.8281135,0.04970097,0.01631241,0.9787159,0.01493558
"PD38",0.08504006,0.001307692,0.02559308,0.02344449,0.8603208,0.2801976,0.9276815,0.7876772,0.01127155,0.6222457,0.7017484,0.1919954,0.2230301,0.857416,0.07260303,0.02013866,0.9774621,0.009939499
"CTRL18",0.02927914,0.008009344,0.01341314,0.002687668,0.7616244,0.2080924,0.9546068,0.8010252,0.009473401,0.6234136,0.8566866,0.1756518,0.1573351,0.7185863,0.05403475,0.01025423,0.9646959,0.009903297
"PDD36",0.05758186,0.004425491,0.00967922,0.004844169,0.895112,0.2680001,0.8954743,0.7849649,0.0228108,0.6207193,0.6096791,0.1612022,0.1824767,0.8531918,0.04360526,0.0152623,0.9768278,0.04529338
"PDD64",0.03988344,0.01004543,0.01082593,0.006968117,0.8696429,0.1920468,0.9400876,0.8757356,0.01181328,0.6387507,0.7665865,0.1184311,0.1173479,0.823007,0.03589068,0.01715635,0.9792994,0.01321883
"PD42",0.03860733,0.01315023,0.01432717,0.02695925,0.8784222,0.2690945,0.9089301,0.8699095,0.04089471,0.7129361,0.7476959,0.177268,0.1310563,0.6954169,0.06241163,0.01805232,0.9610406,0.01620479
"PDD33",0.02164553,0.008679928,0.01739662,0.0117731,0.8221638,0.270198,0.938061,0.867722,0.03452508,0.598841,0.8171091,0.1780599,0.132873,0.7403202,0.05217391,0.01487267,0.9724354,0.01457377
"PDD65",0.06395978,0.00643389,0.01285638,0.01256754,0.8997265,0.3125053,0.8482612,0.8768464,0.01203081,0.6302764,0.6785586,0.1939779,0.1083573,0.8170241,0.03801318,0.01855877,0.9817463,0.01547389
"PD62",0.02594394,0.01395419,0.008418058,0.01301472,0.8931553,0.2107911,0.9353388,0.8302245,0.009832139,0.5659716,0.8175606,0.1869045,0.1752012,0.8919885,0.04190751,0.0103964,0.9694054,0.01261047
"PDD77",0.06195122,0.008212797,0.01203605,0.01410759,0.8918907,0.2844363,0.9600065,0.9110832,0.01925698,0.664279,0.6704036,0.1338093,0.1355466,0.8805895,0.04530744,0.01885148,0.9743655,0.01106892
"PDD2",0.04430652,0.01220641,0.01792873,0.01696816,0.8919712,0.3185057,0.8941027,0.8198528,0.02010162,0.6194308,0.693956,0.122631,0.1387079,0.8205429,0.0609016,0.01532871,0.972781,0.02901179
"PD25",0.05636475,0.009231963,0.02477164,0.01256646,0.8242836,0.1817079,0.9391677,0.862458,0.007664406,0.6977829,0.8209848,0.1694125,0.1606169,0.81532,0.03667648,0.009387302,0.9859715,0.01450189
"DLB14",0.02480031,0.001937332,0.02773992,0.0141768,0.8705773,0.2191819,0.8843481,0.8496769,0.01205388,0.6427923,0.7253799,0.1689908,0.1802575,0.7722359,0.04205106,0.00998508,0.9801409,0.01291184
