"","cg07996485","cg26453023","cg06831038","cg18853909","cg24256991","cg01375651","cg02294411","cg17097757","cg09076877","cg25589803","cg09150064","cg26055435","cg08470320","cg26427044","cg13451048","cg01800148","cg08802981","cg16985117","cg26345401","cg07113350","cg24025651","cg01792229","cg24855045","cg03896585","cg07755528","cg14855519","cg14566231","cg07642754","cg12986825","cg00901585","cg19176661","cg09214323","cg05073607","cg13864645","cg15283292","cg23388097","cg06460600","cg17286854","cg13773631","cg22806431"
"PDD38",0.945312,0.8148894,0.7601345,0.9565463,0.07842339,0.9642577,0.09450635,0.9511142,0.8960529,0.9292851,0.3851923,0.9517216,0.8801566,0.2229164,0.4624994,0.5670238,0.9609144,0.8474348,0.7532724,0.8864086,0.9081287,0.8759863,0.7279648,0.9541706,0.6305289,0.1631585,0.88626,0.7954412,0.01575512,0.9003445,0.9155339,0.7606538,0.772778,0.7930811,0.9521215,0.9429564,0.8450056,0.8604402,0.1157222,0.6949841
"CTRL61",0.9282933,0.7259344,0.7815082,0.9065101,0.1183174,0.9478253,0.09317378,0.9303883,0.8976517,0.8155891,0.3058188,0.8632679,0.7789144,0.118789,0.4613653,0.5368342,0.9655865,0.8758674,0.7346352,0.9323144,0.8813891,0.9597393,0.6821771,0.9362004,0.5939074,0.177122,0.867529,0.6701659,0.03222044,0.8167889,0.9036871,0.7928147,0.7577739,0.8292232,0.91287,0.93586,0.879403,0.9391841,0.07920285,0.5866838
"PDD23",0.9500215,0.7448633,0.7828682,0.9261911,0.1070168,0.9660348,0.08444463,0.9352861,0.9540686,0.9265573,0.3830051,0.9049779,0.809888,0.1519394,0.5155164,0.4975803,0.9612475,0.8766495,0.7074863,0.9492068,0.9050775,0.9666831,0.6590255,0.9691374,0.5933508,0.1349469,0.873991,0.8009308,0.01104447,0.8548673,0.8878353,0.7705194,0.717612,0.9009323,0.9395697,0.9465017,0.8920904,0.9355897,0.1139597,0.6289392
"PDD21",0.9380581,0.6976635,0.789129,0.9580539,0.1114968,0.9393318,0.2092833,0.8761105,0.9719483,0.9290188,0.3852296,0.8767529,0.8438428,0.2534436,0.498469,0.5975972,0.9838555,0.8991954,0.7176864,0.9355273,0.9002736,0.9177358,0.839168,0.9480766,0.6782391,0.1680086,0.8639947,0.8133235,0.0183727,0.8100221,0.9119664,0.6509991,0.8702952,0.8425566,0.9471914,0.9121093,0.8811089,0.8923202,0.07092536,0.7511728
"PD29",0.9147337,0.6690783,0.8150289,0.9587511,0.07341755,0.976811,0.1445259,0.8785312,0.908981,0.810191,0.2740373,0.8242842,0.7601589,0.249282,0.5487881,0.5701574,0.9380788,0.8269557,0.7031076,0.918923,0.8478543,0.9290447,0.6854033,0.9354924,0.5874135,0.2593176,0.829471,0.8073605,0.02862967,0.8407481,0.8769011,0.8051481,0.782337,0.8580834,0.8904615,0.9419473,0.8780756,0.8693314,0.05652043,0.6403628
"PD5",0.9572713,0.7563984,0.6504062,0.9243177,0.1502919,0.9197581,0.1528426,0.9362068,0.8576796,0.8959058,0.3578363,0.8857388,0.8461569,0.2941306,0.5206333,0.5073252,0.9713695,0.9187767,0.7062823,0.9497132,0.8952725,0.9406789,0.7517264,0.9358933,0.7004497,0.158845,0.8799021,0.7613787,0.03211179,0.8706887,0.8917374,0.7437851,0.8144609,0.8731055,0.9328289,0.9462579,0.9233801,0.8613549,0.08178234,0.726258
"CTRL88",0.9053922,0.7449827,0.8440906,0.9117245,0.0882991,0.9629506,0.07984187,0.9473096,0.9273207,0.8483931,0.4033165,0.8885349,0.8051094,0.1937305,0.4340389,0.5572298,0.9751005,0.8417654,0.7219145,0.9314899,0.94142,0.9521744,0.6855022,0.9274614,0.5731418,0.2143559,0.9154945,0.7062736,0.02233975,0.8907594,0.9070657,0.7992465,0.8252266,0.9302277,0.9557534,0.9279201,0.9064678,0.9208645,0.1053717,0.6056878
"PD41",0.9131433,0.8190971,0.7997395,0.9428597,0.1035611,0.9731523,0.1228373,0.8865685,0.8999271,0.8650629,0.3618534,0.8681286,0.7982246,0.1962772,0.5536874,0.5065132,0.9560257,0.8651817,0.7460423,0.9435043,0.9056095,0.9430188,0.7607231,0.9686856,0.5840258,0.1995697,0.8835528,0.7491093,0.02083821,0.8061086,0.9409557,0.8086117,0.799013,0.8862366,0.8906475,0.9367103,0.8559572,0.8861184,0.09000076,0.7291284
"PDD39",0.9414366,0.7719826,0.7203497,0.9613512,0.02770915,0.9481488,0.146995,0.8755165,0.8916871,0.9032796,0.4493622,0.8569639,0.8231395,0.259118,0.4423468,0.4534783,0.9772025,0.86378,0.7235866,0.9354356,0.9231833,0.953336,0.7311805,0.8916023,0.5378619,0.117644,0.8703933,0.7100544,0.01836455,0.8196873,0.8625054,0.6784693,0.8049611,0.8541034,0.9286847,0.9289102,0.7986132,0.9013788,0.0646045,0.6285396
"PD11",0.9361523,0.8275107,0.8111426,0.9230674,0.06887872,0.983141,0.1221504,0.8869916,0.914731,0.89821,0.4329727,0.8554882,0.848795,0.2922783,0.5622502,0.6001436,0.9763331,0.8658351,0.8116459,0.9330365,0.9436216,0.9723789,0.7432465,0.9474688,0.580487,0.1477424,0.9089831,0.7570556,0.01548619,0.8434885,0.9044304,0.7649147,0.8047024,0.9019547,0.9087513,0.9080641,0.8487388,0.9171159,0.07220752,0.6562441
"PDD26",0.9319199,0.7850969,0.6590269,0.9834942,0.06687066,0.9457172,0.07524702,0.9374693,0.9437146,0.9453777,0.4520026,0.7918322,0.9092865,0.3868407,0.4604593,0.6245511,0.9838005,0.8437224,0.7071216,0.9311479,0.9144564,0.9486118,0.7228059,0.9734561,0.5920547,0.1687163,0.8844505,0.8346189,0.01372536,0.894232,0.907762,0.7161959,0.8693614,0.8546223,0.9230449,0.9411374,0.870152,0.9372722,0.1404838,0.7708984
"PDD25",0.9380194,0.6430542,0.9018382,0.9450073,0.1681077,0.9611865,0.04399314,0.9297308,0.9412012,0.9203429,0.3719685,0.9342509,0.8520658,0.2897081,0.6363261,0.6761345,0.9584895,0.8869817,0.8097358,0.9194816,0.9130689,0.8680564,0.8089812,0.9156153,0.7854752,0.3336823,0.8773054,0.8126466,0.01584595,0.9080473,0.9117203,0.8933402,0.8885903,0.9269265,0.9533612,0.948877,0.9078328,0.9216275,0.09861846,0.7727638
"PD1",0.9469637,0.6976184,0.7989439,0.9439627,0.1153469,0.9701953,0.1103245,0.9287503,0.8876865,0.8963462,0.4520326,0.9175051,0.8642308,0.2480907,0.4902686,0.5330589,0.9646103,0.8778456,0.7160521,0.9189686,0.908057,0.9031706,0.7149398,0.9659896,0.6503101,0.2053423,0.9102837,0.8017198,0.02322778,0.8305962,0.9175065,0.7755388,0.8122302,0.9361645,0.9285889,0.9292943,0.8641393,0.860066,0.1141738,0.6835852
"CTRL24",0.9336776,0.7319048,0.7415041,0.8699695,0.05071563,0.9669472,0.1401981,0.8672929,0.8921232,0.8728576,0.3905843,0.7648744,0.8432271,0.3195945,0.4161182,0.5514186,0.9684005,0.8149578,0.6968411,0.9097395,0.8827248,0.9569027,0.7842949,0.9450308,0.6299675,0.1466824,0.8666854,0.8491379,0.02074281,0.7306878,0.9061267,0.7263019,0.8058008,0.902292,0.9076504,0.9282452,0.8203512,0.8298148,0.09827188,0.6503215
"PD55",0.8858558,0.6559632,0.7762145,0.9629802,0.08577826,0.9815575,0.1152759,0.9193324,0.9235289,0.9108825,0.2310394,0.9206322,0.8125916,0.141794,0.5134404,0.5688538,0.9754524,0.8593084,0.7360441,0.9228546,0.9410756,0.9321361,0.7072733,0.9445225,0.6229616,0.1722287,0.8668802,0.7033261,0.02727358,0.886749,0.8972359,0.8008657,0.8797626,0.8940071,0.9152539,0.9299773,0.86785,0.9413226,0.07533128,0.635795
"CTRL15",0.9338309,0.7367974,0.7731339,0.9496808,0.06940368,0.9718864,0.09200572,0.9005383,0.8937889,0.7862295,0.3773547,0.9269634,0.7260726,0.2150979,0.4647821,0.4928615,0.9702049,0.8018435,0.6932704,0.9378759,0.9082763,0.9249022,0.6883818,0.9333651,0.5605981,0.2057879,0.8800099,0.6493535,0.016344,0.78857,0.8926519,0.7464675,0.7148528,0.9056052,0.9037818,0.9233174,0.8853006,0.8511548,0.124597,0.5441674
"CTRL63",0.9422219,0.7606954,0.7814109,0.9422766,0.0712018,0.9437743,0.0537188,0.9717601,0.8765866,0.8343889,0.2953393,0.9371897,0.7240454,0.09904365,0.4899371,0.4901529,0.9503001,0.9313586,0.7682288,0.9189652,0.9168646,0.9080788,0.7269078,0.9519403,0.6472145,0.1278187,0.8771527,0.7435262,0.030382,0.8552692,0.9213869,0.8729699,0.8176507,0.8332565,0.9135635,0.9147663,0.8438454,0.8799154,0.09247189,0.7295326
"PDD60",0.9507144,0.7708384,0.8287963,0.9402288,0.06294675,0.9600508,0.1423116,0.8823344,0.8806724,0.8717931,0.3650208,0.9572588,0.8168346,0.2182528,0.5554835,0.6374192,0.9666671,0.8614663,0.8504656,0.8883842,0.9151788,0.8630811,0.6981974,0.9208581,0.6585202,0.272684,0.866263,0.7218045,0.02044374,0.8770415,0.9365473,0.8122824,0.8149309,0.8873326,0.8977111,0.9337004,0.8835956,0.8302418,0.1139589,0.6885899
"PDD51",0.9012119,0.7000953,0.713988,0.872307,0.07852293,0.9436992,0.1007254,0.8956873,0.8539875,0.8712254,0.2323605,0.790472,0.7637588,0.1732987,0.3982565,0.5236987,0.9600462,0.8517137,0.7019688,0.8893087,0.8627737,0.8758324,0.681208,0.9706949,0.5796106,0.1946415,0.8245704,0.6362715,0.01857956,0.8652197,0.8996912,0.7447644,0.8117951,0.8564985,0.9260266,0.923592,0.8240943,0.8521487,0.05313848,0.6354964
"PDD43",0.9225939,0.7195503,0.7242848,0.9682698,0.1127355,0.972961,0.1747009,0.923694,0.8971209,0.9081573,0.286659,0.8190118,0.8464867,0.2764979,0.4924489,0.4641187,0.9552135,0.8488421,0.7755396,0.9095356,0.8783605,0.935328,0.7094898,0.9549723,0.648314,0.1171891,0.8971301,0.7616442,0.01727201,0.8521282,0.9313603,0.7265365,0.8086293,0.8745905,0.9076223,0.9101244,0.7781439,0.848274,0.09117589,0.7042285
"PD14",0.9454039,0.7724597,0.7364537,0.9349918,0.1147952,0.9466974,0.104457,0.946583,0.927904,0.8228697,0.427936,0.872911,0.7521161,0.09257224,0.4876035,0.5091685,0.9730248,0.834189,0.7429324,0.9388784,0.9222969,0.9685442,0.7519953,0.9658644,0.5885275,0.2029746,0.8798817,0.810197,0.02275287,0.8845046,0.8802189,0.799025,0.8457712,0.8801064,0.91691,0.949154,0.9025045,0.8668557,0.09758809,0.5754096
"PDD5",0.92167,0.6501705,0.7149535,0.9006033,0.08429431,0.9386657,0.06681244,0.9395754,0.9126088,0.9021674,0.3433331,0.9006178,0.8522413,0.1986877,0.6477682,0.6560625,0.9524734,0.920043,0.7527333,0.9465084,0.8787096,0.9605358,0.7153221,0.8481951,0.7522011,0.2214954,0.9033138,0.7755418,0.02314461,0.9092682,0.855419,0.7633547,0.8720468,0.8388145,0.9199235,0.9301282,0.8979774,0.8966002,0.1009994,0.7026913
"PD37",0.9320993,0.8464617,0.8001239,0.9671365,0.07839428,0.9688713,0.1840415,0.8797775,0.9027198,0.8767541,0.2887108,0.9334994,0.8411861,0.2874772,0.5694995,0.6184295,0.9552686,0.8426878,0.7885705,0.9350234,0.8861214,0.9220641,0.7071334,0.9408577,0.6340291,0.1798303,0.898351,0.6641664,0.02263314,0.7944724,0.9059428,0.7863676,0.8318722,0.8729129,0.8900942,0.9223895,0.8768179,0.8732783,0.09805529,0.7464116
"CTRL80",0.927272,0.7229039,0.7795073,0.947681,0.08909157,0.9401945,0.08532355,0.8954127,0.9235109,0.8432032,0.2695633,0.8509646,0.8151798,0.1036067,0.4760561,0.5673295,0.960495,0.8814155,0.6982506,0.9410873,0.9351214,0.9139257,0.6514582,0.9448915,0.5436723,0.1400628,0.8889444,0.7170389,0.03687132,0.8288539,0.8212661,0.7522604,0.7927004,0.8545813,0.910159,0.9458149,0.8470794,0.879832,0.0952748,0.5666564
"PDD74",0.9226201,0.7775642,0.6736747,0.9632571,0.1017712,0.9425384,0.08319899,0.9197105,0.9367746,0.879203,0.401583,0.8679895,0.8125533,0.1753125,0.5097178,0.416689,0.9607644,0.8787571,0.8192724,0.9588358,0.8602143,0.9326269,0.6609899,0.9609419,0.6311048,0.1878757,0.8749954,0.7763055,0.02077057,0.8370279,0.8921209,0.7395672,0.7537303,0.8706092,0.9344986,0.9407128,0.8663024,0.8902337,0.06586401,0.6762055
"CTRL62",0.9331803,0.7849399,0.7884004,0.953794,0.07981238,0.9760934,0.1147071,0.9238565,0.9222356,0.8485145,0.47608,0.9179786,0.8181232,0.1674368,0.4910197,0.6349025,0.9561284,0.8713968,0.8172898,0.9493254,0.8897557,0.9576673,0.7275139,0.9242885,0.566755,0.2221599,0.8735501,0.6417374,0.02465433,0.8439078,0.9103221,0.7706576,0.7337882,0.8747042,0.9185281,0.9429766,0.8900068,0.9001828,0.07391455,0.6335235
"PD3",0.9092822,0.6479957,0.7616728,0.9209178,0.1111566,0.92368,0.1187329,0.8945337,0.9204977,0.9094632,0.3847652,0.8624712,0.832279,0.269297,0.5154084,0.6101703,0.922612,0.8873646,0.7804342,0.9402105,0.8534407,0.942226,0.7396208,0.9092284,0.6340142,0.2179598,0.8904772,0.7003041,0.03760748,0.8967834,0.8793584,0.7712249,0.7963354,0.8765427,0.915206,0.9425283,0.8687238,0.8854433,0.07069382,0.6995888
"CTRL39",0.9116887,0.7604139,0.7623397,0.9207198,0.08307074,0.9674368,0.1034247,0.9086089,0.9017673,0.8299702,0.482949,0.9332504,0.7712844,0.1363924,0.5323486,0.6351389,0.971377,0.8892438,0.7189623,0.9467855,0.8918499,0.9586085,0.6875405,0.9359763,0.5755365,0.2624189,0.898585,0.7224451,0.02911196,0.8912726,0.8712093,0.7745543,0.7837511,0.8874439,0.898273,0.9416388,0.9195081,0.8951274,0.1424656,0.7035677
"CTRL97",0.9318894,0.7714375,0.783385,0.871291,0.07370224,0.9364786,0.09537986,0.9162596,0.9427143,0.8534214,0.5272648,0.9227278,0.8019142,0.2030385,0.5230099,0.588386,0.9657692,0.8786168,0.8137775,0.9426611,0.9124105,0.9522156,0.707667,0.9538134,0.6246766,0.2115106,0.8955489,0.6207455,0.01277208,0.8472184,0.877641,0.787612,0.7944367,0.8820541,0.8902473,0.9487585,0.9091256,0.9021418,0.1129821,0.6419464
"PD47",0.9131285,0.7083725,0.782702,0.8703439,0.0742756,0.9511164,0.06207802,0.8832895,0.9066193,0.854985,0.3918784,0.8863535,0.7165894,0.1483423,0.4914578,0.4872122,0.9501598,0.8251456,0.7155115,0.8941428,0.9026141,0.9233089,0.5975193,0.9549245,0.5639697,0.2104367,0.9068443,0.6585144,0.01686077,0.8218064,0.9349342,0.7560479,0.6845585,0.818406,0.8824993,0.9119854,0.8989107,0.8566429,0.07751786,0.5701963
"DLB17",0.9369442,0.7714709,0.7014157,0.8279385,0.1041014,0.9543381,0.05198971,0.9542188,0.9417579,0.8294177,0.3244839,0.8495574,0.7673256,0.1155977,0.468343,0.4041773,0.9418211,0.9246941,0.6789678,0.9299675,0.8806546,0.9341003,0.6859601,0.9529433,0.4766815,0.1269774,0.9016629,0.6706631,0.02673267,0.8142514,0.8770505,0.6741473,0.7152528,0.8980043,0.926776,0.9289522,0.9069981,0.8514673,0.06167357,0.5539788
"DLB2",0.9668795,0.6707412,0.7042532,0.9498271,0.1538306,0.9312506,0.1051899,0.941821,0.8878348,0.913639,0.360076,0.9299206,0.8429207,0.2897723,0.5094482,0.6707126,0.9416844,0.8778601,0.7653634,0.8719363,0.9130544,0.9028319,0.7589751,0.9157568,0.6764299,0.2435623,0.8608609,0.7508528,0.03321921,0.895776,0.8743086,0.8301704,0.8650727,0.8932264,0.9302686,0.9264155,0.8404205,0.8413583,0.1100513,0.7517397
"CTRL35",0.9408601,0.8136045,0.7393189,0.8886448,0.07732088,0.9196763,0.1619268,0.9172402,0.8868852,0.8978626,0.4647422,0.8396964,0.8558793,0.2071992,0.5119849,0.5711836,0.958129,0.8607855,0.7715661,0.9175973,0.9073759,0.9598944,0.6913109,0.9438952,0.6054475,0.1436912,0.8992297,0.7942788,0.02327327,0.8801868,0.922497,0.8007506,0.7690884,0.9088774,0.8999793,0.9304344,0.8752334,0.8139493,0.1114097,0.6957295
"PD8",0.9383006,0.7548212,0.6442191,0.9201233,0.08045108,0.8521647,0.1317045,0.9095051,0.9226255,0.9243593,0.2702105,0.7959206,0.8437873,0.2582176,0.5188568,0.4878375,0.9531316,0.8507998,0.7277863,0.9383432,0.9199281,0.9039945,0.840173,0.9401217,0.6625768,0.1675396,0.8890533,0.7843277,0.02223427,0.9091303,0.9145105,0.6859295,0.832841,0.9229001,0.9201989,0.9269276,0.8559489,0.8560876,0.09118174,0.7606343
"CTRL51",0.9251632,0.822175,0.8134404,0.9334169,0.032354,0.9460443,0.09064679,0.930129,0.9653178,0.7931647,0.388801,0.9406279,0.7663971,0.1395584,0.4835694,0.6049086,0.9626413,0.8387758,0.7254811,0.9418774,0.9454593,0.9186461,0.6618831,0.9317917,0.5974621,0.2469762,0.8908784,0.7580049,0.02860277,0.8202068,0.8830582,0.8059421,0.7597591,0.888555,0.9017237,0.9528773,0.8743268,0.9216126,0.0847258,0.6511518
"CTRL77",0.9592275,0.7630608,0.8113702,0.9092974,0.06785434,0.9775987,0.07338737,0.906313,0.9392585,0.9301108,0.2740393,0.8115233,0.7861269,0.1218449,0.4553883,0.4394471,0.9725293,0.8681151,0.7165417,0.9469117,0.8453759,0.9698003,0.7195037,0.9428032,0.5569914,0.2634996,0.8854486,0.782239,0.02035603,0.8138299,0.8292149,0.7369102,0.7862501,0.8594456,0.9135449,0.9436835,0.8832917,0.9139757,0.05580562,0.6683126
"CTRL68",0.9662387,0.7353133,0.7376586,0.9066578,0.08942095,0.9609353,0.1019529,0.9138916,0.9198687,0.7990973,0.4194917,0.8911339,0.7797716,0.06002112,0.4876502,0.4839098,0.9515168,0.9328236,0.6448992,0.91368,0.9117581,0.9582072,0.7810417,0.9703927,0.5069137,0.2387299,0.9099706,0.581678,0.02671875,0.8056645,0.8902403,0.7597049,0.7949533,0.9096271,0.9374155,0.9359792,0.8794335,0.8968739,0.1182591,0.5826844
"PDD24",0.9650406,0.6521227,0.7883536,0.9299715,0.1118072,0.950314,0.01761581,0.9500672,0.9674758,0.8512063,0.3873159,0.8576113,0.8447522,0.09906218,0.5466963,0.3421014,0.9772077,0.9458921,0.7810189,0.9544426,0.9287431,0.9776035,0.8346125,0.9594986,0.5998541,0.1064191,0.9248613,0.842642,0.02732272,0.9196028,0.8927755,0.8554981,0.7620857,0.8882581,0.9468793,0.9488271,0.938803,0.9310052,0.08614136,0.8080296
"CTRL19",0.917016,0.7862585,0.768039,0.8969424,0.1191378,0.9512457,0.08444745,0.9211065,0.8817824,0.8338361,0.367911,0.8652824,0.7908832,0.2450251,0.550657,0.5373831,0.9600236,0.8710858,0.7556835,0.960406,0.8817962,0.9452416,0.722893,0.9567887,0.5831618,0.1496466,0.8970155,0.7478789,0.02666328,0.8669795,0.9034824,0.7306041,0.8091637,0.8788363,0.9032627,0.9550045,0.9059041,0.8731923,0.1157896,0.6572135
"PDD13",0.9315427,0.6593101,0.9165171,0.9495319,0.05044379,0.9645879,0.09909091,0.9324323,0.9268159,0.9179343,0.3055212,0.9395721,0.8753373,0.194452,0.669231,0.659111,0.9733674,0.8971713,0.8456992,0.9385341,0.9578485,0.8605567,0.7048204,0.9040736,0.7613659,0.2965479,0.9017683,0.7729579,0.01613006,0.8588076,0.9356415,0.9179138,0.8661146,0.9371873,0.9532121,0.9689938,0.9130252,0.9281973,0.08191161,0.7230219
"CTRL43",0.9568936,0.8425306,0.7758195,0.9456819,0.1112515,0.9321929,0.1307624,0.9472991,0.9276038,0.8511059,0.4293857,0.9012445,0.7891815,0.1599261,0.5470444,0.5022191,0.9434144,0.9131494,0.7457956,0.9318242,0.9038313,0.9053594,0.6494375,0.9440434,0.5966688,0.1419512,0.9058181,0.7951291,0.02605558,0.8185312,0.8684288,0.78443,0.8011788,0.8863403,0.9059519,0.9215491,0.8573721,0.9164195,0.09762347,0.6052252
"DLB11",0.9619498,0.7897605,0.8111378,0.9550322,0.09229236,0.9375899,0.1718229,0.9396512,0.9085037,0.849301,0.3384218,0.9336858,0.8123293,0.1618408,0.4928379,0.5056736,0.9729884,0.902231,0.7717803,0.9477875,0.8699723,0.9561522,0.771871,0.9558574,0.6356327,0.2603748,0.9184787,0.6670797,0.01157191,0.8926033,0.8911788,0.7707799,0.7516823,0.8642179,0.9575433,0.9496317,0.8596928,0.9249357,0.08736309,0.6470959
"PDD58",0.9315341,0.7846412,0.7524139,0.9367529,0.1049339,0.9349266,0.08660637,0.9166088,0.9144408,0.8320083,0.3803337,0.8784685,0.8164736,0.1036776,0.4923071,0.4903083,0.9758088,0.8681418,0.7694667,0.936962,0.89362,0.9682057,0.682361,0.9353299,0.5869507,0.1592854,0.9063972,0.6713775,0.0125741,0.8996276,0.9187963,0.8428824,0.759506,0.911849,0.8821209,0.9438165,0.8816212,0.8876434,0.1160365,0.616113
"CTRL42",0.8825668,0.8450608,0.7602445,0.9418222,0.1107151,0.9635281,0.1101844,0.9231655,0.9320702,0.8488606,0.4605046,0.8644535,0.8308631,0.1927723,0.5273803,0.5266978,0.9632817,0.8416371,0.7789663,0.9351786,0.9210061,0.9700672,0.676063,0.9444089,0.5849651,0.2644696,0.8794538,0.7030628,0.02317123,0.8383706,0.9186937,0.8076469,0.8242616,0.9439929,0.8709805,0.9350246,0.9114863,0.8631975,0.1046151,0.6584418
"PDD53",0.9123721,0.7869193,0.7783635,0.9323006,0.05872219,0.9549283,0.1191493,0.9080311,0.8560723,0.8748475,0.4440331,0.8629945,0.870089,0.2131609,0.5200524,0.5807051,0.9737383,0.8378697,0.7418684,0.9041667,0.8696074,0.9391587,0.7640414,0.9622381,0.7049171,0.2126804,0.8952245,0.7921553,0.02065668,0.8488519,0.9252837,0.8148377,0.849039,0.8391285,0.9094039,0.9407999,0.8621154,0.8541958,0.0812185,0.7603457
"PD40",0.9451338,0.7361939,0.7593878,0.9229192,0.09178267,0.9685083,0.07802478,0.9209766,0.9026685,0.8238756,0.3892991,0.9341952,0.8597242,0.1559191,0.554557,0.5595312,0.9566195,0.8800837,0.8027453,0.9262038,0.8752872,0.9386703,0.6546523,0.950689,0.7262216,0.2267842,0.8677856,0.7056938,0.01253687,0.8605001,0.8724952,0.8397352,0.7914361,0.8618296,0.9285956,0.9298593,0.9062853,0.8749926,0.1085221,0.5984706
"PDD44",0.9462281,0.7670989,0.7589955,0.9723594,0.05670364,0.9684458,0.06184246,0.9355497,0.8863947,0.8356339,0.4067687,0.8272783,0.7857181,0.1715692,0.500437,0.4217752,0.9816682,0.8475314,0.6883004,0.9107869,0.8955832,0.8953053,0.7234647,0.928954,0.5900374,0.2188683,0.8473353,0.7148858,0.01736802,0.8883128,0.9064479,0.7052945,0.828448,0.8924198,0.9242273,0.9380702,0.8632738,0.8884904,0.08076587,0.7275698
"PD6",0.9647628,0.6415091,0.6939533,0.8977941,0.1497513,0.914503,0.05008834,0.8998052,0.8476134,0.8637076,0.4294568,0.9012215,0.820233,0.1982305,0.4879342,0.544034,0.9656407,0.9071394,0.6848791,0.9681932,0.9131333,0.9702277,0.7674827,0.9205509,0.5442162,0.2400937,0.8958065,0.7425969,0.0197847,0.8328167,0.8831227,0.8063124,0.7958412,0.8573637,0.9547899,0.9103646,0.9016409,0.9359306,0.06607843,0.6861606
"CTRL1",0.948985,0.6243691,0.702387,0.970218,0.1091765,0.9349746,0.04698465,0.9496254,0.8817951,0.9154701,0.4156181,0.8690825,0.8764618,0.2285016,0.5698078,0.5244052,0.9684956,0.9039444,0.6933851,0.9196716,0.9140788,0.9063497,0.7980057,0.930584,0.6140868,0.1331599,0.9002486,0.8215612,0.02207358,0.8891794,0.9089798,0.7715195,0.8156681,0.8720216,0.9165204,0.9407757,0.9138642,0.8865279,0.1133876,0.7292146
"PD35",0.9288591,0.775673,0.808187,0.9359715,0.01645085,0.9715809,0.1648424,0.9012543,0.8796255,0.896624,0.4019458,0.8920646,0.8128362,0.2417922,0.5899021,0.467033,0.9585586,0.8971493,0.8647521,0.9248501,0.8769696,0.8889233,0.7171891,0.956561,0.6522992,0.22853,0.8755356,0.7749726,0.01666036,0.8357316,0.9110378,0.7954864,0.817655,0.845368,0.9481419,0.8899934,0.9055884,0.8481154,0.09320719,0.6919132
"PDD41",0.9182965,0.7595701,0.7120355,0.9805429,0.07767661,0.9402627,0.1321201,0.8922869,0.8610029,0.8688453,0.3215502,0.8913914,0.8025108,0.2347745,0.4531483,0.3858169,0.9649054,0.8116779,0.7736542,0.9058535,0.8979211,0.9273651,0.6711919,0.954385,0.5657289,0.2534314,0.8838355,0.7288071,0.02868698,0.8004186,0.9164874,0.7255235,0.8060334,0.8519393,0.887013,0.9142964,0.8304281,0.8621303,0.08074315,0.6447228
"PDD70",0.9110749,0.816959,0.7640759,0.9371678,0.1167884,0.942905,0.1034687,0.9186651,0.9164027,0.9317055,0.3772844,0.845723,0.8095605,0.2223149,0.5699897,0.5230407,0.9651327,0.9081434,0.7895693,0.9285381,0.8550345,0.9636793,0.6677194,0.9506554,0.6130061,0.1820823,0.8708887,0.803373,0.01836373,0.8988679,0.915341,0.8187921,0.8905561,0.8335718,0.90912,0.9530851,0.8805616,0.9414301,0.07407496,0.7288303
"PD59",0.9582687,0.7028122,0.7791859,0.950654,0.04956968,0.9725433,0.117818,0.8786095,0.9409178,0.842387,0.3555071,0.844738,0.8051084,0.1241127,0.516702,0.600879,0.9695713,0.8858589,0.77514,0.9084295,0.8185224,0.9570932,0.67698,0.9372074,0.5333264,0.2483953,0.9002744,0.7206107,0.02694634,0.8610157,0.8648835,0.6749372,0.8461694,0.8544505,0.9200688,0.9420133,0.8375244,0.9026819,0.07360168,0.5547031
"PDD28",0.9394643,0.697188,0.8683653,0.9534347,0.08814528,0.9407854,0.08145036,0.9442163,0.8960569,0.9116098,0.2520242,0.9415382,0.9013719,0.1883784,0.5392173,0.4444482,0.9595326,0.8855243,0.8326632,0.9282314,0.9106046,0.892836,0.6732647,0.9378819,0.7516833,0.2946258,0.8766249,0.7877488,0.0321309,0.8879775,0.9215286,0.8520275,0.8333751,0.9189294,0.9315523,0.9302383,0.8399111,0.4661019,0.1435739,0.719907
"CTRL78",0.9399969,0.7405547,0.7435247,0.8226192,0.122996,0.9133751,0.06562484,0.9294381,0.9184388,0.8671984,0.4463507,0.9032111,0.8625437,0.2007366,0.5870609,0.6134203,0.954614,0.8228857,0.7193962,0.9506827,0.9060408,0.9474556,0.7417017,0.8699434,0.7464034,0.2371926,0.8997188,0.7548484,0.02934107,0.8542284,0.8970488,0.8331603,0.7691291,0.8770112,0.9358648,0.9795841,0.9042628,0.8797124,0.07398329,0.7370813
"CTRL64",0.9651616,0.7304321,0.7816607,0.913493,0.08474521,0.968399,0.04077201,0.9145081,0.9412347,0.9124547,0.3651606,0.9052279,0.7234944,0.1006796,0.462824,0.3688921,0.9564403,0.8999514,0.7436366,0.9417804,0.9133506,0.9191227,0.6241865,0.9279155,0.632813,0.1731969,0.8919524,0.6345653,0.01843028,0.8567895,0.884938,0.740285,0.679276,0.8527996,0.9063738,0.9583239,0.8430554,0.6365909,0.08011235,0.6595875
"PD48",0.9440798,0.7742873,0.7871664,0.8815891,0.0825259,0.9705284,0.1402709,0.9239231,0.8682242,0.7898041,0.4243738,0.9080295,0.7682985,0.1233768,0.5202853,0.5058733,0.9560434,0.8974426,0.7189813,0.9511972,0.8535089,0.9407694,0.5876516,0.9508793,0.6504958,0.2031792,0.8952156,0.5204378,0.02161597,0.7621112,0.8628019,0.7292805,0.6812543,0.8519815,0.902284,0.9154376,0.9057081,0.8227083,0.09100077,0.6581656
"PD21",0.9576976,0.7226727,0.7980456,0.939708,0.1796838,0.9615258,0.100773,0.933008,0.9374531,0.9378611,0.3350247,0.8670625,0.8666068,0.2130666,0.5466927,0.5955871,0.9827971,0.8361849,0.7743453,0.9394886,0.8862989,0.9543944,0.7668156,0.9343124,0.6689494,0.2984439,0.9115732,0.8088556,0.01916648,0.899345,0.9217241,0.8146868,0.8805078,0.8795197,0.9373459,0.9412748,0.8286139,0.9211632,0.1236461,0.7822984
"CTRL95",0.9164791,0.8013895,0.8491435,0.9391609,0.06612944,0.9680037,0.1114848,0.922089,0.9435292,0.8105046,0.500948,0.9132137,0.7644721,0.1855104,0.5378798,0.5465846,0.9602435,0.8899176,0.7919399,0.9352662,0.9188467,0.951555,0.726157,0.9404976,0.5919881,0.2207426,0.9084724,0.7777703,0.01646422,0.8706803,0.9002093,0.7744212,0.775793,0.8752015,0.92069,0.9454868,0.9026911,0.8491054,0.1196498,0.6478379
"CTRL57",0.9155072,0.7982777,0.7903409,0.9611899,0.1293981,0.9640334,0.07608554,0.918605,0.9355652,0.8648686,0.456766,0.9193671,0.7677048,0.1268186,0.4561962,0.5738077,0.960486,0.8969506,0.7331637,0.9369486,0.8737437,0.9697328,0.7182011,0.9431697,0.5446884,0.1695441,0.9069051,0.5414562,0.02026205,0.8448834,0.900303,0.7906547,0.7842407,0.847957,0.9257687,0.9304929,0.9090714,0.9216069,0.08716342,0.5472274
"PDD30",0.9338584,0.7578893,0.6940285,0.9595723,0.1455402,0.9526672,0.06062495,0.9350508,0.9201266,0.9026884,0.3202935,0.8295416,0.8626975,0.1807089,0.4921169,0.4698917,0.9575583,0.9057563,0.7231742,0.929749,0.9113346,0.9321549,0.6763688,0.8737593,0.6112197,0.2094587,0.8495182,0.8020409,0.02955378,0.8495367,0.8964935,0.814467,0.856032,0.8932941,0.9302424,0.9505064,0.8749644,0.886147,0.08563845,0.6822985
"PDD22",0.9654517,0.7596498,0.7331072,0.9289839,0.07203501,0.9635518,0.1110152,0.9404141,0.950914,0.9269203,0.3502815,0.8881044,0.8397749,0.2859474,0.5291174,0.5436112,0.9735258,0.8554705,0.7344731,0.9271147,0.8798132,0.8850033,0.7998289,0.9498069,0.6121181,0.1680997,0.8775181,0.8637028,0.03494802,0.8450229,0.9425338,0.7493949,0.8318613,0.8819499,0.9504113,0.9256304,0.8142971,0.9131803,0.1083026,0.7046773
"DLB15",0.9510041,0.6645324,0.7482904,0.9264525,0.1045617,0.9389467,0.07885534,0.8875378,0.9406068,0.9658791,0.3385516,0.8697704,0.8236737,0.2652687,0.5108937,0.6297317,0.9635253,0.8934845,0.712124,0.9505612,0.884097,0.9203935,0.7811515,0.918495,0.638658,0.299524,0.889857,0.6882421,0.01975477,0.8281128,0.8706877,0.8239592,0.837835,0.8439538,0.9200156,0.9481163,0.8509554,0.9145909,0.07788822,0.6657854
"PD50",0.916528,0.7781993,0.7967652,0.9079406,0.0666516,0.9671444,0.1150828,0.8908941,0.8580398,0.8350398,0.3501605,0.8523192,0.8026162,0.1315751,0.5240698,0.5502423,0.9599253,0.8886985,0.747478,0.9203336,0.900453,0.9467469,0.6631238,0.9500354,0.5633289,0.1673638,0.8940769,0.6960127,0.01956069,0.8564493,0.888701,0.7313442,0.801817,0.8018695,0.9246608,0.9434033,0.8878041,0.8813425,0.09400029,0.6475241
"CTRL29",0.9318551,0.7574711,0.5915861,0.8713165,0.08776711,0.9777433,0.1497771,0.8882217,0.8863101,0.9544768,0.3200686,0.7392344,0.8095102,0.1320408,0.3756957,0.4963607,0.960585,0.790114,0.6937968,0.9353622,0.9190992,0.9012963,0.6424524,0.9535498,0.5202261,0.1490545,0.8295618,0.6915529,0.01986295,0.7878171,0.9075552,0.6278355,0.814199,0.7894316,0.8891138,0.925592,0.8355678,0.8294032,0.0833764,0.6565185
"PDD54",0.9481418,0.7984171,0.7724002,0.9285551,0.1191182,0.9572284,0.1437035,0.9380703,0.908342,0.8809901,0.4223729,0.8225495,0.8651811,0.2458009,0.5721328,0.5033527,0.9794541,0.8909112,0.7723571,0.9475223,0.9224526,0.9640807,0.7417133,0.947934,0.6491995,0.2092206,0.8903881,0.7512668,0.03811426,0.8711009,0.9245235,0.7634853,0.8299487,0.9066662,0.932859,0.9468274,0.8731702,0.8886735,0.107149,0.7038548
"PDD27",0.9338239,0.8367694,0.7747311,0.9453655,0.1395918,0.9340109,0.03496497,0.9336768,0.9113303,0.854597,0.5373403,0.890745,0.8442012,0.1129608,0.5907238,0.5641216,0.9544943,0.92201,0.7541374,0.9431405,0.8973179,0.9827821,0.7824013,0.9320546,0.4932194,0.1528298,0.8826185,0.7064719,0.02000484,0.8775224,0.9159678,0.788791,0.7744279,0.8725662,0.9212401,0.9426683,0.8829207,0.9198679,0.1092168,0.5334894
"DLB24",0.9378102,0.7803221,0.7425313,0.7971982,0.05245459,0.9451553,0.1336014,0.9013943,0.8840374,0.8816161,0.4549124,0.7554675,0.7612391,0.2081071,0.4922937,0.510841,0.9689341,0.8388921,0.7058519,0.9427314,0.9143184,0.9136803,0.6951971,0.9507603,0.5735773,0.1802097,0.8781552,0.7797533,0.01700778,0.8799803,0.9048229,0.6691646,0.8071078,0.8870726,0.9090683,0.9270267,0.8398926,0.8284453,0.1015202,0.650731
"PD23",0.9476509,0.7325979,0.7396451,0.9267756,0.1045375,0.9590146,0.127392,0.9657126,0.9319731,0.8753102,0.3992423,0.872644,0.8274009,0.2182535,0.4707893,0.5573825,0.9523929,0.9042006,0.7259977,0.951707,0.8996292,0.95521,0.7446166,0.9286725,0.5679711,0.2697161,0.8945911,0.7451318,0.01714748,0.9222535,0.8937255,0.8294961,0.813185,0.8973496,0.9251474,0.9487273,0.9292287,0.9047134,0.03957019,0.6901595
"PD30",0.9176784,0.8398917,0.8339742,0.9468902,0.07196297,0.9635977,0.06206307,0.9358738,0.8790861,0.8438698,0.3787488,0.8421766,0.8470597,0.2615716,0.5166909,0.5606526,0.9547021,0.8737539,0.8211138,0.955142,0.8435474,0.9428849,0.7272618,0.9381563,0.6156687,0.1930151,0.8600867,0.6628369,0.0149913,0.850455,0.9072024,0.7941362,0.81642,0.8734723,0.9139962,0.937746,0.8588423,0.8744742,0.07719353,0.7146086
"PDD15",0.9398281,0.7047196,0.6990483,0.8788129,0.1343509,0.9129251,0.0615405,0.9277228,0.9129997,0.8918653,0.4347938,0.8998881,0.8294532,0.1893277,0.4959819,0.495271,0.9617566,0.8547346,0.7719782,0.9421256,0.8885362,0.9345355,0.6843321,0.9500075,0.6376432,0.163993,0.9299555,0.7598516,0.02148024,0.9133478,0.8152864,0.7466323,0.7623315,0.843873,0.9218058,0.9338502,0.8797163,0.9107253,0.07972991,0.7188629
"CTRL50",0.9281776,0.816647,0.8206812,0.8887939,0.1317054,0.9760392,0.119842,0.9347112,0.9325795,0.8332955,0.3868861,0.868809,0.7591425,0.1311037,0.4952828,0.4453553,0.9688849,0.9108762,0.7590878,0.9214968,0.9155711,0.9383908,0.7021437,0.9596445,0.571609,0.1742159,0.9068563,0.6927734,0.01283345,0.8162461,0.9265609,0.7463892,0.7916013,0.8655477,0.9197926,0.9578872,0.9023025,0.9429851,0.09224268,0.606035
"CTRL93",0.9132955,0.809423,0.8061594,0.8866318,0.1257231,0.9332026,0.03813007,0.9295408,0.9213228,0.8445779,0.3834739,0.9024379,0.8057883,0.1141807,0.5910346,0.6108164,0.9739482,0.8716537,0.6777643,0.9536838,0.9342825,0.938295,0.6789678,0.9612757,0.6430156,0.1364307,0.8796624,0.6536737,0.01876997,0.8515447,0.9167973,0.7821625,0.8135598,0.8703583,0.9035775,0.9501608,0.8818162,0.8875256,0.09937428,0.6539678
"PDD35",0.9215452,0.5899315,0.8288842,0.9404403,0.09366433,0.9617193,0.1049042,0.904102,0.9147247,0.9148854,0.3428313,0.8804035,0.8578679,0.2411526,0.5439191,0.5199821,0.9677232,0.8868786,0.8298659,0.9487247,0.8484286,0.8703914,0.6919217,0.9052324,0.6597059,0.2965111,0.86685,0.7820505,0.02046911,0.9229241,0.8359014,0.8384594,0.831178,0.9033505,0.9209324,0.9080816,0.8908158,0.8999289,0.0520062,0.69914
"CTRL73",0.9363414,0.8237786,0.8049682,0.9217538,0.06732249,0.9424701,0.05470598,0.9303066,0.9561353,0.9435788,0.3688821,0.9271569,0.7706742,0.07570721,0.4577502,0.6289114,0.9850109,0.9113538,0.7357131,0.8804691,0.8950582,0.9744515,0.6552676,0.9175905,0.5436058,0.2241253,0.8825778,0.7571716,0.0180344,0.7978535,0.8115727,0.7811699,0.6751518,0.805735,0.9118977,0.935605,0.8731328,0.8917534,0.07739984,0.5710267
"PDD6",0.9313731,0.601761,0.8524582,0.9594019,0.1121907,0.9727423,0.1191603,0.8827042,0.8781384,0.9384243,0.3843596,0.9249553,0.8933007,0.334737,0.6247117,0.7025436,0.9649982,0.8718229,0.8105529,0.911834,0.9318789,0.8491322,0.7481882,0.9332168,0.708523,0.299067,0.8746894,0.8583697,0.01397191,0.8651931,0.9267888,0.8485215,0.8652515,0.9274798,0.9302663,0.9564266,0.900883,0.9057135,0.1055959,0.7510927
"CTRL13",0.9057522,0.749677,0.6934815,0.9553464,0.05638534,0.9375778,0.1165127,0.9392955,0.9195304,0.8220765,0.3928165,0.8650232,0.6957135,0.1064863,0.3898417,0.3902825,0.9753961,0.7920994,0.7513646,0.9229371,0.9049381,0.9448075,0.6082684,0.958364,0.4910663,0.2133395,0.9038229,0.563202,0.01978059,0.7910502,0.8924284,0.7097667,0.7697567,0.8566336,0.8719456,0.9196649,0.9345451,0.9159941,0.06198418,0.5915477
"PDD73",0.9613885,0.7527877,0.7682103,0.8332794,0.1246515,0.9149283,0.07310609,0.9743067,0.9251025,0.9256659,0.2245809,0.8471181,0.8781428,0.08589525,0.514174,0.5067325,0.97297,0.9178252,0.7456648,0.9535494,0.8827535,0.9802183,0.8259803,0.9424966,0.6628961,0.09481293,0.9141795,0.8175739,0.01697494,0.9290771,0.9059316,0.7647655,0.7756845,0.9120745,0.9284388,0.9564283,0.9405172,0.9215065,0.06043388,0.6972002
"CTRL81",0.9111866,0.8084263,0.7359792,0.7587995,0.0385832,0.9536184,0.05060524,0.8974105,0.9255334,0.7868212,0.3346777,0.7578965,0.8150168,0.1209978,0.4670209,0.4533429,0.9687083,0.89691,0.7187154,0.9446749,0.954345,0.9223227,0.6528503,0.9489579,0.6079642,0.1876105,0.9135384,0.7483304,0.01983147,0.7839956,0.8893149,0.7565317,0.7331,0.8736195,0.9398889,0.9366779,0.8680436,0.912284,0.08149007,0.6194844
"CTRL33",0.9041689,0.7480149,0.7553363,0.918938,0.06143151,0.9734631,0.08188299,0.90581,0.90951,0.8018813,0.4761701,0.8740063,0.7703625,0.1858047,0.474721,0.4762741,0.9685463,0.8840534,0.7212108,0.9394945,0.9101957,0.9491536,0.6491734,0.9462887,0.5476373,0.1504451,0.9053944,0.6294327,0.01997802,0.8563469,0.9053489,0.7150613,0.7593555,0.9000722,0.9000377,0.9336742,0.8842942,0.8586648,0.09972873,0.6244439
"PDD49",0.9237777,0.7275703,0.690462,0.9084335,0.07128541,0.9656447,0.1889879,0.8736124,0.8668974,0.9170261,0.2580411,0.8702599,0.8687124,0.3058164,0.4868204,0.5440151,0.9567908,0.8522702,0.7072889,0.9261692,0.9102948,0.9270071,0.7057333,0.9594773,0.6279881,0.2050007,0.8853278,0.8185023,0.01831531,0.7601692,0.9484836,0.7113502,0.7689237,0.8111385,0.8951249,0.924824,0.8172261,0.8687005,0.04838783,0.701685
"PD27",0.9070984,0.7751951,0.8113081,0.9385308,0.07566776,0.981856,0.1133422,0.9154838,0.9027144,0.8816726,0.3542049,0.904653,0.8198292,0.1846618,0.50111,0.6238401,0.9419021,0.8564688,0.810629,0.8838172,0.8830789,0.9231386,0.6892718,0.9655666,0.6236413,0.2638114,0.8663954,0.7167585,0.01481362,0.8650321,0.8873402,0.7903633,0.7449865,0.8753476,0.9222219,0.9030684,0.8870571,0.9248684,0.08441892,0.6149479
"PDD4",0.9324419,0.766498,0.7011782,0.9126578,0.1726614,0.906801,0.1285416,0.9365833,0.9008637,0.8973679,0.5163176,0.8369085,0.8762226,0.1688172,0.5252206,0.4785297,0.9694562,0.8994524,0.7278549,0.9418822,0.889786,0.9590255,0.7752306,0.9238119,0.6092275,0.1623899,0.9184572,0.7957118,0.0330336,0.916483,0.8781231,0.7277584,0.7123691,0.8803856,0.9202913,0.9351736,0.9143946,0.9087834,0.05664397,0.6856352
"PD58",0.9270865,0.7338667,0.7768421,0.936995,0.06192938,0.9661628,0.1237798,0.9115346,0.9328584,0.8342745,0.3205491,0.929531,0.8501752,0.2351874,0.5261547,0.5217123,0.9742709,0.8774077,0.7829698,0.9315605,0.9336321,0.9569476,0.782448,0.9560623,0.6161979,0.2384248,0.8953089,0.7960471,0.02277601,0.8934417,0.947689,0.8234376,0.8342768,0.8347473,0.9230148,0.9304842,0.8361182,0.4980499,0.0375374,0.7139596
"CTRL85",0.9194476,0.8145831,0.7581948,0.8876368,0.04035758,0.9635534,0.1012231,0.9207863,0.9352147,0.9060244,0.3739796,0.7780386,0.7778933,0.1307534,0.4703835,0.4747291,0.9440317,0.8963125,0.8378026,0.9415209,0.9262878,0.9078214,0.7076016,0.9273595,0.5578536,0.1805274,0.913085,0.7979826,0.02651486,0.85902,0.8788021,0.7110109,0.7665688,0.8755737,0.8887487,0.9281665,0.8147284,0.8770011,0.1357019,0.6674592
"PD52",0.9402919,0.6745253,0.6815784,0.887589,0.04440293,0.9706486,0.1471941,0.9143889,0.9382375,0.9471553,0.3201251,0.795803,0.8598719,0.2896717,0.4785486,0.6043878,0.9771492,0.8903933,0.7770176,0.9239354,0.951458,0.9387496,0.7591302,0.9159998,0.5949087,0.1632614,0.8912887,0.8538354,0.01886792,0.8083567,0.9209694,0.7017501,0.8800894,0.8682815,0.9227637,0.9472154,0.846053,0.8716162,0.07448891,0.7202751
"PD60",0.9717857,0.768679,0.7836592,0.9261458,0.04272828,0.957205,0.07934602,0.8863421,0.9158763,0.9579606,0.3484129,0.9210937,0.8167006,0.2178453,0.534857,0.7108069,0.9606572,0.8927224,0.825336,0.9351427,0.9091969,0.9388398,0.7243294,0.9392336,0.6615321,0.2639501,0.8996777,0.7885595,0.02111828,0.8641328,0.8816808,0.8344893,0.8460608,0.9111644,0.9703889,0.9497419,0.8809549,0.6346963,0.05252832,0.6616928
"PD61",0.9236826,0.7291892,0.8470382,0.9282189,0.06529213,0.9538627,0.09625007,0.926643,0.9309532,0.8673809,0.43655,0.8752129,0.8420355,0.1614971,0.5059343,0.5169637,0.9303559,0.8558331,0.7976569,0.9366232,0.9128015,0.9010014,0.7043041,0.9170369,0.6190887,0.1861191,0.8775705,0.7275328,0.04890412,0.8015602,0.9185376,0.7411371,0.785879,0.8704403,0.9192701,0.9470046,0.8382598,0.8921239,0.06624028,0.587512
"CTRL11",0.9451969,0.7445572,0.6970885,0.9592374,0.1074809,0.9502986,0.03626974,0.9338454,0.949507,0.8503929,0.3290699,0.8400034,0.7894478,0.1550057,0.4723315,0.4020943,0.9730932,0.8975462,0.6701722,0.9462691,0.8925141,0.9593661,0.8055513,0.9542964,0.5942119,0.1316593,0.8524691,0.7690831,0.01836782,0.8557912,0.9005805,0.7588567,0.7569085,0.8464426,0.9255948,0.9536042,0.9025668,0.9116672,0.1052944,0.6097726
"CTRL40",0.924339,0.8035863,0.8015189,0.8846052,0.1463134,0.9371793,0.1132974,0.9437379,0.9229239,0.8316959,0.4599463,0.8702859,0.8023607,0.2177672,0.5319701,0.4980398,0.9754884,0.9179837,0.7799561,0.9559123,0.9343569,0.965364,0.6900114,0.9374086,0.598537,0.07201691,0.8666202,0.6539699,0.01164955,0.8717057,0.8231982,0.7058457,0.7386751,0.8726464,0.9312293,0.9355232,0.9254632,0.8862884,0.08958043,0.6079581
"DLB35",0.952391,0.7900033,0.7909666,0.9327473,0.08591841,0.9570432,0.08508035,0.9239802,0.8865122,0.8451352,0.431029,0.8946842,0.7767928,0.1114616,0.5016596,0.581552,0.9666406,0.8680549,0.7150561,0.949143,0.8745079,0.915891,0.724496,0.94706,0.6028984,0.1925987,0.8717287,0.6855414,0.01692427,0.8620829,0.912521,0.7688534,0.7729636,0.8580353,0.9106368,0.9352122,0.9050814,0.8601439,0.08173318,0.6732009
"PD9",0.9306561,0.8014197,0.7283206,0.8915918,0.1180555,0.914644,0.1266265,0.9125309,0.9299472,0.9028969,0.381498,0.8920829,0.8815649,0.2780652,0.5077807,0.4420903,0.9524897,0.8555738,0.7430261,0.890393,0.9257409,0.9125634,0.7625338,0.9558929,0.5626346,0.175109,0.9028657,0.7116421,0.02414611,0.8580204,0.949604,0.7267418,0.728364,0.8413067,0.9361866,0.9525956,0.8164832,0.8998823,0.08032254,0.640979
"CTRL79",0.9397866,0.7548414,0.7362144,0.927561,0.05872199,0.952994,0.09005652,0.9279949,0.9261036,0.8670369,0.4146731,0.8561912,0.7623169,0.167458,0.4753553,0.3911465,0.9598973,0.8559994,0.6995911,0.9612093,0.9191467,0.9570342,0.6628295,0.9644255,0.5320467,0.1005395,0.9224423,0.736938,0.0138131,0.9023263,0.896732,0.7058151,0.6672185,0.8825162,0.9222759,0.9326309,0.8445098,0.9155078,0.06768139,0.6669442
"PDD61",0.954291,0.8238261,0.7293012,0.9438881,0.1126919,0.9753989,0.1156019,0.9473343,0.8652595,0.8120792,0.3998518,0.9156223,0.7353065,0.1482388,0.5232193,0.5569244,0.9559633,0.8462108,0.6828436,0.9216731,0.868638,0.959715,0.6613676,0.9374829,0.629155,0.2236722,0.8773207,0.6783537,0.01718269,0.7993217,0.9019699,0.784444,0.7653721,0.8662406,0.9102933,0.9289299,0.8777575,0.8637682,0.08607446,0.6871729
"PD56",0.9627046,0.7482406,0.7946613,0.9659057,0.09544786,0.9642781,0.1126811,0.9383048,0.9078669,0.9029779,0.442972,0.9177255,0.8192898,0.142032,0.4882196,0.5326664,0.9786224,0.8936217,0.6940067,0.9227828,0.9267404,0.9585241,0.6911213,0.9473257,0.5700042,0.1552703,0.904342,0.6674682,0.02650659,0.8666598,0.9251845,0.7853076,0.7974779,0.8888439,0.9395328,0.9408116,0.9081373,0.9334763,0.05575596,0.7078094
"CTRL55",0.9230546,0.790005,0.7447961,0.8961817,0.08969424,0.9464007,0.08290068,0.92005,0.9359106,0.8003934,0.4768746,0.9157642,0.7712615,0.1776451,0.5008057,0.4749114,0.9656669,0.8191273,0.6347644,0.93474,0.9143343,0.9525749,0.6739354,0.9631574,0.5380631,0.1709531,0.883136,0.6385378,0.02541198,0.8359847,0.9168885,0.821423,0.7337078,0.8796737,0.9307903,0.9404181,0.8744144,0.8543519,0.1064854,0.61912
"CTRL37",0.9546623,0.833573,0.7274617,0.9188275,0.06498744,0.9712518,0.1335783,0.9454525,0.8562402,0.930981,0.3826517,0.7659823,0.8641311,0.1943746,0.526554,0.5467664,0.9743071,0.8616776,0.7339789,0.9494694,0.9166744,0.9216423,0.7731644,0.9622054,0.6488916,0.1220377,0.8778575,0.818434,0.01704686,0.711443,0.921346,0.6968328,0.8704941,0.8799472,0.9162665,0.9266587,0.8321617,0.8900318,0.07101562,0.7817115
"CTRL82",0.9268013,0.7210327,0.8230304,0.9309125,0.0529353,0.959791,0.08145758,0.9321154,0.9576405,0.8500785,0.3602474,0.8863099,0.7855977,0.1403585,0.4382,0.4189441,0.9758481,0.8506657,0.7126495,0.9420264,0.9071359,0.9417356,0.7116319,0.9437431,0.6083475,0.1149645,0.9054724,0.713603,0.01801009,0.8324736,0.8653691,0.7613488,0.7594574,0.8138391,0.9075236,0.9594826,0.8511029,0.5911829,0.08025478,0.5488545
"CTRL32",0.9556582,0.6592042,0.659,0.8790791,0.1084865,0.953955,0.1341038,0.9203729,0.8967142,0.9439377,0.2494083,0.8158436,0.877302,0.3013397,0.4865584,0.5505518,0.9777949,0.9023791,0.7038021,0.9404373,0.9134869,0.9324246,0.7754235,0.9414839,0.6193628,0.1277555,0.9101178,0.8436544,0.0263355,0.8197509,0.9057949,0.6979944,0.822575,0.8648626,0.931007,0.9307407,0.8368507,0.8545634,0.08234268,0.7633395
"PD2",0.9307078,0.7093588,0.7302915,0.9461005,0.1176653,0.9375085,0.1927118,0.9267828,0.9233678,0.9458754,0.4148606,0.8708519,0.8468509,0.3723805,0.551864,0.6001492,0.9668881,0.9023255,0.7785871,0.9423222,0.8946628,0.9204363,0.8264188,0.9242589,0.6709287,0.1762096,0.9047409,0.8291813,0.04283922,0.8714098,0.9109576,0.8261214,0.8866455,0.7733108,0.947035,0.9026827,0.8623249,0.9153242,0.05833328,0.7802269
"PD54",0.9173036,0.811997,0.7845049,0.9309507,0.09228959,0.9681715,0.09830517,0.9248113,0.9244552,0.8486221,0.4381588,0.9241301,0.7992852,0.1685452,0.4859565,0.5497333,0.9591204,0.9134845,0.78416,0.9369576,0.9068124,0.9519014,0.7433148,0.9515656,0.5171082,0.1923114,0.8778224,0.7922335,0.01413988,0.8508433,0.9177307,0.7160494,0.7802184,0.9095666,0.9272868,0.9501801,0.8804489,0.8710815,0.08014885,0.6197773
"CTRL48",0.90375,0.7629819,0.7083484,0.890009,0.1258343,0.902493,0.06156299,0.8867507,0.8611225,0.8031333,0.3389518,0.9014065,0.7348511,0.1558202,0.4542452,0.5214275,0.9889739,0.878471,0.7487658,0.9207407,0.9002141,0.9193936,0.6389992,0.943845,0.5374771,0.242926,0.926375,0.6364973,0.02579527,0.8539624,0.8457061,0.7286834,0.7533472,0.9084194,0.9127167,0.9149122,0.8852856,0.830057,0.08807865,0.6147829
"PD49",0.9257212,0.7551099,0.7373833,0.9541786,0.08113328,0.9438884,0.08765487,0.8620395,0.8969274,0.8452229,0.3645713,0.9397108,0.8089031,0.160642,0.4703424,0.5450949,0.9734324,0.9011544,0.7212829,0.9106011,0.8563944,0.926421,0.6804746,0.9381419,0.5711466,0.2029552,0.8934278,0.6870463,0.02932772,0.8842675,0.8605807,0.7943443,0.8373777,0.885994,0.8854582,0.9245074,0.9149182,0.8312137,0.0875481,0.6520454
"PDD69",0.9222704,0.7158041,0.8426065,0.9143756,0.1086928,0.95596,0.07289093,0.9519282,0.9119277,0.8757193,0.4288325,0.9047074,0.8103113,0.09655029,0.5078924,0.673374,0.9750581,0.8792707,0.7676501,0.936677,0.9397521,0.9155537,0.7011984,0.9423511,0.6032786,0.2593547,0.8710886,0.7529725,0.04182206,0.8827283,0.8933677,0.788108,0.8789814,0.9180429,0.9178884,0.9466451,0.8715277,0.8758781,0.09913592,0.6579671
"PD45",0.9210002,0.8135688,0.7691457,0.9394593,0.07923961,0.9749363,0.1410852,0.9436416,0.8787937,0.8420807,0.4007033,0.8943514,0.8074989,0.1329002,0.5166706,0.5510285,0.9583491,0.8948637,0.7390841,0.9091818,0.8941731,0.9304115,0.6517721,0.9455031,0.5937881,0.2461499,0.8853297,0.7127591,0.02313122,0.8871308,0.9119586,0.7557767,0.7913263,0.8385903,0.8991341,0.9260449,0.900718,0.8599675,0.09796515,0.6289403
"CTRL12",0.9577051,0.6857763,0.6629794,0.9258492,0.1270707,0.9083315,0.06746914,0.9222016,0.8832648,0.898521,0.4859653,0.7643358,0.8413524,0.2387041,0.5070785,0.4263396,0.9680471,0.8583982,0.7479713,0.9315791,0.8968693,0.9506315,0.7230696,0.9403852,0.5684675,0.1671416,0.9084533,0.7956927,0.02285332,0.8675795,0.8626374,0.7261071,0.7946397,0.9083091,0.9120825,0.9466021,0.8923582,0.8504239,0.0900301,0.6844023
"PD33",0.9145752,0.6406417,0.6758214,0.9378441,0.1037377,0.9313341,0.1300793,0.889154,0.8872207,0.8773517,0.2306725,0.7215811,0.8732239,0.2129738,0.4387094,0.5568072,0.9703288,0.824502,0.7119541,0.9387846,0.8916052,0.9328787,0.681283,0.931607,0.5930809,0.1442205,0.9021697,0.6903938,0.02156975,0.7966382,0.8392315,0.7273682,0.8147471,0.7611818,0.8741098,0.9176421,0.7807001,0.8454525,0.07884164,0.7023762
"PD51",0.9428961,0.7039908,0.7312046,0.942124,0.05818634,0.976936,0.1241801,0.883218,0.9371127,0.8083729,0.4181565,0.9352898,0.7475346,0.1051556,0.4728002,0.5055811,0.9738844,0.8648158,0.7309699,0.901956,0.9032408,0.9575376,0.6345542,0.9293062,0.6287265,0.2378957,0.8798914,0.6702534,0.02443424,0.863498,0.9589742,0.7320297,0.8428425,0.8286409,0.9278176,0.9284372,0.9016071,0.8742403,0.06504643,0.6596548
"PD13",0.9591766,0.6553815,0.7720111,0.9347558,0.08998485,0.9644241,0.1501688,0.8916372,0.900734,0.9191139,0.4010258,0.9313599,0.8718183,0.09601582,0.5089859,0.5499459,0.9532426,0.9062579,0.7208707,0.9366668,0.895683,0.9280902,0.8298291,0.9593186,0.5930073,0.1828963,0.8214642,0.819022,0.01567039,0.8836879,0.9191413,0.7349192,0.8033907,0.8157882,0.9427615,0.9228978,0.8706202,0.8991167,0.04793237,0.6936443
"PDD45",0.9372118,0.7253455,0.7747501,0.7864373,0.09651215,0.9496563,0.1628828,0.8914169,0.9042964,0.884696,0.3533148,0.7846768,0.822068,0.2079816,0.471962,0.4803559,0.9778166,0.8595104,0.7507752,0.9279078,0.8960544,0.9430294,0.7649037,0.9450871,0.6010735,0.1150499,0.8816356,0.6989399,0.02431046,0.8682128,0.8719747,0.7335548,0.8135144,0.889596,0.9194216,0.9576911,0.8223963,0.902013,0.0717511,0.6865798
"PD20",0.9406495,0.7732082,0.7177006,0.8815681,0.1220791,0.935246,0.1370753,0.9500404,0.9107886,0.9146251,0.3809317,0.8988699,0.8645821,0.256648,0.4368111,0.5151896,0.9760545,0.8875894,0.6266068,0.9394884,0.9141148,0.9755298,0.7672992,0.9203695,0.6447542,0.1588498,0.8518069,0.7751584,0.01274072,0.8522645,0.9449271,0.7373938,0.7602897,0.8210625,0.9183404,0.9329231,0.7985621,0.9027234,0.08891514,0.7424511
"CTRL83",0.9714978,0.7484177,0.7359712,0.9307781,0.1160365,0.9710223,0.06776171,0.9144527,0.9246456,0.8744048,0.3318052,0.792532,0.7773961,0.05852156,0.5265669,0.5197875,0.9804771,0.9050581,0.7410771,0.964636,0.9241111,0.9450135,0.7455605,0.9386556,0.5932247,0.156202,0.9143485,0.7100458,0.02241823,0.8282301,0.8540047,0.7781944,0.7150687,0.8621788,0.9492662,0.9617696,0.9053456,0.6847357,0.09680386,0.7088421
"PDD7",0.8959876,0.7293366,0.7059935,0.9005899,0.121078,0.8969896,0.1272927,0.9216414,0.9352826,0.9209554,0.4537779,0.8740986,0.842417,0.1825245,0.4540398,0.4989464,0.975029,0.9043878,0.7061802,0.9562534,0.8798904,0.962841,0.7089951,0.9264673,0.6048093,0.1832809,0.8840593,0.7483639,0.02049571,0.8649159,0.8326605,0.7773301,0.8650886,0.9280918,0.9431033,0.9479355,0.9100916,0.8837348,0.08070179,0.693437
"CTRL71",0.940676,0.6320125,0.8402985,0.9245743,0.07420897,0.9518215,0.1305471,0.9298135,0.9111965,0.8705399,0.4272185,0.9142881,0.8228235,0.1583666,0.4820952,0.5115548,0.9641612,0.9246085,0.6602703,0.936543,0.9230489,0.9746824,0.7027558,0.9454493,0.6280755,0.1918424,0.9383661,0.6574087,0.02658004,0.8527967,0.8649775,0.8066894,0.7549892,0.8685246,0.9654514,0.9527957,0.8713698,0.8973936,0.09666187,0.6766984
"PDD47",0.9576797,0.8254608,0.8021118,0.8859519,0.07989124,0.9537277,0.1579776,0.9607443,0.9080265,0.8553043,0.3552862,0.8885916,0.7522535,0.1511558,0.5285011,0.4273865,0.9798841,0.8449609,0.8108554,0.9145645,0.8804977,0.9085188,0.6856372,0.948881,0.5762777,0.242383,0.7791432,0.7528717,0.01586212,0.8672968,0.8873251,0.7111644,0.7909309,0.8324753,0.9178299,0.9337361,0.9086439,0.858984,0.1219572,0.5782178
"PD32",0.9159302,0.7468696,0.6834109,0.9196075,0.04543471,0.929898,0.08028924,0.8740786,0.8343495,0.8152992,0.358507,0.8215535,0.7324409,0.1592971,0.3905883,0.3741602,0.957676,0.7944245,0.723766,0.9015862,0.8228256,0.9384693,0.6177677,0.953387,0.4883873,0.2599876,0.9010053,0.612078,0.01811015,0.7981533,0.8610387,0.7020509,0.763498,0.801371,0.8638229,0.9237162,0.8511158,0.7844732,0.09266954,0.55609
"CTRL6",0.8962326,0.6476628,0.7599606,0.892562,0.1557094,0.9379515,0.1146061,0.9252173,0.9429941,0.9532472,0.2236863,0.7433165,0.8423268,0.1726482,0.5883844,0.2415398,0.9843367,0.8621995,0.6961995,0.8959394,0.9086529,0.9569863,0.759315,0.9366589,0.5821608,0.1108601,0.8844629,0.7993989,0.007963692,0.7971784,0.9173181,0.6315357,0.739227,0.8268584,0.8821022,0.9406562,0.8548108,0.8557696,0.07659748,0.674718
"CTRL46",0.9229415,0.7983934,0.7426733,0.8572034,0.1696189,0.9532988,0.1248095,0.9352389,0.8962268,0.8674042,0.3550653,0.7804429,0.7889751,0.2031673,0.5098905,0.4605798,0.9443965,0.8824485,0.7734608,0.9418089,0.9012213,0.95506,0.5865563,0.9521995,0.5378795,0.2178903,0.8830124,0.6640112,0.02116756,0.8420095,0.9117887,0.71586,0.7835294,0.8596884,0.8867426,0.9264935,0.8648125,0.8634488,0.08969997,0.640369
"PD17",0.9570024,0.6477119,0.7782797,0.9431662,0.0900966,0.947509,0.09370619,0.9085279,0.9339214,0.9729226,0.2778529,0.7994999,0.888103,0.1640387,0.4534875,0.5624639,0.9201103,0.9220072,0.6849163,0.862718,0.9115133,0.966539,0.7734362,0.9201908,0.541312,0.1495189,0.8399944,0.7818958,0.02537031,0.9129219,0.9169732,0.7686887,0.7964598,0.8525944,0.9557636,0.9348947,0.8039268,0.8677042,0.0404542,0.7166232
"PDD10",0.5533996,0.7554751,0.728608,0.9318231,0.1008493,0.9664155,0.0859582,0.9185153,0.8979192,0.9410539,0.4023196,0.8569407,0.9006328,0.2854422,0.4852229,0.5848072,0.9304671,0.8233058,0.7475083,0.9438563,0.90582,0.9510685,0.7894388,0.9004458,0.6607367,0.1964002,0.8991957,0.7911957,0.01931884,0.9041589,0.9081575,0.8443803,0.8264449,0.8715084,0.9489423,0.9129546,0.923405,0.8995905,0.07661987,0.742258
"DLB12",0.9147673,0.73212,0.7941654,0.8985939,0.06905107,0.9349948,0.1301425,0.9294137,0.9372792,0.8679729,0.3021463,0.8603579,0.8320697,0.1446608,0.5137857,0.4402276,0.9756426,0.9109088,0.6291115,0.9282835,0.8889704,0.9413138,0.7413583,0.9396138,0.6167177,0.1606803,0.9101834,0.7766083,0.0235525,0.8447349,0.9046187,0.66627,0.838637,0.8855568,0.9358798,0.9501972,0.8967549,0.8884353,0.05458089,0.6960893
"CTRL44",0.9204446,0.7844897,0.8148885,0.9443047,0.1211908,0.9659678,0.05405847,0.8914058,0.8655464,0.853555,0.3151653,0.8925387,0.7541708,0.1686883,0.5203462,0.5912196,0.9742413,0.872435,0.7650487,0.8918165,0.914886,0.9468776,0.7612308,0.9170377,0.6222236,0.2332644,0.8819369,0.6885254,0.03720891,0.8299739,0.9381571,0.8214147,0.7813823,0.9327476,0.929678,0.9379389,0.8657865,0.8284287,0.05252221,0.687622
"CTRL86",0.9363244,0.7815725,0.8165195,0.952881,0.09919701,0.9629252,0.08050794,0.9354961,0.9532882,0.8618069,0.3320263,0.8946822,0.8352734,0.2246617,0.5486897,0.4318008,0.9701803,0.8579697,0.8313288,0.9447618,0.8787872,0.8952105,0.7726814,0.9633959,0.5926184,0.1591354,0.896706,0.6955825,0.01903504,0.8640782,0.8717788,0.7723588,0.8575749,0.9100255,0.9389333,0.9423212,0.8567635,0.9255666,0.05792351,0.6567385
"DLB27",0.8950064,0.7900554,0.7743157,0.8996013,0.06000388,0.9465668,0.1212592,0.8930649,0.9058032,0.8722587,0.4252073,0.7706931,0.7859822,0.2032346,0.4591646,0.2517358,0.9609411,0.8203798,0.722059,0.9249039,0.9067691,0.9215142,0.656247,0.9609573,0.5801617,0.2095664,0.8658347,0.7419297,0.02424953,0.7734289,0.9187679,0.7080277,0.720497,0.9023143,0.8940945,0.9043097,0.8557392,0.8672158,0.1010927,0.5839946
"PD18",0.944549,0.7466926,0.7562842,0.9541529,0.06455065,0.9511235,0.1241245,0.9266916,0.921882,0.9328676,0.3698323,0.8875411,0.834735,0.1788288,0.4995972,0.5079638,0.9570626,0.9076046,0.7396832,0.9314135,0.884318,0.9493043,0.7488414,0.9153378,0.5474514,0.1896703,0.908525,0.6944628,0.01799598,0.8658756,0.890034,0.8018204,0.8343573,0.8794636,0.9338507,0.9328231,0.8147495,0.9202318,0.0998182,0.674966
"CTRL20",0.9126235,0.8394382,0.7322811,0.96249,0.1124252,0.9471809,0.1288988,0.9113297,0.9320399,0.8893478,0.3782144,0.8362251,0.8012732,0.2544918,0.4591932,0.5164881,0.9486836,0.8377314,0.8380076,0.9221756,0.9222326,0.9216867,0.7086156,0.9540505,0.6379093,0.16189,0.8897273,0.7237902,0.02557264,0.8456451,0.9135282,0.7246318,0.722035,0.9068605,0.903447,0.943392,0.8393601,0.8693113,0.08082642,0.6703343
"PDD50",0.9439504,0.7083383,0.7153769,0.9335632,0.05474779,0.9575112,0.1854866,0.8769586,0.8176537,0.847473,0.3249867,0.814415,0.7605072,0.2594297,0.4240669,0.4722387,0.9789677,0.8369759,0.73648,0.8751964,0.8475132,0.9406579,0.6695857,0.9350239,0.5889359,0.1949166,0.8570421,0.6923049,0.01944826,0.7723236,0.923416,0.6845879,0.7019641,0.8158123,0.8721873,0.9229862,0.8551879,0.825997,0.07196437,0.62974
"DLB21",0.9051156,0.7577921,0.7263881,0.9058243,0.09127481,0.9763023,0.08250752,0.9306477,0.9168032,0.8874533,0.3594164,0.7623722,0.7656515,0.1194952,0.4193105,0.3612645,0.9613772,0.7755476,0.7336133,0.9193299,0.8460095,0.913739,0.6154673,0.9762523,0.534978,0.2071796,0.8466001,0.6177419,0.01651099,0.8203899,0.917442,0.7282529,0.7312349,0.8805627,0.9005091,0.9085177,0.8858566,0.8592941,0.07123937,0.5681849
"CTRL53",0.8723476,0.7532225,0.7859061,0.9475757,0.08672303,0.9463174,0.04403815,0.9225173,0.9392508,0.919398,0.3967289,0.7883863,0.8425239,0.1726501,0.4553681,0.5782163,0.9726399,0.8293631,0.6791965,0.9205263,0.9059133,0.9033664,0.6868636,0.9686264,0.6088512,0.1806052,0.8805392,0.7643266,0.02461375,0.8228393,0.9032977,0.7894622,0.8729346,0.8823777,0.9362483,0.9478624,0.8436064,0.8763242,0.09307902,0.6494034
"CTRL65",0.9286156,0.675512,0.7434027,0.8909173,0.0432744,0.9314253,0.08366546,0.8715656,0.9469133,0.8290087,0.3272287,0.8893608,0.7024022,0.1494495,0.4140229,0.4990162,0.9463052,0.8905293,0.7699414,0.941398,0.8527042,0.941022,0.5721314,0.9217847,0.5298212,0.1889853,0.9020329,0.6749727,0.01769986,0.8440109,0.9044371,0.7386388,0.6784021,0.8925921,0.9090017,0.9564014,0.9136233,0.8572264,0.07621191,0.5508474
"PD38",0.9214677,0.7614276,0.8528157,0.9474055,0.1248491,0.9695529,0.1189264,0.9106314,0.9143966,0.8483259,0.3306922,0.9173011,0.8045534,0.1860565,0.5467943,0.6077741,0.9557359,0.8655899,0.7600313,0.92383,0.9052128,0.8837211,0.6887013,0.9165261,0.6580193,0.2039537,0.8845733,0.7492488,0.02409341,0.8184998,0.9048617,0.759891,0.7923211,0.9019166,0.9297564,0.9438219,0.8776322,0.9032305,0.1178924,0.6730031
"CTRL18",0.8727473,0.7180355,0.6644551,0.8902003,0.09319856,0.9383941,0.1512933,0.9112088,0.9246691,0.9102487,0.4469264,0.8068202,0.830282,0.2218448,0.4412969,0.6083941,0.968613,0.8098054,0.7518231,0.9220884,0.941519,0.8826535,0.69707,0.9583096,0.5974327,0.1508436,0.8848268,0.7245325,0.01795077,0.7220504,0.9095047,0.6980527,0.7840076,0.9057959,0.9198929,0.9237225,0.8507521,0.8938283,0.09375254,0.694685
"PDD36",0.9160023,0.7144295,0.8677849,0.9093914,0.1216697,0.9451706,0.07514954,0.9240428,0.9276979,0.8421138,0.4384413,0.911071,0.8797787,0.1860929,0.5555199,0.6254917,0.9724488,0.9132089,0.7627678,0.9300203,0.9346952,0.8678352,0.7278598,0.9101041,0.6287244,0.2869366,0.8757049,0.6797471,0.01741005,0.8375962,0.9251367,0.8275949,0.7817837,0.8979598,0.9481964,0.9339946,0.9126871,0.8885476,0.06739967,0.641098
"PDD64",0.9415947,0.7630912,0.8039519,0.9531797,0.02871186,0.9619649,0.06671878,0.9438511,0.9653682,0.8651886,0.3935688,0.9184163,0.8709791,0.2262585,0.4962158,0.5211409,0.9673841,0.8719813,0.789272,0.9346053,0.9282249,0.9373132,0.7244076,0.9673748,0.6000977,0.1528203,0.8995742,0.7531316,0.01358332,0.8673365,0.9172628,0.7959568,0.7827667,0.8907797,0.9444883,0.9709285,0.8670559,0.9318504,0.09922052,0.7244454
"PD42",0.948206,0.6715752,0.6652339,0.9191201,0.1153535,0.9470357,0.2287017,0.8427685,0.8751789,0.9226652,0.4089971,0.8375993,0.8858816,0.4047703,0.5345715,0.551142,0.9652806,0.8952517,0.762703,0.914121,0.9013701,0.9053831,0.7771502,0.9283514,0.6659954,0.1527156,0.8306783,0.8274032,0.02071461,0.8155129,0.9297256,0.7658547,0.8950143,0.8552656,0.8939145,0.9339037,0.8488638,0.2359444,0.04375776,0.7964346
"PDD33",0.9407394,0.7483117,0.7147899,0.940497,0.08253905,0.9288321,0.173696,0.9535834,0.8895754,0.9384556,0.3617287,0.7483133,0.8739126,0.1716809,0.5263883,0.4716047,0.9705568,0.8779893,0.7138399,0.9217762,0.8652653,0.9524203,0.7648145,0.9508715,0.5702282,0.08838459,0.8600733,0.7151462,0.03150706,0.7585441,0.9002702,0.7701297,0.854841,0.8149948,0.9361268,0.9465398,0.723663,0.8542275,0.04479386,0.7032922
"PDD65",0.9296213,0.7295263,0.8399302,0.9562163,0.0501272,0.9776662,0.08430371,0.8671158,0.9428824,0.8717247,0.422755,0.9585902,0.7641819,0.2209531,0.5668623,0.5583955,0.9792361,0.889769,0.7363788,0.902982,0.933296,0.913061,0.7358547,0.9321822,0.6659321,0.2875648,0.9075238,0.7761771,0.01777475,0.8225941,0.8748327,0.7567541,0.7607353,0.9032544,0.9379461,0.9503017,0.8974023,0.9028523,0.1316151,0.6278477
"PD62",0.9634518,0.7714958,0.8165442,0.9479912,0.07703955,0.9653908,0.08618308,0.931527,0.9120483,0.9352092,0.3207446,0.8240808,0.8576856,0.181672,0.5417331,0.566564,0.9633701,0.8667085,0.7857268,0.9396898,0.8775753,0.88547,0.7571856,0.927168,0.5636497,0.1599183,0.8771142,0.7863363,0.04200015,0.8389881,0.8979985,0.8354201,0.8556341,0.8999568,0.9329465,0.9362066,0.8264684,0.9200719,0.07296151,0.6624028
"PDD77",0.9371949,0.7548592,0.8456611,0.9196275,0.0689505,0.9739406,0.09083082,0.9570227,0.9540748,0.8680691,0.385263,0.9152426,0.8483191,0.2207327,0.6102362,0.6299398,0.9234554,0.8956099,0.872019,0.9310143,0.8833969,0.9100611,0.7538016,0.9329858,0.6865497,0.2318481,0.9120472,0.7738617,0.02228158,0.880957,0.9235475,0.8731959,0.8623033,0.900747,0.9330018,0.959059,0.870092,0.9268015,0.08982911,0.7315255
"PDD2",0.9701289,0.7354872,0.7266006,0.8927602,0.09300006,0.932734,0.09914763,0.9148475,0.9033309,0.9262687,0.3261977,0.7992816,0.8406051,0.2791422,0.5559272,0.5079207,0.9467574,0.8976405,0.8425852,0.9537226,0.9196468,0.9319319,0.7764182,0.9286089,0.6335427,0.1179155,0.9124001,0.8279977,0.02191312,0.9040625,0.8789672,0.7703922,0.8686896,0.8305045,0.9395756,0.9359283,0.8541399,0.9225519,0.07106565,0.7621415
"PD25",0.9450928,0.7598133,0.8216956,0.9568858,0.1084309,0.965803,0.1746486,0.8941354,0.9038598,0.9410333,0.2528935,0.9135783,0.8673906,0.2304065,0.4952935,0.4512603,0.982245,0.9358484,0.6753711,0.9287177,0.9219811,0.9721328,0.7489487,0.9400031,0.6618146,0.177456,0.8519819,0.783165,0.01664907,0.922539,0.917234,0.7667095,0.835729,0.8805029,0.9446599,0.9149918,0.864099,0.5704547,0.09474655,0.7419552
"DLB14",0.9290218,0.7670849,0.8257947,0.9272459,0.08348938,0.9575121,0.1863227,0.9359657,0.9128387,0.8391443,0.3132408,0.8467899,0.821143,0.1436661,0.5063197,0.531718,0.9850886,0.8338478,0.7263982,0.9139989,0.9164853,0.9677071,0.7350387,0.9649364,0.6858265,0.2022404,0.8787882,0.7616875,0.02674566,0.8491463,0.9245711,0.8053357,0.7961551,0.8964358,0.9322845,0.9572975,0.8655161,0.8801317,0.1015071,0.7084665
