"","cg05213073","cg17805199","cg07996485","cg23657782","cg12578540","cg07918736","cg00208274","cg17434329","cg01866897","cg14904079","cg00391977","cg09238999","cg20357416","cg14318068","cg12372924","cg21598294","cg07253510","cg06340519","cg24665412","cg18127922","cg18880384","cg04030905","cg02853470","cg21700774","cg18879998","cg12556775","cg12315735","cg15524170","cg24517989","cg20822380","cg04892765","cg23458989","cg22364932","cg13707189","cg24855045","cg03967521","cg06410591","cg12273368","cg08510261","cg21595526","cg01785566","cg00801765","cg06878361","cg24384430","cg26222689","cg00612672","cg16115647","cg05739014","cg09638266","cg16085649","cg15310800","cg11341440"
"PDD38",0.9738304,0.7024201,0.945312,0.9567644,0.6439662,0.6208458,0.4259863,0.9735583,0.9508992,0.9611835,0.5287801,0.5305197,0.7936857,0.8691964,0.9787117,0.9771158,0.9679939,0.9197744,0.9375582,0.3349724,0.4094878,0.01854773,0.872398,0.9893656,0.972051,0.9928144,0.8586791,0.7982561,0.7543403,0.8991698,0.6729586,0.8744878,0.9635666,0.8490715,0.7279648,0.004280744,0.1072369,0.1936774,0.9129592,0.009882701,0.9730704,0.8821578,0.09888319,0.09486785,0.9366666,0.8787557,0.1596266,0.9777273,0.9297755,0.4368394,0.929491,0.907526
"CTRL61",0.9664538,0.6783089,0.9282933,0.9753684,0.5854456,0.7637262,0.4182441,0.9414596,0.9555746,0.9098855,0.3884809,0.5631065,0.7828489,0.8152806,0.9682326,0.9664546,0.9290667,0.8758696,0.8956672,0.2980935,0.4782085,0.008042587,0.8476527,0.9815817,0.9584026,0.9917197,0.9082312,0.8558127,0.6600246,0.8979311,0.6176261,0.8961758,0.9736735,0.7658028,0.6821771,0.00279495,0.1621943,0.2996455,0.9267228,0.00190096,0.9731917,0.873836,0.04644579,0.03411389,0.9440031,0.9111287,0.1346779,0.9803974,0.9022998,0.4143732,0.9123868,0.840785
"PDD23",0.9471391,0.7022853,0.9500215,0.9684569,0.5863609,0.6996794,0.4006129,0.960812,0.9598576,0.8544587,0.4806349,0.6556469,0.7915845,0.8479073,0.9862861,0.9790704,0.9658624,0.9301388,0.9226725,0.3754685,0.5016051,0.005726054,0.8839063,0.9887677,0.9692143,0.9900146,0.9192228,0.821153,0.7248372,0.9177093,0.6668653,0.8752473,0.9767353,0.8137766,0.6590255,0.003365721,0.1134096,0.2002273,0.9349674,0.009828976,0.9668994,0.8676136,0.09823819,0.04100656,0.9499032,0.8685685,0.1516078,0.9825534,0.9481366,0.4979271,0.9352952,0.9587916
"PDD21",0.978358,0.6536329,0.9380581,0.9536484,0.6479708,0.7074646,0.4624548,0.9626781,0.9496012,0.9740935,0.4755886,0.4887821,0.7958734,0.8729093,0.9695931,0.9467448,0.9616306,0.9149382,0.9061992,0.2282783,0.4592811,0.01261787,0.8840469,0.9835152,0.952507,0.9830675,0.9164629,0.7901152,0.5683814,0.946743,0.6900434,0.8912506,0.9752477,0.8072257,0.839168,0.003360537,0.1197896,0.2574875,0.9195484,0.009951881,0.9723456,0.8676022,0.1621315,0.09019912,0.9617912,0.9126834,0.2600709,0.9832315,0.9501629,0.3479983,0.9560847,0.9150494
"PD29",0.9211043,0.6738008,0.9147337,0.9704687,0.5069975,0.6667285,0.3784909,0.9375366,0.9674842,0.9039592,0.3909604,0.5253384,0.696902,0.8587174,0.9746915,0.9359633,0.9460458,0.9048423,0.9073833,0.3886598,0.5533235,0.01859513,0.902683,0.9595766,0.961046,0.9783844,0.9008143,0.7582125,0.5769079,0.8834249,0.5311151,0.7897673,0.9564427,0.7538908,0.6854033,0.004761375,0.1227523,0.3101776,0.9020404,0.01465387,0.9531403,0.7845891,0.1262543,0.05523432,0.9346716,0.7707124,0.159817,0.9741107,0.9334165,0.3844375,0.8785709,0.8204056
"PD5",0.9555912,0.653777,0.9572713,0.9302993,0.6464463,0.7486521,0.3744642,0.9430905,0.9471082,0.9130241,0.489349,0.5219556,0.750858,0.8952018,0.9315284,0.9561863,0.9380177,0.8784302,0.8625133,0.313187,0.414139,0.01832921,0.8774167,0.9708053,0.9635553,0.9757439,0.9074113,0.7510196,0.7141992,0.8780602,0.7129758,0.9063579,0.9607178,0.808855,0.7517264,0.008329877,0.1214741,0.274074,0.9068025,0.01932166,0.9619749,0.7971211,0.07379578,0.09177462,0.9265607,0.8553398,0.1898484,0.9696734,0.9268283,0.4421731,0.9368885,0.8911659
"CTRL88",0.966948,0.7297638,0.9053922,0.9721798,0.6626605,0.703483,0.4344941,0.9530544,0.9705758,0.939762,0.4494339,0.6066453,0.83193,0.8283366,0.9729442,0.985309,0.9225053,0.8460021,0.9447444,0.2956886,0.5955557,0.01464944,0.8920279,0.9834217,0.9526933,0.9875592,0.9167064,0.7953054,0.7213736,0.9212322,0.6914029,0.914008,0.9673306,0.7819331,0.6855022,0.008830144,0.1496399,0.3136874,0.9109781,0.00383814,0.9771298,0.8284551,0.09902037,0.1073414,0.947601,0.931226,0.1550848,0.975122,0.9398627,0.3918614,0.9632788,0.9097237
"PD41",0.9498807,0.6756648,0.9131433,0.9656466,0.5876616,0.770296,0.4331861,0.9624619,0.9686605,0.9050739,0.4964345,0.4842863,0.7353562,0.873267,0.9735142,0.9658633,0.9548019,0.9059633,0.9200558,0.3743975,0.5579117,0.006805321,0.8864439,0.9883712,0.9580457,0.981668,0.8637992,0.8086505,0.6635452,0.8991431,0.7652618,0.8808799,0.9812923,0.8681012,0.7607231,0.001455964,0.1100938,0.4078185,0.8673863,0.002151033,0.9709846,0.8328015,0.1274093,0.1072343,0.9265901,0.8471977,0.2174966,0.9734294,0.926781,0.4544985,0.9307049,0.8309285
"PDD39",0.9751342,0.6622916,0.9414366,0.9349338,0.631083,0.687101,0.382975,0.9488235,0.9516184,0.9586781,0.4450396,0.438571,0.7363177,0.8788646,0.9680822,0.9620026,0.968523,0.8132621,0.8773697,0.2641576,0.3899413,0.02098971,0.8014209,0.9707122,0.9455835,0.9832795,0.864711,0.7333772,0.549397,0.8614966,0.7168139,0.8493561,0.9757756,0.8459019,0.7311805,0.01094114,0.1491156,0.2035244,0.8824863,0.01292022,0.9577966,0.7459244,0.0727435,0.08377131,0.9004977,0.8334722,0.1648569,0.986389,0.9258889,0.2628568,0.9425827,0.8146537
"PD11",0.9750815,0.6612717,0.9361523,0.9482982,0.597086,0.6906225,0.3657438,0.9512283,0.9642051,0.9503441,0.4721863,0.4201335,0.7924153,0.8816145,0.9750286,0.95478,0.9592939,0.882533,0.8975747,0.3642372,0.3240307,0.01772897,0.8912036,0.9849577,0.9577357,0.979953,0.8982814,0.7848542,0.7260417,0.939336,0.6785111,0.8996679,0.9401999,0.8674238,0.7432465,0.001435301,0.1330384,0.3365544,0.8825971,0.006891519,0.9810161,0.8298926,0.157414,0.06714209,0.9396456,0.85368,0.2623945,0.9763522,0.9450215,0.377664,0.9567314,0.8873604
"PDD26",0.9748439,0.6469074,0.9319199,0.965657,0.6263045,0.7243214,0.4106897,0.9620199,0.9578599,0.962018,0.4570994,0.3875126,0.7649639,0.8654368,0.9611139,0.9587338,0.9563804,0.9237296,0.9051733,0.277518,0.4696936,0.0140593,0.9305862,0.9820198,0.941227,0.9797811,0.9033021,0.7882069,0.6751675,0.9250715,0.6762939,0.9099255,0.9706572,0.7897106,0.7228059,0.009203537,0.1205857,0.2311034,0.927345,0.009131293,0.978962,0.8641591,0.14479,0.07288002,0.9315643,0.8546508,0.171999,0.9824294,0.9682488,0.4207852,0.971252,0.8759597
"PDD25",0.9696229,0.746791,0.9380194,0.9676777,0.6675138,0.7106725,0.5687652,0.9602558,0.9725895,0.942985,0.4305538,0.5531832,0.7913101,0.8996867,0.981756,0.9653366,0.8915236,0.9059099,0.9385724,0.3983539,0.69541,0.009545533,0.8928994,0.9645451,0.9703232,0.9862221,0.8809449,0.8501628,0.6851393,0.862235,0.7231384,0.8558432,0.9730193,0.8191583,0.8089812,0.004443834,0.07017395,0.3002082,0.9304417,0.01160524,0.9705543,0.8459793,0.08233701,0.2110997,0.9430108,0.9054824,0.1813506,0.9734671,0.9579812,0.4499939,0.9298832,0.7841182
"PD1",0.9551639,0.7391096,0.9469637,0.9573586,0.6379055,0.701455,0.4033936,0.9756188,0.9610083,0.9287918,0.4724096,0.440122,0.7384749,0.9247244,0.9721064,0.9712186,0.9538934,0.8892125,0.9002187,0.2910542,0.4246613,0.005118533,0.8497131,0.98893,0.9562534,0.9797482,0.922819,0.8466811,0.7287873,0.9138779,0.5854376,0.8914276,0.9520729,0.8545343,0.7149398,0.003770091,0.1205651,0.2850156,0.8660846,0.003173029,0.9683095,0.8502237,0.1365445,0.1251396,0.947253,0.8265669,0.2267418,0.9729999,0.9400018,0.411448,0.9508766,0.8551865
"CTRL24",0.9719848,0.5565578,0.9336776,0.9649975,0.5015277,0.6618958,0.3087434,0.95849,0.9724759,0.9408297,0.4631932,0.4847973,0.7055908,0.9155414,0.9732706,0.946075,0.9597797,0.8754799,0.8761211,0.3577313,0.5033867,0.01101601,0.8403675,0.9841274,0.9556576,0.9855634,0.8703456,0.7765405,0.6656218,0.9318339,0.5942307,0.8780259,0.9712306,0.8821433,0.7842949,0.001497332,0.1971895,0.3148418,0.875684,0.004557797,0.9693524,0.7554004,0.1789122,0.0545679,0.9399163,0.8091309,0.1991818,0.9831752,0.9465183,0.4181983,0.9251398,0.9026867
"PD55",0.9545592,0.6330433,0.8858558,0.9608545,0.6453437,0.7419178,0.3817741,0.9623321,0.969784,0.9403572,0.4788021,0.4437088,0.768666,0.9076658,0.9867422,0.974923,0.9608195,0.8820021,0.8575722,0.2801339,0.4274993,0.005986528,0.8704804,0.9885122,0.9707992,0.9855958,0.9119456,0.7571506,0.614862,0.931885,0.7424435,0.916492,0.9649409,0.909276,0.7072733,0.002138967,0.1447539,0.3304963,0.8770061,0.01661095,0.9860002,0.7923508,0.1025323,0.06754495,0.9530342,0.7984778,0.1707304,0.9653712,0.9202935,0.3823716,0.9399794,0.8840061
"CTRL15",0.9386592,0.6355023,0.9338309,0.9596592,0.4944676,0.6961072,0.408452,0.9428934,0.9500999,0.9020537,0.419878,0.4676774,0.7008319,0.8583373,0.9833872,0.9759214,0.9260479,0.8463489,0.8765635,0.334474,0.5573927,0.008758609,0.8010907,0.9759394,0.9397135,0.9794522,0.8473474,0.792419,0.6675285,0.906121,0.6325472,0.8785011,0.9597264,0.8341054,0.6883818,0.006372953,0.1306272,0.2609356,0.8487175,0.009019309,0.9758601,0.7548973,0.1148653,0.105915,0.9343111,0.8400025,0.1705311,0.9785372,0.9509185,0.4485888,0.9160357,0.7734868
"CTRL63",0.9528709,0.7074022,0.9422219,0.9729247,0.5055415,0.7803328,0.2605693,0.9475348,0.9414407,0.9180763,0.4599506,0.5117561,0.762074,0.8526781,0.953419,0.9831546,0.956154,0.8818446,0.8907022,0.2765853,0.5631797,0.009938992,0.9042308,0.988571,0.9771261,0.9893368,0.9044732,0.8618512,0.7031396,0.9159816,0.6669863,0.9240157,0.9736451,0.6986918,0.7269078,0.006663281,0.08312001,0.2880501,0.9532392,0.005035159,0.9752494,0.8960126,0.06664328,0.0345583,0.9437602,0.8978093,0.1208495,0.9827233,0.9234312,0.3785051,0.9521145,0.8857604
"PDD60",0.9689689,0.7204041,0.9507144,0.9788312,0.6238707,0.7296742,0.4098704,0.9424855,0.9468787,0.9172948,0.3710919,0.5978695,0.7124073,0.8759363,0.9834672,0.9427927,0.8988995,0.9057442,0.9105083,0.3809589,0.6766092,0.01667596,0.8527632,0.9904632,0.9611048,0.9880581,0.9204966,0.8307791,0.7000623,0.8951554,0.6227734,0.806112,0.9714389,0.8335427,0.6981974,0.001196346,0.1269694,0.3007173,0.9092867,0.0007560722,0.9640945,0.8081396,0.09770381,0.1888031,0.9328446,0.8428046,0.1343096,0.9633797,0.9207724,0.4157822,0.9344931,0.7133142
"PDD51",0.9587696,0.6620815,0.9012119,0.9503907,0.4914687,0.6193084,0.3889415,0.9504187,0.9570796,0.9285476,0.3387703,0.3217687,0.6933187,0.8405497,0.9676531,0.9415679,0.9043285,0.7794921,0.8866925,0.3130307,0.4649863,0.01717182,0.8890798,0.9841732,0.9436118,0.989902,0.8308042,0.7575545,0.6071417,0.923983,0.5961977,0.8475118,0.9784194,0.8083732,0.681208,0.002966281,0.1391946,0.1962698,0.8280106,0.006912153,0.9560988,0.8156747,0.07480312,0.08104666,0.8737766,0.815711,0.137955,0.9621739,0.9109337,0.2721693,0.9170906,0.745787
"PDD43",0.9622237,0.710374,0.9225939,0.8994859,0.652905,0.6766832,0.4209159,0.9652763,0.9451846,0.9314213,0.4387738,0.3464449,0.7310409,0.9081383,0.9831176,0.9664345,0.9185277,0.8864932,0.8903587,0.3066963,0.3001203,0.009770877,0.8354979,0.9783164,0.9493242,0.9811745,0.8413557,0.6933763,0.5971106,0.9326167,0.6767447,0.8911222,0.9548924,0.8572419,0.7094898,0.007027032,0.1177127,0.1979287,0.8615033,0.01260723,0.9495767,0.7939658,0.1166463,0.1277447,0.9276003,0.8624902,0.1989554,0.970271,0.9232843,0.2391354,0.9249099,0.889974
"PD14",0.9573063,0.7014485,0.9454039,0.9535793,0.7029695,0.7485127,0.4399516,0.9646193,0.9384461,0.9190344,0.4794852,0.5487195,0.8306873,0.8101285,0.9690961,0.9817363,0.9415347,0.9023887,0.947002,0.3573873,0.5649134,0.0132509,0.8000373,0.9901611,0.9506414,0.9894445,0.9295866,0.9065865,0.7765581,0.9410232,0.5633644,0.8613852,0.9612602,0.6609214,0.7519953,0.00376874,0.1460754,0.2400372,0.9416657,0.01158096,0.972197,0.7889853,0.08639991,0.06046772,0.9082939,0.8903627,0.1247429,0.9833703,0.9548066,0.4153428,0.8893533,0.9352448
"PDD5",0.9591125,0.7247588,0.92167,0.9485225,0.6148505,0.7430582,0.4029405,0.9582217,0.928045,0.9274088,0.4692189,0.4701865,0.786489,0.8421946,0.929462,0.9550957,0.9427832,0.9196533,0.9207719,0.3938081,0.4982622,0.02408667,0.8590293,0.9778474,0.9583493,0.9838468,0.9221254,0.8317919,0.7350803,0.8760792,0.5564824,0.8785851,0.9682362,0.783878,0.7153221,0.00691484,0.08749317,0.4100649,0.9419285,0.01839144,0.9604783,0.8672922,0.1382704,0.193038,0.9239926,0.9432145,0.1531194,0.9626799,0.9613857,0.611409,0.8961265,0.8473229
"PD37",0.9393835,0.730983,0.9320993,0.9604375,0.6393372,0.6742152,0.3566831,0.9395982,0.9721616,0.9112703,0.4622702,0.5670882,0.7539959,0.8685716,0.9710906,0.981035,0.9445968,0.8921013,0.8900819,0.3721046,0.4109965,0.00762791,0.8407347,0.9981085,0.9484134,0.9817028,0.912315,0.7747603,0.639176,0.9571594,0.7172742,0.8923495,0.9729635,0.883272,0.7071334,0.01049711,0.1671315,0.3069711,0.9275564,0.003757044,0.9728256,0.8424266,0.1385102,0.07513915,0.9446306,0.8415465,0.1818949,0.9681516,0.921542,0.4430956,0.9657727,0.83348
"CTRL80",0.9502807,0.6470902,0.927272,0.9574129,0.6054584,0.7917783,0.3053552,0.9534724,0.9606688,0.960339,0.4007021,0.4621645,0.7242621,0.7994954,0.9726331,0.9797497,0.9566496,0.9074438,0.8678925,0.3008691,0.4150509,0.03403874,0.807405,0.988252,0.9792522,0.9822426,0.9213885,0.8200729,0.7075935,0.8899118,0.5015012,0.8677334,0.9670893,0.8883836,0.6514582,0.005323991,0.2177133,0.2547718,0.844626,0.002829712,0.9652425,0.8471666,0.05441635,0.1113811,0.9474325,0.8867136,0.1253812,0.9789894,0.920785,0.328562,0.9211848,0.8539303
"PDD74",0.9524154,0.6779012,0.9226201,0.9732898,0.653098,0.6700343,0.3164931,0.9386922,0.9622136,0.9146574,0.4287545,0.4748837,0.768838,0.8550102,0.9744455,0.9901973,0.9284845,0.8675389,0.9487703,0.2784364,0.4251284,0.008221991,0.8711584,0.9901862,0.977837,0.991597,0.9406942,0.8696681,0.5839174,0.9202693,0.6125657,0.8412007,0.958524,0.7602733,0.6609899,0.01549869,0.1884375,0.225544,0.8608562,0.004687042,0.9733747,0.863894,0.07041834,0.058321,0.9489166,0.8402893,0.1856482,0.9747546,0.9208188,0.4131996,0.9548516,0.9151798
"CTRL62",0.9285064,0.7196852,0.9331803,0.9621808,0.5687914,0.7224625,0.3763352,0.9416097,0.968112,0.8859762,0.4311152,0.5634322,0.8012537,0.8297476,0.9841006,0.9753543,0.9428686,0.9138487,0.9010353,0.279855,0.5880733,0.007853095,0.9078769,0.9932048,0.9606735,0.9835113,0.909417,0.8521818,0.6744855,0.8644276,0.6988388,0.9205607,0.9706697,0.8805029,0.7275139,0.003466798,0.1273648,0.2773337,0.8972933,0.008426722,0.9778728,0.782574,0.09135215,0.08057186,0.9469246,0.9057069,0.1639089,0.9731995,0.9461361,0.4229841,0.9342152,0.848057
"PD3",0.9723564,0.6359969,0.9092822,0.9301248,0.561158,0.761353,0.4172627,0.9551689,0.92188,0.9155172,0.4613403,0.6355625,0.7466563,0.8693424,0.9314439,0.9404665,0.8893397,0.8873667,0.9462804,0.437718,0.5481894,0.03750895,0.8963329,0.9514296,0.9505278,0.9801927,0.9326241,0.837827,0.7340373,0.8795068,0.6394844,0.8458483,0.9305629,0.7097432,0.7396208,0.01331767,0.1252496,0.2916279,0.9456977,0.02849845,0.9437089,0.7815718,0.08583748,0.1157251,0.9338318,0.8550376,0.1312383,0.9757774,0.9446217,0.5511803,0.9179115,0.8303177
"CTRL39",0.9500545,0.7873781,0.9116887,0.9499726,0.6217511,0.7451368,0.3459571,0.9502677,0.9444634,0.8691739,0.4730371,0.6121913,0.717407,0.8506287,0.9774626,0.9695059,0.9185083,0.8995915,0.9393023,0.39574,0.5817327,0.01671114,0.8905108,0.9832559,0.9410398,0.9767481,0.9015969,0.8193045,0.7261873,0.8768522,0.6303394,0.8748824,0.9637416,0.7845982,0.6875405,0.01077473,0.1281598,0.3088989,0.9236073,0.01430469,0.9672556,0.8354199,0.1103571,0.04891534,0.9569024,0.8607275,0.1691069,0.9622923,0.9205304,0.5515929,0.9051388,0.873708
"CTRL97",0.976453,0.7298871,0.9318894,0.9584846,0.5925212,0.674825,0.3686397,0.9153393,0.9560126,0.8917643,0.4621418,0.61086,0.8013265,0.8125358,0.9751317,0.9598605,0.9426739,0.8779161,0.9163188,0.3507826,0.5638996,0.009640587,0.8535476,0.978187,0.9514346,0.9846722,0.9200568,0.8779477,0.7558926,0.914458,0.6184283,0.9255987,0.9080103,0.7479344,0.707667,0.004005393,0.1505255,0.3055011,0.9460313,0.007407407,0.9693023,0.8608591,0.05272089,0.04887688,0.946188,0.9084694,0.1531944,0.9808876,0.9149212,0.5144891,0.9165965,0.8713393
"PD47",0.9078483,0.654159,0.9131285,0.9694512,0.5231082,0.6851287,0.3541589,0.9500266,0.9611072,0.8845925,0.4265412,0.6037021,0.6955457,0.8405545,0.9789963,0.9478085,0.9476371,0.8516864,0.9160706,0.3728726,0.5269019,0.01472191,0.8325213,0.9847181,0.9668297,0.9868491,0.9024548,0.7934606,0.5691286,0.8693261,0.6641157,0.7776841,0.9570636,0.7749375,0.5975193,0.007288708,0.1320755,0.301666,0.8990928,0.009210223,0.955604,0.7407863,0.1295486,0.08057246,0.942284,0.7897951,0.1487336,0.9746909,0.9473572,0.4318935,0.9107521,0.8283618
"DLB17",0.954126,0.6560711,0.9369442,0.9540167,0.7519758,0.7380046,0.3692925,0.9446193,0.9273864,0.9328055,0.4389089,0.580363,0.7280133,0.8085393,0.9572981,0.9800754,0.9447964,0.9270494,0.9429143,0.316799,0.4858311,0.0190031,0.8792925,0.9729258,0.9452883,0.9709051,0.8668334,0.943723,0.6655343,0.8231263,0.7547625,0.9476456,0.9599882,0.7772401,0.6859601,0.005838828,0.12311,0.2039016,0.8435021,0.0131808,0.9319111,0.9014011,0.08656289,0.07473644,0.926196,0.9409637,0.1281674,0.9789369,0.9154597,0.3230317,0.919073,0.8783324
"DLB2",0.9717631,0.7446959,0.9668795,0.9550507,0.5886652,0.6771116,0.5254213,0.9602209,0.9425669,0.9652215,0.3981282,0.4683571,0.7394519,0.9136063,0.9588114,0.9419866,0.9150383,0.8013772,0.9086332,0.3475583,0.5700977,0.03828667,0.8998675,0.9592827,0.9489649,0.975238,0.9137009,0.8173718,0.7182999,0.8592013,0.5770392,0.8827589,0.9373482,0.8350798,0.7589751,0.01608619,0.1136523,0.3099025,0.8684288,0.01673336,0.9786313,0.8579903,0.09288912,0.1954651,0.939873,0.8446414,0.2019565,0.973296,0.9339423,0.3922373,0.946915,0.7783165
"CTRL35",0.9610865,0.673592,0.9408601,0.9557701,0.5897251,0.7419545,0.4155438,0.9356864,0.9478492,0.9194511,0.4885209,0.509399,0.6980251,0.8990106,0.9744414,0.9556532,0.9414168,0.9049739,0.8892857,0.3789836,0.5239541,0.01427788,0.8842289,0.9825251,0.9598263,0.9823455,0.8949496,0.7805222,0.6883315,0.8882969,0.6540932,0.8575852,0.9576197,0.8555257,0.6913109,0.01253642,0.1507241,0.2852396,0.8623194,0.006736675,0.9510385,0.8237068,0.1125413,0.07607857,0.9726063,0.8047923,0.2137278,0.9724489,0.9223764,0.4176042,0.9359284,0.8469571
"PD8",0.9549508,0.7136797,0.9383006,0.9383155,0.675642,0.6426785,0.4872749,0.977428,0.9166915,0.9574406,0.5085667,0.4282913,0.7989456,0.8889674,0.9431666,0.9688,0.953063,0.8468131,0.8927685,0.2850652,0.434745,0.02578503,0.8791445,0.9670249,0.9549711,0.9828938,0.9023438,0.8428506,0.6755084,0.8788331,0.6457115,0.9366974,0.9650098,0.8216587,0.840173,0.007901863,0.1527025,0.2666058,0.9281014,0.02083052,0.9575513,0.9145972,0.1066479,0.09522701,0.936485,0.8916903,0.1496698,0.9737619,0.9658622,0.2904745,0.9411022,0.833325
"CTRL51",0.9712944,0.6782542,0.9251632,0.9746938,0.5652032,0.7018149,0.374727,0.977294,0.9538383,0.8794627,0.4563583,0.558692,0.7354617,0.8120689,0.9853163,0.9795049,0.936487,0.8746403,0.9098628,0.3645364,0.5432089,0.008070872,0.8862036,0.9740075,0.9567231,0.9864718,0.9432914,0.8274544,0.6262477,0.8973038,0.7140701,0.8613356,0.9737664,0.8239304,0.6618831,0.001897752,0.1309255,0.2807381,0.9157763,0.009327984,0.9742869,0.8412338,0.1479929,0.06842138,0.9631241,0.8178886,0.1496183,0.979983,0.9343376,0.3703434,0.9472226,0.9039323
"CTRL77",0.9613351,0.6786513,0.9592275,0.9786276,0.5627631,0.6731308,0.374032,0.9685276,0.9500085,0.913406,0.3918634,0.4987482,0.7385966,0.7933871,0.9647871,0.9696975,0.9421242,0.8691043,0.9080519,0.2834641,0.4244877,0.006307264,0.8519044,0.9945047,0.9565276,0.9941271,0.8634029,0.8375998,0.5174302,0.7950954,0.5970188,0.9118467,0.9460219,0.766796,0.7195037,0.004949705,0.1117467,0.278226,0.8348915,0.0155096,0.9812261,0.8789167,0.07821154,0.08289141,0.9326054,0.8941933,0.1306478,0.9760905,0.9375394,0.4345795,0.9232681,0.8289499
"CTRL68",0.9652678,0.6840738,0.9662387,0.936213,0.5975048,0.7269921,0.2931179,0.9329255,0.9572555,0.8860607,0.4334739,0.5126628,0.8083222,0.8722845,0.9671182,0.9675128,0.9623623,0.8960102,0.8985306,0.2797826,0.5065492,0.01036758,0.8018983,0.971653,0.9537894,0.9890774,0.9205462,0.8551708,0.6089918,0.9053471,0.6422358,0.8344243,0.9750303,0.5791142,0.7810417,0.001850216,0.09343866,0.2468883,0.9209132,0.01387859,0.9773443,0.765276,0.07314051,0.0335932,0.9111758,0.8921067,0.150216,0.9763598,0.9095002,0.3956548,0.9347058,0.8377302
"PDD24",0.9597212,0.7174336,0.9650406,0.962041,0.6772702,0.8537454,0.3684733,0.9867491,0.9440688,0.9635497,0.4680049,0.6652158,0.8458748,0.8923032,0.9622855,0.9866396,0.9517256,0.8973942,0.9433608,0.3513026,0.5401959,0.01013225,0.8560929,0.9845548,0.9590257,0.9913362,0.9284066,0.750273,0.7850398,0.912494,0.6579377,0.863501,0.953438,0.8355269,0.8346125,0.01639164,0.08194755,0.2884135,0.9694946,0.004971933,0.9828416,0.8931281,0.08446725,0.04246153,0.9412379,0.9190525,0.1363285,0.9786145,0.9495061,0.497394,0.9545493,0.9306218
"CTRL19",0.9479622,0.6524948,0.917016,0.9649207,0.6247148,0.7101107,0.4512703,0.9634006,0.9592428,0.9056962,0.4899526,0.5029245,0.7675149,0.8851343,0.9673851,0.9543088,0.9514218,0.8544951,0.8764253,0.4194347,0.5847682,0.01462599,0.8912855,0.9665472,0.9501467,0.9804725,0.8966886,0.8536419,0.7047151,0.9194795,0.5874977,0.8550036,0.9727649,0.8671264,0.722893,0.01059906,0.1302548,0.3009049,0.8739202,0.004713805,0.973411,0.8185007,0.1526387,0.1056351,0.9103268,0.8053061,0.22154,0.976014,0.9440371,0.4450554,0.918635,0.8438274
"PDD13",0.9667709,0.7932007,0.9315427,0.981057,0.5517258,0.6767216,0.5689632,0.9805219,0.9549876,0.9513294,0.396722,0.5490197,0.8031722,0.8860763,0.9891706,0.9580283,0.8673291,0.8967453,0.9150846,0.4213697,0.7390708,0.01142143,0.8470677,0.9984838,0.9601518,0.9735801,0.9054418,0.8589844,0.7261005,0.8903322,0.6983133,0.8046898,0.9689152,0.7192916,0.7048204,0.001762758,0.07674102,0.3639655,0.8993093,0.0087934,0.9746732,0.7783493,0.2063225,0.1591905,0.9299098,0.7970607,0.1615317,0.9718206,0.9495525,0.4497506,0.9133827,0.7970073
"CTRL43",0.948356,0.6983404,0.9568936,0.9543296,0.5636676,0.7000194,0.3986458,0.9502078,0.9488122,0.9372238,0.4533283,0.6448387,0.7527374,0.8048439,0.9771365,0.9487464,0.9075919,0.9262721,0.9199549,0.3006935,0.5399177,0.02595916,0.8512673,0.9815363,0.9466124,0.9885311,0.9073637,0.8739939,0.7061607,0.8333361,0.648214,0.9165504,0.9846521,0.7136648,0.6494375,0.001700287,0.09953991,0.2917188,0.9560753,0.007245658,0.9743504,0.8310841,0.1133316,0.04995427,0.9483253,0.8512072,0.1702405,0.9880034,0.9321343,0.4089003,0.9444818,0.876388
"DLB11",0.9767151,0.7134921,0.9619498,0.974604,0.6427266,0.6874513,0.5131047,0.9536582,0.9569996,0.9472628,0.4681844,0.6203312,0.8291879,0.8230714,0.9700539,0.9762475,0.9230054,0.9039946,0.9413461,0.3660542,0.5191553,0.01204285,0.8459094,0.9798787,0.9558275,0.9876874,0.854626,0.9027361,0.6611864,0.8968428,0.6433572,0.8809199,0.9700581,0.792555,0.771871,0.005000913,0.09815901,0.17849,0.9425486,0.006255585,0.9811155,0.8999168,0.1012233,0.03530495,0.9457093,0.9028055,0.1705218,0.9803213,0.9036955,0.4496769,0.9198845,0.8532365
"PDD58",0.9579058,0.7546902,0.9315341,0.9656882,0.656623,0.738258,0.4729783,0.9576216,0.9513672,0.9021228,0.4420151,0.6135021,0.7230581,0.8023059,0.9629183,0.9688808,0.9546692,0.905088,0.9196742,0.35304,0.5444908,0.01003026,0.8535865,0.9796339,0.9464824,0.9830693,0.9231815,0.8502635,0.740073,0.8650279,0.7148368,0.8857538,0.9554504,0.8314744,0.682361,0.005264725,0.1303608,0.2844086,0.912981,0.007645372,0.9578723,0.8419768,0.07293762,0.0617614,0.9417683,0.8552644,0.1865084,0.976373,0.8938183,0.4443959,0.9446091,0.9049006
"CTRL42",0.9541603,0.7009244,0.8825668,0.9640023,0.6089374,0.7380956,0.5185748,0.9310911,0.952211,0.9214138,0.4622659,0.5652949,0.7389791,0.8472606,0.973518,0.9566221,0.951195,0.8637178,0.9274542,0.3920583,0.568,0.009970512,0.8817527,0.9837124,0.9624882,0.9832219,0.90321,0.8374251,0.6785625,0.9175082,0.6866367,0.8916441,0.9674663,0.8388912,0.676063,0.005405104,0.1540616,0.3106466,0.8937776,0.01645179,0.9775546,0.8094699,0.09684838,0.1076328,0.9616615,0.8955091,0.1814984,0.9875896,0.9426514,0.4403579,0.9014481,0.883695
"PDD53",0.9444472,0.6880042,0.9123721,0.9455001,0.6152721,0.7477254,0.3415001,0.9477075,0.9767188,0.9433335,0.4874905,0.4915642,0.7279698,0.8837399,0.9755058,0.9706349,0.9429368,0.9087449,0.9067614,0.3246789,0.465061,0.01437507,0.8910338,0.9857023,0.9588926,0.9888983,0.8964502,0.7944111,0.7554069,0.930708,0.7119107,0.8938166,0.9758925,0.8377644,0.7640414,0.004264571,0.1869159,0.3019967,0.8610121,0.01124538,0.9717303,0.8249967,0.1427099,0.08037599,0.944424,0.8378172,0.1888115,0.9797918,0.9460261,0.357999,0.9492416,0.8376137
"PD40",0.9756035,0.7181846,0.9451338,0.9626194,0.5646843,0.7033248,0.4007267,0.9442977,0.9689685,0.9311311,0.4501536,0.6382972,0.7163698,0.8640815,0.9713312,0.9481382,0.9540229,0.8881747,0.8759302,0.3676691,0.5423806,0.01349096,0.8913251,0.9900267,0.9627549,0.9884354,0.9182899,0.79175,0.6999623,0.9201625,0.6545068,0.889866,0.9765978,0.8402954,0.6546523,0.007846897,0.182511,0.3124808,0.8668883,0.003138268,0.9719691,0.8658049,0.07615213,0.09070156,0.9481561,0.8723593,0.1686469,0.9724626,0.9349641,0.4663825,0.9143414,0.9058472
"PDD44",0.9663109,0.7142098,0.9462281,0.969597,0.6278086,0.6783255,0.431342,0.9643909,0.9176972,0.9553541,0.4040383,0.441991,0.7571339,0.8886128,0.9473689,0.9867954,0.8724197,0.8843879,0.8903203,0.3355503,0.526072,0.02445886,0.8865165,0.9811181,0.9561216,0.9771132,0.8802481,0.7916886,0.581615,0.8460282,0.7207606,0.8938719,0.9576364,0.8977181,0.7234647,0.0004869798,0.1012364,0.2190179,0.8963504,0.01109021,0.9724491,0.8334964,0.05116605,0.09824459,0.9226554,0.883755,0.16609,0.9806484,0.9374627,0.4574242,0.9146756,0.8621616
"PD6",0.9412557,0.6192223,0.9647628,0.9402968,0.5965307,0.7400508,0.3296385,0.9779238,0.9420865,0.9424681,0.4706811,0.4741196,0.7804456,0.9123628,0.9520819,0.9806003,0.9522307,0.917961,0.9224766,0.3451039,0.5984977,0.03132073,0.8837485,0.9528303,0.9695942,0.9876269,0.8944702,0.8093151,0.7548007,0.8819317,0.4279724,0.9361239,0.9553897,0.7390151,0.7674827,0.0077195,0.1238007,0.2963212,0.9312175,0.01390465,0.9523925,0.9379538,0.07305964,0.07753814,0.9577902,0.9139212,0.1156984,0.9698277,0.9752771,0.405529,0.9330439,0.8161492
"CTRL1",0.9730434,0.7009741,0.948985,0.9348198,0.6568604,0.7245211,0.5209454,0.9589908,0.9581076,0.9388492,0.4626773,0.5008026,0.7977655,0.9272932,0.9523551,0.971912,0.9206681,0.8859636,0.9454083,0.4091097,0.5426683,0.01691642,0.8742688,0.9830436,0.9526831,0.9816145,0.8734405,0.856483,0.6842294,0.8783505,0.5379467,0.8987833,0.9724157,0.7247754,0.7980057,0.0061535,0.1118385,0.3706852,0.9395569,0.01163095,0.9664163,0.8557424,0.1276314,0.08668514,0.9435892,0.8447639,0.1947838,0.9571975,0.9525408,0.4698848,0.888926,0.9221044
"PD35",0.9250577,0.7645046,0.9288591,0.9765893,0.5508781,0.6851095,0.4239665,0.9303344,0.9747955,0.9257625,0.4299042,0.5080109,0.7088594,0.8464405,0.9767924,0.9662747,0.9132291,0.8948416,0.9136288,0.2969499,0.5563182,0.01884125,0.8584495,0.992441,0.9668506,0.9898188,0.9252229,0.8419612,0.7000969,0.8831853,0.6594179,0.8709027,0.9532542,0.8443236,0.7171891,0.001651196,0.1307312,0.2988701,0.8722257,0.007726796,0.9575233,0.8108125,0.0870208,0.1018931,0.9414873,0.8560112,0.1832972,0.9768147,0.9475956,0.4865335,0.9399122,0.8284897
"PDD41",0.971571,0.6769341,0.9182965,0.9361978,0.590053,0.6784857,0.3982774,0.9631984,0.9663697,0.8988592,0.3767502,0.4471183,0.7402599,0.9218925,0.986472,0.9389819,0.9308702,0.8689285,0.8971363,0.328401,0.4502417,0.009475131,0.8407335,0.9933941,0.9371615,0.9796121,0.8751777,0.7863692,0.5693793,0.9423774,0.6255099,0.8854983,0.9894989,0.8977966,0.6711919,0.006523508,0.1251932,0.2976406,0.883029,0.005934718,0.9556906,0.8200494,0.1045622,0.1153247,0.9246139,0.8601915,0.16465,0.9655907,0.9359844,0.3169273,0.9228073,0.8056086
"PDD70",0.9286722,0.7233073,0.9110749,0.9582867,0.5669805,0.7088684,0.3682175,0.9584829,0.948402,0.9189969,0.5015765,0.5255189,0.7763661,0.8527873,0.9757959,0.9354623,0.948935,0.939343,0.9372285,0.2722729,0.5341009,0.009445699,0.8417772,0.9886707,0.9450476,0.9832306,0.8988252,0.7685471,0.7026062,0.9090256,0.7216891,0.923866,0.9507992,0.8718769,0.6677194,0.0017547,0.1556705,0.2326929,0.8117577,0.006742739,0.9774693,0.8955713,0.1117075,0.04738297,0.9429184,0.8610372,0.1621319,0.9748271,0.9600652,0.3664949,0.956056,0.8968839
"PD59",0.9648649,0.6492007,0.9582687,0.9439646,0.5679834,0.675899,0.353172,0.9360231,0.9505357,0.9163113,0.4215721,0.5059335,0.7348463,0.7909806,0.9798595,0.9599194,0.9569138,0.9011252,0.9192967,0.348084,0.3918473,0.008310308,0.8884974,0.9811208,0.9553672,0.972341,0.8760835,0.7946468,0.6346846,0.9438991,0.5145503,0.7993774,0.9608112,0.7956138,0.67698,0.0046206,0.131036,0.235343,0.9058228,0.01103434,0.9694981,0.8236779,0.1186585,0.02249343,0.943931,0.8825443,0.1573624,0.9658377,0.9501808,0.4025986,0.9095763,0.8903973
"PDD28",0.9487981,0.707069,0.9394643,0.9646898,0.5786917,0.6525651,0.3985895,0.9803563,0.9689719,0.9376156,0.4242612,0.4512271,0.4687423,0.8832532,0.979484,0.9780674,0.8697455,0.9016008,0.8925367,0.3688223,0.6622384,0.01098769,0.8415344,0.9852953,0.966997,0.993505,0.9112877,0.8946893,0.7220154,0.8724245,0.5846777,0.8646064,0.9626003,0.7297417,0.6732647,0.002281903,0.07537517,0.414136,0.9677767,0.008042066,0.9882009,0.8844378,0.108741,0.1074003,0.9582561,0.8807514,0.108545,0.9831273,0.9650044,0.4727167,0.9411366,0.7286536
"CTRL78",0.9577981,0.6766856,0.9399969,0.9352848,0.5404591,0.7460487,0.5131268,0.965695,0.9369187,0.9222576,0.4175612,0.5226517,0.8119992,0.8193164,0.9559879,0.9722156,0.929208,0.9184806,0.90756,0.3642767,0.6880445,0.02824863,0.8047267,0.9733059,0.9665587,0.9908509,0.8972013,0.8273153,0.7527593,0.91159,0.6139119,0.9238208,0.9586204,0.7179724,0.7417017,0.01074887,0.09792355,0.2245206,0.9392818,0.01211034,0.9645459,0.8903659,0.1179148,0.100763,0.9068233,0.8743471,0.1981529,0.9738663,0.9471453,0.4768017,0.8624682,0.8110076
"CTRL64",0.9596198,0.6396345,0.9651616,0.9660354,0.5444023,0.611075,0.342548,0.9658915,0.9360435,0.9272862,0.3752231,0.5344655,0.7212652,0.7900848,0.9770208,0.9360793,0.9203497,0.9133753,0.9678818,0.2669514,0.5415682,0.01742067,0.7822649,0.992449,0.9411571,0.983818,0.9159789,0.8604431,0.638186,0.9111111,0.6093024,0.8056363,0.9597608,0.6053827,0.6241865,0.005624985,0.1131929,0.2229436,0.9343431,0.01379827,0.9500554,0.8381561,0.05447535,0.06449414,0.9334849,0.8749139,0.1201563,0.9551702,0.9215465,0.4254408,0.9380757,0.8336512
"PD48",0.958727,0.7088011,0.9440798,0.9664034,0.6055629,0.7235254,0.3645901,0.9612231,0.9422216,0.8871813,0.4393993,0.5650163,0.6595104,0.7821762,0.9755319,0.9587897,0.9353764,0.8668685,0.9023494,0.3604363,0.529479,0.01130632,0.8462523,0.9858518,0.9595266,0.9789853,0.9373449,0.78346,0.6922261,0.8597063,0.6452972,0.8213189,0.9681092,0.8131321,0.5876516,0.006044179,0.1438463,0.2764463,0.9272845,0.009590918,0.9503362,0.833987,0.1085749,0.06324283,0.9427322,0.8596855,0.1273108,0.9695677,0.8862164,0.3587704,0.9433528,0.8488979
"PD21",0.9710459,0.700624,0.9576976,0.9577572,0.6722566,0.6882222,0.4793783,0.9752034,0.9532169,0.9490979,0.410781,0.4780355,0.7937232,0.8987004,0.9766274,0.9540449,0.9394825,0.8975804,0.9193961,0.3835613,0.5158004,0.008418743,0.8845936,0.9701163,0.9356504,0.9878697,0.8717291,0.8038636,0.6722073,0.8884395,0.6973839,0.8498517,0.9762267,0.8105983,0.7668156,0.01140605,0.1311258,0.3381413,0.9134957,0.007804972,0.9805267,0.8427368,0.09436911,0.1229676,0.9392949,0.8662742,0.182967,0.9785209,0.9366203,0.3837827,0.9399156,0.8096781
"CTRL95",0.966454,0.7509477,0.9164791,0.9778052,0.5941069,0.7411184,0.4391534,0.918381,0.9500462,0.9046048,0.4790073,0.5262968,0.778034,0.8071612,0.9829421,0.9631128,0.9219974,0.8935575,0.8551714,0.3763169,0.6548332,0.01377524,0.8664612,0.9787898,0.9744639,0.9723804,0.9266937,0.8858948,0.6768374,0.8786464,0.7344715,0.8551157,0.9653131,0.8787111,0.726157,0.005751526,0.08208238,0.2592657,0.9208185,0.002013943,0.9547707,0.8002148,0.1475017,0.06476876,0.9434753,0.8699639,0.1950165,0.958981,0.9287262,0.4807426,0.9209931,0.8605141
"CTRL57",0.9249796,0.7413579,0.9155072,0.9696227,0.6185948,0.69518,0.3229579,0.9523326,0.9669857,0.9082367,0.4066056,0.6113165,0.769855,0.7963321,0.9783988,0.9668959,0.9525555,0.8640412,0.922702,0.324077,0.5394749,0.01065432,0.8717521,0.9895326,0.9650739,0.989917,0.8950604,0.8765414,0.6844239,0.8963861,0.7171403,0.8831608,0.9734898,0.8027998,0.7182011,0.001833336,0.1007411,0.2672784,0.9441094,0.004254164,0.9746695,0.887196,0.09324759,0.06101377,0.9505212,0.859794,0.1212255,0.97315,0.9332169,0.4434283,0.9331125,0.8982674
"PDD30",0.9461423,0.6859256,0.9338584,0.930833,0.6131358,0.691248,0.3564877,0.9631885,0.9426818,0.9217632,0.480306,0.5077172,0.7627771,0.8956753,0.9802087,0.9807452,0.9610659,0.9260366,0.8550454,0.314083,0.4449429,0.02269219,0.8860361,0.9712356,0.9520677,0.9757851,0.896768,0.8084524,0.6283185,0.8889978,0.655361,0.8780133,0.9758657,0.7461833,0.6763688,0.005635443,0.1820647,0.1982197,0.9047019,0.001549267,0.9647094,0.8287372,0.1285392,0.06801128,0.9314368,0.9319161,0.2106406,0.9769908,0.954517,0.3534239,0.9537729,0.8656271
"PDD22",0.9655979,0.6283073,0.9654517,0.9660942,0.6017085,0.713868,0.4665195,0.9800062,0.9701175,0.9633463,0.4765281,0.4171405,0.7890377,0.9394961,0.9893113,0.9743866,0.9434879,0.9209878,0.9012372,0.3168316,0.3645388,0.007544991,0.8597029,0.9733021,0.9525438,0.9887573,0.9004685,0.8093892,0.6723108,0.936533,0.6636952,0.9285039,0.9757288,0.8970971,0.7998289,0.000877611,0.1178227,0.332689,0.9158606,0.01135598,0.9854815,0.8528611,0.1577442,0.1094461,0.9001422,0.8376797,0.2021131,0.986263,0.9468913,0.3510652,0.9475095,0.8712968
"DLB15",0.9649447,0.6888506,0.9510041,0.9422755,0.546587,0.6328232,0.4122582,0.9540207,0.929242,0.9485231,0.3804289,0.406747,0.7913801,0.8688389,0.9796847,0.9500413,0.8776973,0.8336818,0.8861694,0.277774,0.5784876,0.02141224,0.8802568,0.9643135,0.9617984,0.9785385,0.8446696,0.8531223,0.5869115,0.8809775,0.747203,0.9244674,0.9713277,0.8286192,0.7811515,0.01572267,0.08262436,0.2853319,0.8449564,0.0235732,0.9520048,0.8321499,0.1069667,0.1355142,0.5083511,0.852485,0.1848743,0.9495268,0.9404409,0.2828699,0.9322688,0.755469
"PD50",0.970829,0.7439557,0.916528,0.9599682,0.6194418,0.7290927,0.3797209,0.9651875,0.9709023,0.9262178,0.4472462,0.6028304,0.7318107,0.8490408,0.9776607,0.9641774,0.9565707,0.9264087,0.9329761,0.302571,0.5031956,0.0103971,0.9141589,0.9827238,0.9595974,0.9830991,0.9214092,0.8394612,0.6365729,0.8747086,0.5767504,0.8767868,0.9774808,0.8425726,0.6631238,0.001988049,0.1112757,0.2751332,0.9067404,0.01008386,0.9628288,0.8185026,0.0865891,0.08507448,0.9373989,0.8827513,0.1337322,0.9850546,0.9412709,0.4016757,0.9433886,0.8504362
"CTRL29",0.9668785,0.5318869,0.9318551,0.9177673,0.5845625,0.7120716,0.2641224,0.9387856,0.957917,0.9283147,0.4170671,0.3498506,0.6665052,0.9030278,0.991547,0.9689142,0.9607017,0.9052221,0.7361741,0.2569257,0.1671498,0.01015979,0.8281697,0.9921306,0.9425179,0.9709145,0.8225487,0.6998124,0.566224,0.9261363,0.5818113,0.9119031,0.9589231,0.850367,0.6424524,0.007052803,0.2470497,0.2411036,0.8406361,0.0007902461,0.9727197,0.784768,0.0771445,0.05808985,0.935173,0.710782,0.1274348,0.9805257,0.9465067,0.2786176,0.9112853,0.7972608
"PDD54",0.9530057,0.7569127,0.9481418,0.9855992,0.6808575,0.6995631,0.4692954,0.9613835,0.9496837,0.9286887,0.4417492,0.4949488,0.7568279,0.8809447,0.9595885,0.966908,0.9437202,0.8611459,0.9230432,0.3513084,0.4327809,0.01062343,0.8996498,0.9862086,0.9406083,0.9792541,0.9086451,0.8115298,0.6477794,0.9145396,0.7475216,0.8872837,0.9445557,0.8503016,0.7417133,0.004143967,0.09198923,0.2972289,0.8793862,0.003584586,0.9673658,0.8573335,0.1052588,0.1873171,0.936251,0.8145804,0.1920138,0.9788334,0.9473137,0.33027,0.9458044,0.855278
"PDD27",0.9392301,0.6629053,0.9338239,0.9711641,0.5593369,0.800052,0.384039,0.9107504,0.9636149,0.9198253,0.5107241,0.570938,0.7588487,0.8050607,0.9792014,0.97565,0.9334648,0.9485475,0.9030891,0.3925982,0.4281212,0.01732347,0.8584909,0.9766409,0.9562968,0.9837961,0.9458278,0.8144967,0.725557,0.8766813,0.6474808,0.8234586,0.9626802,0.7796828,0.7824013,0.005613654,0.08196203,0.351627,0.9349612,0.006331117,0.9725382,0.8309317,0.146342,0.05166982,0.9585276,0.8949013,0.1873094,0.984341,0.9634756,0.3978485,0.9527135,0.9132623
"DLB24",0.9603569,0.6745005,0.9378102,0.9667369,0.6474947,0.6818297,0.5526956,0.9603677,0.9312148,0.9496262,0.4586238,0.3841049,0.7455235,0.9282381,0.9730935,0.964144,0.9433273,0.8366258,0.9230598,0.3571539,0.4252501,0.01998269,0.8532879,0.9838603,0.9380174,0.9750174,0.8288777,0.7999903,0.6039024,0.952465,0.6553366,0.909278,0.9714841,0.8994733,0.6951971,0.000786977,0.1027875,0.2874462,0.8634615,0.02119327,0.948728,0.8274628,0.1166748,0.08801299,0.9285004,0.8216249,0.202692,0.9666607,0.9312915,0.304802,0.9500345,0.8557075
"PD23",0.9692233,0.6777293,0.9476509,0.9430869,0.5936257,0.8009343,0.3055283,0.9791966,0.9719673,0.9196957,0.489614,0.5961494,0.7873921,0.8248868,0.9888469,0.9776122,0.944562,0.8931856,0.8825764,0.2652603,0.4622927,0.009193433,0.8891114,0.983213,0.9696298,0.9939628,0.8909731,0.8011346,0.7013625,0.9251142,0.6085415,0.8728582,0.9792396,0.7814642,0.7446166,0.006155226,0.1123327,0.2339285,0.8928579,0.01276371,0.9739742,0.8597542,0.08349567,0.08843934,0.9564238,0.859795,0.1627855,0.965986,0.9562865,0.4261608,0.952589,0.8792157
"PD30",0.9519379,0.7444362,0.9176784,0.9688452,0.5770261,0.7475629,0.440772,0.936379,0.9459452,0.921298,0.4679978,0.4166679,0.7481327,0.816406,0.9839565,0.9744827,0.9404874,0.865069,0.8739131,0.3383161,0.5837408,0.01181641,0.8227736,0.9732682,0.9476835,0.9781144,0.9097586,0.807468,0.7076942,0.9016982,0.7059837,0.8930489,0.9511612,0.7953003,0.7272618,0.005647891,0.128162,0.3376851,0.9130424,0.01355774,0.962208,0.8152185,0.08003571,0.05349902,0.9150714,0.8793336,0.1618463,0.9588156,0.9183476,0.4451317,0.9428077,0.8618344
"PDD15",0.930142,0.6653586,0.9398281,0.9600102,0.7131103,0.7248627,0.4336659,0.9759104,0.9706547,0.943372,0.4552319,0.4713438,0.7841792,0.8897191,0.9582908,0.9557924,0.9179535,0.9064904,0.9047741,0.2808482,0.3625269,0.02106591,0.9116084,0.9744668,0.9557123,0.9865026,0.9328839,0.7944866,0.7213795,0.8583671,0.5425654,0.8839174,0.96355,0.6957574,0.6843321,0.008098287,0.1268207,0.2660558,0.9389546,0.02080344,0.9711821,0.9011533,0.09016278,0.102751,0.9499938,0.9026325,0.1212967,0.9597155,0.9304538,0.3583963,0.9438068,0.8624181
"CTRL50",0.9525719,0.708338,0.9281776,0.9658545,0.6049214,0.7003633,0.4097125,0.9629164,0.9819196,0.9414412,0.5019864,0.5332374,0.7712921,0.9054362,0.9976875,0.9657114,0.9690723,0.8698182,0.8837459,0.3315036,0.5168874,0.01186879,0.8086214,0.990645,0.9739401,0.9793549,0.8817034,0.767908,0.6619073,0.9357494,0.6928349,0.8839917,0.9716782,0.786671,0.7021437,0.004193411,0.1333564,0.2852449,0.8995022,0.01114907,0.978967,0.8224184,0.0842698,0.07415445,0.9546456,0.8093671,0.1704324,0.9716265,0.9417989,0.350695,0.9312812,0.8471877
"CTRL93",0.936956,0.7612188,0.9132955,0.966042,0.5560035,0.753384,0.3967337,0.9414065,0.9584238,0.9431649,0.4643536,0.6094943,0.7648337,0.8249639,0.9879278,0.963314,0.9505871,0.9191255,0.9456765,0.3965703,0.5123775,0.009057828,0.8257356,0.9828434,0.9540881,0.986131,0.925489,0.7923571,0.7240122,0.934622,0.6373995,0.7980292,0.9725332,0.7230323,0.6789678,0.001449356,0.1363744,0.3419107,0.9019544,0.007456504,0.9633164,0.79376,0.1004046,0.03518401,0.9492411,0.7978985,0.1349554,0.9644926,0.9441255,0.4478971,0.8889598,0.933429
"PDD35",0.9692166,0.7056873,0.9215452,0.9676105,0.4703185,0.675545,0.4736737,0.9589471,0.9752864,0.9570467,0.3891977,0.5369344,0.7916429,0.8166948,0.9758611,0.9528475,0.9143055,0.8907994,0.9040854,0.3767779,0.510143,0.0142236,0.884675,0.9831343,0.9656292,0.9826533,0.8833955,0.8431341,0.7447029,0.8754141,0.5713006,0.7866719,0.9576756,0.9133069,0.6919217,0.00278615,0.08845303,0.3108096,0.913266,0.01273311,0.9727342,0.8073764,0.106482,0.1115399,0.8944537,0.826461,0.1281122,0.9872062,0.943848,0.4130283,0.9036108,0.7868949
"CTRL73",0.9222372,0.6763996,0.9363414,0.9521799,0.5665683,0.7002149,0.352827,0.9715183,0.9494528,0.9298633,0.4132278,0.4714245,0.7713313,0.7117908,0.958757,0.9711422,0.9490141,0.8824077,0.9040122,0.3079256,0.4367892,0.01501294,0.9130078,0.9934104,0.9532546,0.9909595,0.8660657,0.8531475,0.6174994,0.7982033,0.7016177,0.8378568,0.9564759,0.7109428,0.6552676,0.003471207,0.1111111,0.1680983,0.8888994,0.009946602,0.9821714,0.8215262,0.1062044,0.0651067,0.936577,0.8722535,0.1501188,0.9753652,0.9371503,0.4028105,0.9352262,0.8481233
"PDD6",0.9830495,0.7357606,0.9313731,0.9762044,0.546658,0.7096578,0.5677782,0.9494271,0.9610723,0.9575013,0.3990806,0.4558039,0.7771029,0.948846,0.9784783,0.9436743,0.8487538,0.9240289,0.8963976,0.3639077,0.6463772,0.009358212,0.9237148,0.9812903,0.9473049,0.9841884,0.9239227,0.8087931,0.773578,0.9004953,0.6896933,0.8900688,0.9768969,0.8348859,0.7481882,0.002720615,0.1167163,0.4009066,0.9077319,0.006316767,0.9738981,0.8056164,0.1144833,0.2084743,0.8974754,0.8315444,0.1816469,0.9843389,0.9566803,0.4395692,0.9097554,0.6796281
"CTRL13",0.95642,0.6620391,0.9057522,0.9679551,0.5157264,0.5976369,0.41714,0.9449162,0.9549181,0.8259529,0.4175717,0.5343182,0.7344076,0.794044,0.9863696,0.9824135,0.9574767,0.8303694,0.8490366,0.3683841,0.4514461,0.01320699,0.846779,0.9943578,0.9657694,0.9752495,0.8909024,0.8030257,0.6443754,0.9145428,0.652564,0.8087931,0.9698164,0.7291545,0.6082684,0.003630393,0.163585,0.2134494,0.891339,0.01229793,0.9640131,0.8069846,0.1218092,0.07530939,0.9513435,0.8178301,0.1424204,0.9743737,0.9370044,0.3883582,0.9078557,0.8619978
"PDD73",0.9740793,0.7604459,0.9613885,0.9513718,0.6904101,0.7492496,0.4363905,0.9879216,0.9674329,0.9507983,0.4479388,0.5567002,0.8029053,0.846898,0.9688353,0.967768,0.9704652,0.9405662,0.9413278,0.3185009,0.5260952,0.009841815,0.9013906,0.9634559,0.9763533,0.9871656,0.9303175,0.8254986,0.680705,0.8866775,0.54466,0.9282606,0.9693123,0.8138755,0.8259803,0.008083192,0.0670178,0.2567481,0.9512731,0.007470165,0.9816859,0.9373496,0.05876398,0.07373024,0.9439176,0.9424773,0.1665089,0.9737544,0.9709954,0.4503798,0.9667369,0.9342914
"CTRL81",0.9339611,0.6572741,0.9111866,0.9633715,0.559404,0.7427047,0.3324501,0.9463902,0.9386017,0.9343584,0.4677913,0.5569603,0.7683587,0.8151002,0.9754316,0.976004,0.9368468,0.8439256,0.9095855,0.3500439,0.4632181,0.01038046,0.8624464,0.9867615,0.970591,0.9857769,0.9198351,0.8238712,0.7284902,0.8677742,0.6436879,0.7954181,0.973817,0.7914587,0.6528503,0.01033213,0.1334744,0.3282513,0.8769079,0.007020152,0.9834444,0.7795016,0.0836509,0.03889202,0.959761,0.8260384,0.1628031,0.9666711,0.9417792,0.4331522,0.9054392,0.8911534
"CTRL33",0.9347192,0.6614031,0.9041689,0.9808221,0.6757018,0.7874112,0.4483298,0.9645915,0.9705853,0.8891257,0.4685064,0.5685424,0.4208594,0.8468059,0.9733856,0.9663844,0.9543531,0.8786186,0.8930087,0.3681859,0.5647897,0.0147507,0.8275211,0.9808646,0.9673464,0.9775358,0.9086778,0.8463175,0.6710311,0.8927751,0.6455566,0.9027759,0.964212,0.7139772,0.6491734,0.00208204,0.1218366,0.2725954,0.9102948,0.006169793,0.9554329,0.8137332,0.1209541,0.05149931,0.9419799,0.8853904,0.1643842,0.9626466,0.8994367,0.4422103,0.8904143,0.843557
"PDD49",0.9748451,0.6615423,0.9237777,0.9349129,0.6087916,0.6578445,0.3759851,0.9493296,0.9496308,0.9380455,0.4397006,0.4740872,0.6956638,0.9036298,0.9473267,0.9649758,0.8984917,0.8522087,0.9133396,0.2733204,0.3795584,0.003060199,0.8649225,0.9813397,0.9557483,0.9698865,0.8404838,0.7669742,0.5349142,0.9672153,0.7374818,0.9100311,0.9609582,0.8453053,0.7057333,0.01024391,0.1740581,0.1979716,0.8022268,0.006821282,0.975435,0.824681,0.1282442,0.1232969,0.4819736,0.8374344,0.1607377,0.9631382,0.9083993,0.2360753,0.9428193,0.8418184
"PD27",0.9642831,0.7520254,0.9070984,0.9633558,0.5939185,0.7068032,0.4043946,0.9750971,0.941296,0.9286202,0.4848884,0.4354224,0.7684094,0.9026633,0.9673418,0.9582739,0.9555879,0.9086002,0.8834156,0.4004929,0.4199732,0.01939218,0.8379658,0.9729809,0.9573263,0.9781116,0.9060349,0.7616203,0.6613491,0.8439703,0.6632385,0.8416056,0.9800814,0.7784897,0.6892718,0.003953523,0.1122355,0.327953,0.8945793,0.01162547,0.9847902,0.8159095,0.1423466,0.07550882,0.9282036,0.7825498,0.1552324,0.9765832,0.9407107,0.4342792,0.9196714,0.9010766
"PDD4",0.9493901,0.7078142,0.9324419,0.9550974,0.6681315,0.7166333,0.4906444,0.9662988,0.9468701,0.9409924,0.4779333,0.5056752,0.7593854,0.8768187,0.9470724,0.9563493,0.8919456,0.9075761,0.9181673,0.3430839,0.5236028,0.02205151,0.9052682,0.945354,0.9485435,0.9688393,0.9017909,0.8719737,0.7484251,0.8701369,0.6320097,0.9109519,0.9486866,0.7837587,0.7752306,0.01111431,0.1470588,0.3193176,0.9380832,0.02475309,0.9400008,0.8578383,0.109619,0.1379218,0.9423939,0.9110359,0.2474444,0.9373783,0.9565079,0.3624808,0.9473706,0.8078527
"PD58",0.9664595,0.7164503,0.9270865,0.9819207,0.6567292,0.7681426,0.4146743,0.9718319,0.9494089,0.9485151,0.4542527,0.5120686,0.7784187,0.865123,0.9727425,0.9813278,0.9569836,0.9101803,0.8965684,0.3497133,0.4675049,0.0009200491,0.9203476,0.9778247,0.9577613,0.9842076,0.8749174,0.8086352,0.6619919,0.9369227,0.7360584,0.9101033,0.9767669,0.8221914,0.782448,0.003977311,0.1240754,0.314324,0.9066153,0.008723088,0.9752826,0.8611736,0.1538507,0.1017786,0.9168665,0.8766087,0.1489952,0.995775,0.9300303,0.3345113,0.9519548,0.8700127
"CTRL85",0.9444244,0.644826,0.9194476,0.9446424,0.6492734,0.6539839,0.4102815,0.9739185,0.9474116,0.9429933,0.4398385,0.3480181,0.763692,0.912698,0.9686541,0.9646452,0.9465635,0.8272763,0.9183115,0.2413331,0.4555666,0.01587174,0.8773147,0.9809953,0.9361576,0.977933,0.8840152,0.8335346,0.7291142,0.8435465,0.6811803,0.9105314,0.976608,0.8204091,0.7076016,0.006989102,0.1408659,0.1924987,0.8615663,0.01392954,0.9765525,0.8760374,0.07498166,0.04566259,0.9578484,0.9093746,0.1433255,0.9819576,0.9087315,0.3105728,0.9610062,0.8668096
"PD52",0.9711324,0.5961472,0.9402919,0.9226341,0.6134434,0.6448519,0.358854,0.9746846,0.9606988,0.949611,0.4909216,0.3873194,0.7667204,0.9352699,0.987365,0.9671678,0.950611,0.9198757,0.8990401,0.3367151,0.4858659,0.006219019,0.8909955,0.9886247,0.9653119,0.9787377,0.8753857,0.8110216,0.63242,0.9252584,0.6618162,0.8819227,0.968193,0.844627,0.7591302,0.004350584,0.1564093,0.2503066,0.8893378,0.008519318,0.9660432,0.816085,0.1164951,0.0932208,0.9370711,0.7661754,0.1590553,0.9884046,0.9466756,0.3448244,0.9448245,0.8619994
"PD60",0.9648916,0.7769313,0.9717857,0.9501158,0.6305316,0.7090056,0.4339732,0.9608191,0.959038,0.9126728,0.3841917,0.4974618,0.8066635,0.8137548,0.9876923,0.9420468,0.9298191,0.817581,0.9212405,0.3496385,0.5667007,0.01281719,0.8651506,0.988855,0.9619015,0.9863104,0.8681084,0.8576553,0.6831944,0.8839984,0.7217272,0.9000654,0.9724575,0.8005883,0.7243294,0.007032067,0.09346864,0.2399919,0.9505193,0.007532627,0.9859399,0.8912427,0.05477239,0.1046643,0.9201739,0.8592372,0.1582542,0.9806137,0.9459827,0.3643932,0.9293551,0.8141673
"PD61",0.9710488,0.6861185,0.9236826,0.9782993,0.6235771,0.6278296,0.2743265,0.9709394,0.9464373,0.9035741,0.421734,0.5117648,0.7305399,0.8831147,0.9652827,0.9791123,0.964315,0.85365,0.9332183,0.2938685,0.5194194,0.01130038,0.871157,0.9849783,0.9521779,0.9869581,0.9257811,0.7985828,0.6332673,0.8485547,0.626403,0.8157976,0.9790714,0.8184919,0.7043041,0.003883872,0.1516401,0.16975,0.8789103,0.01058247,0.9773622,0.7849177,0.09012204,0.05587862,0.9486542,0.8516137,0.1575329,0.9733496,0.9564589,0.3425571,0.9111954,0.8223185
"CTRL11",0.9723068,0.5923826,0.9451969,0.9598126,0.6231595,0.7570106,0.3256257,0.9631972,0.954301,0.934216,0.5062873,0.4754796,0.7639806,0.8865523,0.989567,0.9802565,0.9473253,0.9062338,0.9145797,0.3584968,0.5321492,0.01119633,0.9233786,0.9871777,0.9503772,0.9865569,0.9052781,0.8373493,0.6449904,0.9125966,0.6520364,0.9093595,0.9567557,0.8837037,0.8055513,0.008473348,0.1873224,0.2705116,0.8492682,0.005106127,0.9692239,0.7956025,0.1080421,0.06081874,0.9405575,0.8387246,0.1770244,0.987614,0.965624,0.464559,0.9240205,0.9303146
"CTRL40",0.9429273,0.7539361,0.924339,0.959878,0.6653833,0.7008397,0.4679849,0.9115125,0.9622067,0.8863694,0.4844127,0.638185,0.7551746,0.8350273,0.9803891,0.9657931,0.9656737,0.8654849,0.9093264,0.3437803,0.5439645,0.01878637,0.843991,0.9833079,0.9629362,0.9873323,0.8991961,0.8599069,0.7105477,0.9301697,0.7052626,0.8777421,0.955324,0.8110384,0.6900114,0.005989984,0.1394187,0.3226685,0.8948768,0.007015246,0.9682454,0.8121757,0.1072347,0.07262673,0.9184499,0.8561977,0.1663429,0.9777767,0.9120374,0.5206534,0.9428706,0.8794079
"DLB35",0.9466868,0.7481375,0.952391,0.9772198,0.6608396,0.746782,0.448603,0.9499043,0.969513,0.9146961,0.4714176,0.5063107,0.7118683,0.7944983,0.9486878,0.9567128,0.9472404,0.8498133,0.9236438,0.3543754,0.537868,0.02036488,0.877647,0.9863672,0.9461825,0.9805056,0.8781516,0.8316623,0.6716302,0.8859904,0.687189,0.8884669,0.9802768,0.7992096,0.724496,0.004011901,0.1543476,0.2255613,0.876952,0.01392758,0.9610313,0.8514217,0.09865334,0.07264111,0.9508007,0.8677407,0.1854555,0.9653195,0.9166862,0.3483224,0.9489147,0.8699917
"PD9",0.9574681,0.7329142,0.9306561,0.9192146,0.6399305,0.6925298,0.5015771,0.9505941,0.9278881,0.9407446,0.4543751,0.5463375,0.7224409,0.8443583,0.9282316,0.9468591,0.9285336,0.9202581,0.9283734,0.3598426,0.5058682,0.01825157,0.8794865,0.9637431,0.9265848,0.9822281,0.8777197,0.8432746,0.7304377,0.7394701,0.6052206,0.88225,0.9318517,0.7066987,0.7625338,0.01386296,0.1651835,0.2867272,0.9060471,0.01884058,0.9579931,0.8961352,0.09895427,0.1269793,0.9344034,0.9015395,0.1813187,0.9666776,0.9509422,0.4221697,0.9046211,0.8782
"CTRL79",0.9474508,0.6494602,0.9397866,0.9409873,0.6015978,0.7697729,0.443504,0.9812064,0.9739592,0.9502789,0.3930392,0.4234375,0.8226161,0.8649134,0.9876166,0.9687982,0.9302654,0.8947017,0.8750767,0.3612014,0.4835114,0.01639318,0.8680213,0.9869593,0.9752241,0.9833771,0.914927,0.8484711,0.7609722,0.9200717,0.5718176,0.8951505,0.9852812,0.7556893,0.6628295,0.003315874,0.05083902,0.2142776,0.8799224,0.005547379,0.9787665,0.8273189,0.07882547,0.05708862,0.9483342,0.9128674,0.1457891,0.9759048,0.9484969,0.3263951,0.9320891,0.9142346
"PDD61",0.9564238,0.7471504,0.954291,0.9810535,0.6030721,0.6728101,0.4153401,0.9570115,0.9595458,0.8871357,0.422569,0.6812865,0.7194038,0.8170923,0.9651435,0.9689054,0.9506598,0.8903947,0.9225891,0.3302314,0.5049925,0.01479632,0.8509931,0.9969638,0.9388328,0.9760207,0.8862026,0.8918487,0.6799915,0.8698886,0.7210847,0.9292521,0.9867629,0.8054021,0.6613676,0.005520044,0.1635691,0.2651067,0.8896763,0.01291838,0.9663609,0.8404888,0.08194707,0.0463504,0.9586552,0.9149346,0.1581149,0.9624961,0.8832034,0.4189507,0.9159185,0.8694523
"PD56",0.9720539,0.7375038,0.9627046,0.9638962,0.6385231,0.7253804,0.4130503,0.9803502,0.9756909,0.9208049,0.4480966,0.4976468,0.768111,0.852132,0.974833,0.9753,0.9636514,0.8529101,0.9103279,0.3318562,0.5784626,0.02007764,0.8878994,0.9937909,0.9666096,0.986183,0.9318378,0.8098742,0.749248,0.8785735,0.7113707,0.9119034,0.9809001,0.6917885,0.6911213,0.003397604,0.08017141,0.2622165,0.9185053,0.003157375,0.9697796,0.8469673,0.09239633,0.09275614,0.9503613,0.8986966,0.1635895,0.9691453,0.9416036,0.3491242,0.9605125,0.8953304
"CTRL55",0.928362,0.7523977,0.9230546,0.9533286,0.6069096,0.7658435,0.3899242,0.9637046,0.9554773,0.9050749,0.496022,0.5478175,0.7810066,0.7967012,0.9761514,0.9740713,0.9409233,0.9391182,0.9049916,0.3664702,0.5017793,0.01744676,0.831383,0.9855949,0.9666462,0.9766509,0.9342418,0.7961917,0.7144952,0.9207215,0.6504352,0.8229512,0.9744286,0.8468732,0.6739354,0.001347978,0.1155182,0.3290614,0.9428537,0.004177546,0.9758653,0.8419501,0.1439514,0.0738566,0.9484413,0.8412489,0.2010069,0.9772879,0.9312046,0.5169692,0.9216823,0.8582173
"CTRL37",0.9797035,0.5609958,0.9546623,0.931138,0.6630887,0.6764909,0.312888,0.9658165,0.9385811,0.9544222,0.5225489,0.3401363,0.4473928,0.9286922,0.9812634,0.9617413,0.9569997,0.8882024,0.8882451,0.321061,0.3888124,0.01076051,0.9054279,0.9855586,0.9551548,0.9778828,0.8397674,0.755038,0.6743356,0.9257533,0.7216258,0.8937447,0.9433742,0.860035,0.7731644,0.0001149295,0.161526,0.3650551,0.8941614,0.01111537,0.9723486,0.806804,0.1435494,0.1211617,0.9116741,0.7806977,0.1861291,0.9683986,0.936115,0.3171202,0.9504336,0.87906
"CTRL82",0.9502146,0.708973,0.9268013,0.9677364,0.6410539,0.8161743,0.3468687,0.9692304,0.9481014,0.947551,0.411063,0.4257162,0.7845651,0.8164284,0.9598676,0.9766436,0.952455,0.8801277,0.9321434,0.2687043,0.5019364,0.009700635,0.9047882,0.9876676,0.9385328,0.9867475,0.9200632,0.8355943,0.750809,0.9014299,0.6162851,0.8721176,0.9628755,0.8399912,0.7116319,0.00583843,0.1484077,0.2128766,0.9286076,0.0005302789,0.9633957,0.8480769,0.09919984,0.03650616,0.9169419,0.8737703,0.1646251,0.9754452,0.9378339,0.3883873,0.9249469,0.8907841
"CTRL32",0.9692584,0.7159735,0.9556582,0.9259849,0.75058,0.6846009,0.4106409,0.9870513,0.9433184,0.9571681,0.551991,0.4549085,0.7166692,0.9264698,0.9716229,0.9655767,0.9558356,0.8903021,0.9109322,0.3671887,0.4256914,0.01956417,0.9252016,0.9890701,0.9565933,0.9815094,0.8896612,0.8166985,0.7701126,0.8925171,0.6722346,0.9095316,0.9710865,0.8748879,0.7754235,0.004106886,0.1759178,0.3242622,0.9026374,0.0111968,0.9769438,0.8381574,0.181841,0.1918572,0.917128,0.8124534,0.188226,0.9807853,0.9277199,0.3565717,0.9138216,0.9081301
"PD2",0.9756885,0.6589165,0.9307078,0.9439579,0.7200548,0.7267605,0.3376437,0.9727348,0.91163,0.9420134,0.5359688,0.4559246,0.7853489,0.90986,0.943801,0.9706959,0.9277164,0.9335305,0.9109744,0.3280423,0.5077526,0.03444994,0.8922289,0.97482,0.9577939,0.9826021,0.918023,0.8480564,0.6682255,0.8835603,0.6532955,0.9408588,0.9572992,0.7696521,0.8264188,0.003716305,0.1993804,0.336156,0.8797242,0.01445523,0.9666217,0.8865574,0.193269,0.1529539,0.9423811,0.8703528,0.1917475,0.9706324,0.9505425,0.4053944,0.9560159,0.8789561
"PD54",0.9567752,0.6639191,0.9173036,0.9825531,0.605661,0.6762565,0.4130989,0.9445099,0.9463961,0.8938915,0.4405097,0.4977612,0.7698083,0.8794679,0.9865394,0.9820275,0.9561187,0.839196,0.8990825,0.2992236,0.5224551,0.00554055,0.8817072,0.9750284,0.9519892,0.992026,0.9219296,0.804943,0.6255551,0.9078254,0.6925233,0.8670776,0.9849364,0.8229514,0.7433148,0.003395127,0.1221589,0.2469421,0.8716265,0.008233982,0.9842677,0.801964,0.1187759,0.07732588,0.9476225,0.8490751,0.1595315,0.9688927,0.9714956,0.4367858,0.9175635,0.876012
"CTRL48",0.9773928,0.6523203,0.90375,0.9702671,0.5150948,0.6400482,0.3674649,0.9680063,0.9452264,0.9071469,0.411608,0.5024108,0.6580758,0.7667532,0.9856331,0.9671482,0.9333116,0.8836849,0.9253939,0.363792,0.5234224,0.01609486,0.8657519,0.9647482,0.9535538,0.9846601,0.9025415,0.8019314,0.687192,0.9310788,0.582897,0.845422,0.9628942,0.8403403,0.6389992,0.008833933,0.1463204,0.3087867,0.9288948,0.01090047,0.9566204,0.7905769,0.0844883,0.06425703,0.9467765,0.795822,0.1535675,0.9635593,0.9234289,0.38425,0.9303828,0.8117081
"PD49",0.9388098,0.6205551,0.9257212,0.9672901,0.6222371,0.73188,0.3721709,0.9395806,0.9568839,0.9021083,0.4136953,0.5967425,0.6826582,0.7963099,0.9540989,0.9695201,0.8799488,0.9070793,0.9145425,0.3067772,0.5572563,0.01583217,0.895632,0.9827068,0.9552384,0.9674765,0.9247683,0.8462969,0.6069257,0.8377624,0.5632173,0.897035,0.9813701,0.811673,0.6804746,0.007957167,0.1019005,0.263895,0.9182366,0.007007645,0.9353383,0.8357472,0.08656796,0.07199777,0.9272059,0.8976846,0.1438522,0.9720439,0.8896355,0.4178819,0.9062434,0.8271857
"PDD69",0.96999,0.68409,0.9222704,0.9706278,0.5929151,0.7627097,0.416468,0.9738901,0.9623653,0.9501415,0.407585,0.4483294,0.7626554,0.9234849,0.9888588,0.9633495,0.9414422,0.8867536,0.9263791,0.4164618,0.5797444,0.01649334,0.9249925,0.9833365,0.9650517,0.9806384,0.896529,0.8202335,0.6929995,0.911855,0.5672424,0.8234392,0.9679377,0.8697404,0.7011984,0.002566473,0.07023693,0.2872072,0.9158381,0.008677686,0.9509622,0.7892731,0.08613423,0.06717986,0.9497574,0.7952564,0.1534961,0.9785784,0.947686,0.4991469,0.9414532,0.803561
"PD45",0.9525794,0.730277,0.9210002,0.9627917,0.5571922,0.7349397,0.3688966,0.9251908,0.9573721,0.8943705,0.4285851,0.6101513,0.7025548,0.762967,0.9698267,0.9693623,0.9270729,0.8735227,0.9361447,0.3489187,0.5208456,0.01910245,0.8454377,0.9879714,0.9514368,0.9777098,0.887696,0.8149648,0.6344729,0.8543257,0.6569114,0.8203177,0.9745752,0.8501887,0.6517721,0.009558174,0.1460266,0.2610673,0.8677688,0.01349779,0.9525716,0.7851076,0.09933797,0.05020854,0.9286569,0.8524324,0.1571082,0.9629382,0.9073344,0.4772495,0.8749901,0.7982726
"CTRL12",0.9319313,0.5981359,0.9577051,0.9099759,0.6480403,0.7426207,0.3151906,0.960593,0.9552914,0.9177788,0.4627967,0.4469782,0.7475222,0.8773273,0.9456739,0.929355,0.9538665,0.909622,0.8980712,0.3041862,0.3824099,0.01891476,0.8298344,0.9717438,0.9519163,0.994136,0.9062246,0.7830613,0.6802695,0.8642801,0.5303183,0.9349061,0.9697812,0.7897612,0.7230696,0.01165082,0.1147285,0.3070319,0.9199913,0.01983907,0.9522969,0.8805049,0.1174562,0.1147488,0.9395334,0.839741,0.204078,0.9788462,0.9345112,0.3277392,0.9353884,0.8460133
"PD33",0.9635459,0.6214367,0.9145752,0.9492817,0.5887799,0.6124012,0.3835315,0.9344154,0.9496861,0.9134009,0.43679,0.4336008,0.6669339,0.8966117,0.9649413,0.9703952,0.9410534,0.8939799,0.8466687,0.2897907,0.3863817,0.007949363,0.8958537,0.9822348,0.9297361,0.971666,0.8178167,0.7664522,0.670548,0.9308659,0.6133128,0.8809972,0.9540632,0.7687463,0.681283,0.003256714,0.148788,0.2400942,0.8746539,0.009946628,0.9591928,0.7303396,0.09280332,0.08008955,0.8943093,0.7851954,0.1554343,0.9691989,0.9181025,0.2804832,0.9148244,0.8095
"PD51",0.9613185,0.7093506,0.9428961,0.9597121,0.6472581,0.6832764,0.4329482,0.9182289,0.9512511,0.9534118,0.3989031,0.4964289,0.7709062,0.7917915,0.9736574,0.9775776,0.937103,0.915002,0.9376331,0.2969003,0.681982,0.00469606,0.8971511,0.997473,0.9479297,0.972637,0.9397721,0.8630468,0.7218496,0.9118165,0.6215361,0.9478247,0.9744604,0.7065176,0.6345542,0.001436511,0.0919326,0.2440644,0.9201654,0.01556218,0.9661691,0.8302048,0.06815513,0.04840977,0.9587271,0.9211807,0.159032,0.9743937,0.8956917,0.340088,0.9513935,0.9308689
"PD13",0.9827749,0.6102936,0.9591766,0.9530657,0.6994901,0.6202332,0.3712622,0.9877188,0.9452107,0.9699705,0.4990069,0.3339191,0.8232757,0.9000054,0.9672083,0.9494614,0.9492907,0.8970021,0.8797549,0.3556181,0.4618762,0.02093234,0.9160668,0.9695645,0.9017296,0.9783516,0.8981199,0.7529815,0.5870235,0.9076007,0.6632696,0.9312194,0.9845266,0.8422207,0.8298291,0.003021222,0.1197384,0.3985147,0.9455697,0.01032363,0.9629126,0.8379302,0.1387157,0.1558836,0.9163717,0.8461877,0.213149,0.9673141,0.9755087,0.3248171,0.9208962,0.8451414
"PDD45",0.9732398,0.6422645,0.9372118,0.9723925,0.70571,0.722348,0.3415053,0.9625872,0.9486046,0.9392772,0.5078281,0.3394584,0.803379,0.8911507,0.9724127,0.9734978,0.9524516,0.896707,0.8778462,0.3703508,0.3988061,0.01476278,0.9049609,0.9860304,0.9581671,0.984504,0.906403,0.756184,0.6912277,0.9072769,0.6485896,0.9042427,0.9662916,0.7278597,0.7649037,0.005456024,0.172592,0.2054261,0.9064804,0.002730109,0.9653383,0.8932786,0.1203806,0.0395168,0.8914548,0.8794691,0.1452832,0.9710793,0.9475725,0.3756107,0.9256156,0.841547
"PD20",0.9471029,0.6240874,0.9406495,0.9557742,0.6697921,0.6791653,0.3522333,0.9779631,0.9473081,0.9547781,0.4660002,0.3650805,0.7918304,0.9352976,0.978037,0.9484677,0.9153751,0.8956591,0.9039671,0.2518695,0.2427757,0.02440536,0.9446081,0.9868623,0.9563988,0.9815963,0.8727608,0.803895,0.6966612,0.9102507,0.6056071,0.9105654,0.9603748,0.8263713,0.7672992,0.01635313,0.1234767,0.3281617,0.907035,0.01238172,0.9718441,0.8992455,0.09676364,0.1614023,0.9145864,0.8540942,0.1596117,0.9763289,0.9411226,0.3098252,0.922623,0.842147
"CTRL83",0.9435795,0.7175984,0.9714978,0.9718237,0.4837451,0.7352379,0.3076967,0.9561534,0.954668,0.9379951,0.3569453,0.5302373,0.7004946,0.8084571,0.944785,0.9702439,0.9245252,0.8999513,0.9224058,0.311173,0.4330144,0.01070841,0.880831,0.9841048,0.97313,0.978792,0.9529538,0.6701252,0.70341,0.9000514,0.5258284,0.8433889,0.9466916,0.8025525,0.7455605,0.004076627,0.1000674,0.2249988,0.9056889,0.009536194,0.9751724,0.8461103,0.1425923,0.03418952,0.9352566,0.838155,0.1431819,0.9805628,0.9485094,0.4823209,0.9066161,0.7993185
"PDD7",0.9422219,0.6819965,0.8959876,0.9651533,0.5317188,0.7320698,0.3803177,0.9561873,0.95279,0.906371,0.4782035,0.4720054,0.7342261,0.8477199,0.9605483,0.9463952,0.9374225,0.9119437,0.8612533,0.3459119,0.4411495,0.01735819,0.9076594,0.972017,0.964505,0.9869028,0.8876576,0.8357002,0.7421449,0.9060038,0.5687109,0.8638998,0.9619936,0.7868563,0.7089951,0.002686738,0.153005,0.3298529,0.9546846,0.02592262,0.9606133,0.8415281,0.07472519,0.113088,0.9656015,0.9266293,0.1548864,0.9798046,0.9516206,0.4520832,0.9045761,0.894438
"CTRL71",0.9860619,0.746194,0.940676,0.9631309,0.567568,0.7476329,0.4128786,0.9638826,0.9365421,0.92487,0.4047268,0.6082837,0.7849574,0.8088241,0.9771958,0.9676899,0.9426486,0.8985158,0.9400892,0.3295767,0.5138399,0.004302328,0.9182508,0.9719225,0.9387451,0.9912139,0.9563188,0.8691421,0.7330283,0.8970263,0.6486227,0.8013293,0.9717669,0.740648,0.7027558,0.0004207513,0.1275446,0.3090212,0.9706983,0.001035078,0.9749175,0.8358553,0.06745072,0.07590127,0.966361,0.8274659,0.132137,0.9672956,0.9457196,0.4401034,0.9435064,0.8620092
"PDD47",0.9109827,0.650879,0.9576797,0.9568178,0.5234125,0.7225097,0.383881,0.8424368,0.9529904,0.874627,0.4114011,0.5922945,0.6950534,0.7884167,0.987931,0.9735402,0.9817798,0.8742499,0.9146487,0.3566535,0.4790444,0.01700607,0.8707519,0.9783334,0.9748947,0.9890935,0.8776363,0.7833866,0.6042193,0.9184869,0.587796,0.7922637,0.944156,0.770509,0.6856372,0.003359656,0.1038844,0.2758098,0.881719,0.00508044,0.9665146,0.7379797,0.08838314,0.02903727,0.9458242,0.8287274,0.1083597,0.9645549,0.9043027,0.4409489,0.9195561,0.8323243
"PD32",0.9543973,0.648898,0.9159302,0.9520276,0.4970281,0.6119108,0.328205,0.929814,0.9323198,0.8424309,0.3919697,0.5083033,0.6774778,0.7532622,0.9588409,0.9444572,0.9299695,0.7851342,0.9009051,0.2776974,0.4396218,0.0122982,0.8240605,0.9976269,0.9536877,0.9838131,0.8650475,0.7769534,0.5998583,0.9539809,0.5183609,0.8322991,0.9867162,0.7665536,0.6177677,0.005221169,0.1628288,0.220935,0.8148004,0.01620228,0.9427769,0.8219229,0.07644352,0.07997775,0.9243372,0.8994733,0.1417098,0.9450051,0.8562757,0.3124473,0.9161807,0.7675632
"CTRL6",0.9747898,0.5689059,0.8962326,0.8931348,0.6270525,0.6128127,0.263132,0.9679787,0.9494914,0.9726175,0.4382623,0.3662288,0.7943207,0.915958,0.9608659,0.9638429,0.9338806,0.9308355,0.873905,0.3698111,0.313866,0.0154862,0.8746318,0.9758286,0.9587304,0.9883123,0.9155377,0.7308609,0.6447216,0.9307222,0.6003288,0.9108066,0.9383943,0.8454874,0.759315,0.003467182,0.1911096,0.1991529,0.9109142,0.005462576,0.9691687,0.8856889,0.1185853,0.08049103,0.9114541,0.8525441,0.1511146,0.9676536,0.9254604,0.3144568,0.9434371,0.7925486
"CTRL46",0.9531152,0.703237,0.9229415,0.9541418,0.533794,0.6984876,0.4198117,0.9344995,0.9327758,0.8837771,0.3831145,0.664218,0.6632846,0.7822998,0.9823503,0.9621073,0.9456592,0.8172436,0.8805869,0.2972048,0.5638667,0.01406224,0.7959346,0.9828259,0.9339429,0.9839413,0.9233728,0.7907141,0.580297,0.8819128,0.5811053,0.901925,0.9328019,0.735518,0.5865563,0.01289001,0.1179142,0.2249852,0.8628535,0.01056751,0.9439093,0.7819391,0.09102066,0.06100755,0.9016544,0.8446663,0.166795,0.9680541,0.8828412,0.4048137,0.9066655,0.790745
"PD17",0.9589047,0.6476692,0.9570024,0.9349684,0.6502814,0.7836133,0.4328236,0.9770873,0.9388023,0.9449608,0.4206663,0.5202288,0.7920732,0.8714871,0.9645951,0.9779451,0.9165237,0.9458162,0.942445,0.3876408,0.3743002,0.01213468,0.867548,0.9651654,0.9532951,0.9876164,0.8528825,0.8355017,0.6792135,0.8610064,0.6128317,0.9255252,0.9621282,0.7592996,0.7734362,0.007028967,0.1587895,0.2183563,0.9401478,0.001802885,0.9751152,0.7877347,0.06727182,0.07513247,0.9170306,0.8867121,0.1363725,0.9828625,0.9180442,0.4442299,0.9374383,0.8587936
"PDD10",0.9635456,0.6040792,0.5533996,0.9466743,0.7098541,0.6438647,0.3157061,0.9649917,0.9567174,0.9629291,0.4428182,0.4231868,0.7317112,0.8919776,0.9386799,0.9765793,0.9503208,0.9081299,0.8984577,0.3776023,0.4984468,0.01160114,0.8780849,0.9695693,0.9581207,0.970755,0.9169794,0.7709655,0.6946441,0.9208282,0.578422,0.9066894,0.9585187,0.8050349,0.7894388,0.02124697,0.1569206,0.2361652,0.9136129,0.01200589,0.9719259,0.8972762,0.1574374,0.09244547,0.9066849,0.8307772,0.1590179,0.9752655,0.9402874,0.3730061,0.9345127,0.8423255
"DLB12",0.9721874,0.7057084,0.9147673,0.9745678,0.5858731,0.6568371,0.371603,0.9802645,0.9354186,0.9337554,0.486926,0.3319826,0.7754192,0.9073679,0.9733753,0.9505091,0.926057,0.8729833,0.9045972,0.3039559,0.5269367,0.01889816,0.9032682,0.9865148,0.9581429,0.975265,0.8564536,0.8005103,0.6829744,0.9104166,0.7144462,0.8841876,0.9762359,0.8523331,0.7413583,0.004691614,0.1135868,0.2879377,0.9203608,0.007872048,0.9695456,0.8245181,0.0767131,0.09467048,0.9433037,0.8437717,0.1912864,0.9796734,0.9368952,0.3957645,0.9632224,0.8644862
"CTRL44",0.9718757,0.6902535,0.9204446,0.9760716,0.5588076,0.7156533,0.4306858,0.962672,0.9759411,0.9293633,0.4104618,0.5901451,0.7242525,0.8783747,0.9819901,0.9588681,0.9315997,0.8862419,0.9421845,0.407979,0.593968,0.008455979,0.8803465,0.9804616,0.9596341,0.9909496,0.8957655,0.8169712,0.670975,0.8871507,0.6965236,0.8211151,0.9675046,0.761515,0.7612308,0.005039701,0.09999234,0.2730582,0.9067552,0.002811245,0.9772312,0.8163988,0.1451675,0.07028942,0.9525805,0.8620253,0.1782081,0.9819375,0.9231571,0.4608093,0.8982176,0.8529028
"CTRL86",0.9623893,0.7222016,0.9363244,0.9763752,0.5849325,0.736962,0.4566473,0.9262391,0.9626841,0.9528932,0.3740572,0.5267293,0.8032997,0.8689163,0.962903,0.9544123,0.905132,0.8655412,0.9461055,0.3323653,0.6382276,0.004879224,0.9097794,0.985039,0.9687144,0.9886073,0.8592821,0.7750453,0.7023028,0.8194784,0.6051909,0.9124483,0.9638024,0.8110178,0.7726814,0.001637874,0.1102279,0.2706198,0.8867506,0.008945288,0.9780021,0.8480918,0.06864325,0.1285187,0.9407392,0.876583,0.1729084,0.9873786,0.9182106,0.3706342,0.9218611,0.8454169
"DLB27",0.9448641,0.6665485,0.8950064,0.9591412,0.5296256,0.6447782,0.3401543,0.9552203,0.9189665,0.9054932,0.4053914,0.3927472,0.6613365,0.8780318,0.9720568,0.9565131,0.9453459,0.8203896,0.8975635,0.355061,0.4652673,0.02134904,0.841636,0.9431614,0.9409929,0.9658413,0.8400031,0.769299,0.6638138,0.85588,0.6896658,0.8353435,0.9682028,0.8451425,0.656247,0.004539154,0.1344676,0.2414699,0.8237371,0.007278481,0.9652808,0.749184,0.1225566,0.07773304,0.9190564,0.7759864,0.1802836,0.9500451,0.9095362,0.3631262,0.9180221,0.8201232
"PD18",0.9437791,0.6947473,0.944549,0.9335823,0.613803,0.8049502,0.3419042,0.9621595,0.9237998,0.9213353,0.4486443,0.6075316,0.4045916,0.7914016,0.9654506,0.9605596,0.9428499,0.8981049,0.8806943,0.3115687,0.4877242,0.009699375,0.8686575,0.9880801,0.9628455,0.9913621,0.9044999,0.7628321,0.657756,0.8912737,0.5498507,0.9090745,0.9513151,0.7383389,0.7488414,0.002117879,0.1535083,0.359398,0.92983,0.002930208,0.9672841,0.8577315,0.1166897,0.1469926,0.9605917,0.8817923,0.1427908,0.9791468,0.9320421,0.3756733,0.9145324,0.9040137
"CTRL20",0.9536406,0.6667572,0.9126235,0.9525377,0.6183226,0.751165,0.4935693,0.9669851,0.9301721,0.9094164,0.4586969,0.4191821,0.7219747,0.9185371,0.976814,0.9826722,0.9574413,0.8495163,0.874068,0.3252968,0.456436,0.01072279,0.8686318,0.9897727,0.9529189,0.979365,0.8315346,0.8287536,0.6596597,0.9536726,0.6557432,0.8832767,0.978705,0.8850517,0.7086156,0.00723917,0.1807651,0.3016369,0.9036315,0.008338125,0.969794,0.7665615,0.1671999,0.07645551,0.9730144,0.8236071,0.166321,0.9869819,0.9472355,0.364011,0.928299,0.8456982
"PDD50",0.9656238,0.5889375,0.9439504,0.9558925,0.6031336,0.5844951,0.3070263,0.9401702,0.9208527,0.9300545,0.4088196,0.5037891,0.669361,0.8695021,0.9884413,0.9671348,0.9506407,0.8068784,0.8800333,0.2355105,0.3745046,0.009518332,0.8111722,0.9865068,0.9512761,0.9827625,0.8787964,0.7248177,0.6381169,0.8642545,0.62771,0.8759466,0.9750667,0.7872152,0.6695857,0.008109214,0.1843214,0.1936304,0.8372893,0.008768434,0.9445962,0.7647182,0.09859996,0.08625752,0.8696251,0.8133266,0.1655698,0.9645839,0.9059717,0.279597,0.9678739,0.8162234
"DLB21",0.967686,0.6359809,0.9051156,0.96457,0.5780856,0.6192564,0.3197139,0.9332668,0.9370802,0.9015638,0.3435446,0.4219164,0.7199138,0.8109826,0.9690165,0.965408,0.9166163,0.8151953,0.9234001,0.2760464,0.4210106,0.0112538,0.8029831,0.9795338,0.9310377,0.9846424,0.9002955,0.78828,0.5675706,0.933958,0.5888344,0.8338285,0.9790005,0.8179071,0.6154673,0.002350193,0.1462434,0.167221,0.9080895,0.01271915,0.9738765,0.8061552,0.06369071,0.05956316,0.9479321,0.8385074,0.1132038,0.9780857,0.9315977,0.3324193,0.9565507,0.8134914
"CTRL53",0.9629935,0.6324128,0.8723476,0.9348805,0.5660399,0.7869473,0.3857614,0.9608905,0.9719099,0.9177701,0.467472,0.4673839,0.4320588,0.8952832,0.9756718,0.9756039,0.9308638,0.9087179,0.8979505,0.3737132,0.3853295,0.005719776,0.8781167,0.9922384,0.9548803,0.9829223,0.8885359,0.8099229,0.6403558,0.9434947,0.7057439,0.8100995,0.9735614,0.8523859,0.6868636,0.001863135,0.172263,0.285719,0.9480118,0.004605544,0.9715798,0.8200071,0.1300155,0.06840686,0.9228325,0.8268445,0.1822232,0.9886851,0.9524685,0.3755701,0.9243433,0.8662898
"CTRL65",0.9695741,0.7220028,0.9286156,0.957553,0.6313454,0.6870875,0.3458864,0.953702,0.9784102,0.9170353,0.414669,0.5808994,0.7373068,0.8489033,0.9461022,0.9624683,0.8784053,0.8943301,0.9515986,0.3088721,0.420559,0.007024411,0.8232411,0.9830553,0.9462642,0.9823026,0.9416266,0.8213994,0.6881619,0.8750542,0.6485609,0.9014014,0.9648287,0.7553708,0.5721314,0.005015576,0.1398189,0.2069716,0.9116928,0.008175834,0.9918938,0.8252203,0.04812946,0.07166007,0.9488366,0.8821791,0.1400741,0.9814094,0.9414837,0.4002351,0.9518058,0.8349484
"PD38",0.9510938,0.7829192,0.9214677,0.9498377,0.6292125,0.7201676,0.4341039,0.9395237,0.9474684,0.9173086,0.462928,0.5993991,0.7460101,0.8379202,0.9708772,0.9596905,0.9323377,0.9283239,0.9283314,0.3661704,0.6853751,0.01127155,0.8265226,0.9914877,0.9533746,0.9718504,0.904701,0.8259136,0.6626578,0.9105396,0.7430295,0.8472199,0.9723365,0.7431633,0.6887013,0.004548367,0.1423004,0.316152,0.9283426,0.01570215,0.9576908,0.7845337,0.06927584,0.09182475,0.9446833,0.850124,0.1391387,0.9643644,0.9215854,0.4552799,0.9147825,0.849971
"CTRL18",0.9425361,0.5516417,0.8727473,0.9071732,0.6163127,0.6954785,0.3524794,0.9559209,0.9551989,0.9284843,0.466162,0.4430039,0.735535,0.9272899,0.9790789,0.9611887,0.9588679,0.8770348,0.8587486,0.3675229,0.3460368,0.009473401,0.7919254,0.9925805,0.9450603,0.9745747,0.8407113,0.7771263,0.6381773,0.9361625,0.6738846,0.8885738,0.9512901,0.8777084,0.69707,0.002915381,0.1770787,0.3382078,0.8619418,0.006158219,0.9794784,0.7978233,0.1563287,0.0741684,0.9281478,0.7598945,0.1732713,0.9711244,0.9478381,0.3790279,0.92915,0.895087
"PDD36",0.9501049,0.712381,0.9160023,0.9765174,0.5505032,0.6966117,0.454497,0.9618485,0.9592173,0.9137248,0.3949233,0.5087949,0.7661931,0.8207301,0.9822075,0.9778284,0.9195915,0.8930291,0.8947306,0.3905559,0.5101154,0.0228108,0.8384563,0.9838398,0.9464112,0.9852553,0.9331785,0.7840452,0.7513427,0.9270343,0.7572936,0.8333658,0.9753051,0.7794622,0.7278598,0.00223503,0.09792767,0.324599,0.9140613,0.01143542,0.966469,0.8085563,0.09608099,0.09988482,0.9332454,0.7945308,0.1636803,0.974893,0.9484544,0.4224188,0.9292961,0.7841646
"PDD64",0.9566129,0.7622596,0.9415947,0.9715959,0.7088549,0.6506647,0.4294524,0.9713559,0.9604123,0.9366895,0.4076566,0.5351036,0.8034789,0.866547,0.9924419,0.9601725,0.9517602,0.8922171,0.9402877,0.3094345,0.4917929,0.01181328,0.8960103,0.9929188,0.9744849,0.9872036,0.9087567,0.8135406,0.6358429,0.9304618,0.6722685,0.8731663,0.9645007,0.8468087,0.7244076,0.01348856,0.08488415,0.2193394,0.934541,0.01179651,0.9710708,0.8694517,0.06957071,0.1022294,0.9194611,0.878239,0.1828747,0.9879234,0.9326183,0.3649086,0.9484152,0.8036039
"PD42",0.944647,0.6378993,0.948206,0.9381125,0.616569,0.6945657,0.2375171,0.951434,0.9549262,0.9351566,0.4782578,0.4975709,0.6907519,0.930658,0.971395,0.9321274,0.9505267,0.8646818,0.8630439,0.2346157,0.5066584,0.04089471,0.9320483,0.9781504,0.9419036,0.9835764,0.8937282,0.8074962,0.7274991,0.9310496,0.6844845,0.8669371,0.9603664,0.8408744,0.7771502,0.01964063,0.1516365,0.3030006,0.8848663,0.01145879,0.9482558,0.7946876,0.1023165,0.1354108,0.9434704,0.810133,0.2058344,0.9625042,0.903262,0.3057072,0.9394548,0.8701663
"PDD33",0.9650382,0.6043274,0.9407394,0.958286,0.5643126,0.6904524,0.3413705,0.9449603,0.9601986,0.9614685,0.5140364,0.4309104,0.7437027,0.9218115,0.9750096,0.9836555,0.9145337,0.913517,0.8443812,0.2727483,0.3310515,0.03452508,0.8741169,0.968476,0.9642769,0.9852592,0.8456751,0.7176046,0.562922,0.9160261,0.7048646,0.8834372,0.9690621,0.8502977,0.7648145,0.01030909,0.1174824,0.1980027,0.9356068,0.01018711,0.9594471,0.8105017,0.1650387,0.07616095,0.5649045,0.7956413,0.1392794,0.98564,0.9750313,0.288014,0.9540932,0.8592854
"PDD65",0.9587456,0.7445613,0.9296213,0.9768795,0.4937601,0.6834492,0.3856125,0.9542301,0.9651014,0.957955,0.4092617,0.5082799,0.7534237,0.8518232,0.9650779,0.9643187,0.9100089,0.8503548,0.9076995,0.3903844,0.616659,0.01203081,0.8458242,0.9920002,0.9443738,0.9855522,0.8990719,0.8274511,0.6819913,0.8682192,0.7264209,0.8749965,0.9450903,0.7895148,0.7358547,0.00613181,0.09919342,0.3548683,0.9370727,0.009615385,0.9616215,0.7986031,0.08495733,0.1435219,0.9431641,0.8181768,0.1313236,0.9826341,0.9439538,0.4466969,0.9118302,0.7885254
"PD62",0.9480564,0.6395275,0.9634518,0.9472061,0.5005008,0.7476984,0.3065725,0.9806955,0.9599164,0.9581559,0.4451589,0.4941379,0.7606073,0.8366683,0.9828604,0.9717887,0.9657395,0.8406929,0.8929123,0.2834588,0.4885484,0.009832139,0.858076,0.985947,0.9637445,0.98432,0.8810199,0.7771479,0.6585006,0.8969431,0.7173595,0.8489442,0.9636183,0.8974946,0.7571856,0.002551081,0.1574979,0.2638796,0.9215091,0.01315073,0.9791313,0.808686,0.139445,0.05060132,0.9427376,0.8469893,0.1735033,0.9686976,0.9278473,0.4395191,0.9597063,0.8813752
"PDD77",0.9588815,0.7319306,0.9371949,0.9697739,0.6700019,0.7288555,0.4593512,0.9613706,0.9500935,0.8963459,0.4807016,0.5409113,0.8069949,0.8847329,0.9803758,0.9474667,0.8969831,0.8868698,0.927757,0.3758506,0.6291834,0.01925698,0.9036617,0.977848,0.9636529,0.9843661,0.9020313,0.8875192,0.7476984,0.8777368,0.6745478,0.9061589,0.9561126,0.8456532,0.7538016,0.006721839,0.1332886,0.2983931,0.9456075,0.01030163,0.9717288,0.8911935,0.08385761,0.1405647,0.9234969,0.8804842,0.1568564,0.9766522,0.9309284,0.4758397,0.9204513,0.7963053
"PDD2",0.9506767,0.769552,0.9701289,0.9551982,0.7276007,0.6825992,0.4716376,0.9332288,0.9341892,0.9246114,0.4674299,0.4644745,0.7761522,0.8902537,0.9563135,0.9821344,0.9225064,0.9081284,0.9096839,0.2838087,0.4874142,0.02010162,0.9249495,0.9908228,0.9530198,0.9842741,0.9214625,0.7968004,0.5878051,0.8991787,0.5796651,0.8973153,0.9429183,0.8116075,0.7764182,0.0186506,0.1219485,0.3542917,0.9306531,0.01793283,0.9599521,0.9110206,0.07916899,0.09221437,0.9382014,0.8730561,0.1433037,0.9763268,0.9249526,0.3143294,0.9328644,0.8290062
"PD25",0.9676182,0.6439698,0.9450928,0.9410095,0.6802956,0.6667532,0.4037794,0.9800638,0.9654614,0.9628113,0.4810453,0.4498566,0.8273145,0.9139453,0.9825556,0.9695299,0.9677409,0.8671941,0.8923536,0.3128725,0.3590185,0.007664406,0.914991,0.9628083,0.9633881,0.9858471,0.9283254,0.7969501,0.6828492,0.9520124,0.648004,0.9177929,0.9479663,0.773576,0.7489487,0.00596217,0.1813622,0.2903777,0.9051472,0.009833985,0.9744553,0.873507,0.1157836,0.1624961,0.9413618,0.8291569,0.1858476,0.9792449,0.9553694,0.3036801,0.9476043,0.911009
"DLB14",0.9838754,0.6969451,0.9290218,0.9653486,0.5892015,0.6840755,0.363503,0.9755846,0.9677538,0.9664385,0.4805997,0.4426755,0.762267,0.879698,0.9832693,0.9333797,0.9439059,0.8959587,0.9177368,0.37566,0.474832,0.01205388,0.8886835,0.9773826,0.9205737,0.974144,0.8962104,0.8096093,0.6284606,0.9447587,0.7654008,0.8860579,0.9821717,0.8673913,0.7350387,0.009549422,0.1246842,0.2958621,0.9050352,0.01633739,0.9808461,0.8466971,0.07923567,0.1415596,0.94058,0.8330702,0.1873786,0.9635813,0.9125012,0.3602818,0.9423327,0.8371955
