"","cg23834525","cg06952719","cg18740718","cg06998282","cg00140235","cg05313680","cg23882019","cg15175129","cg19104399","cg09060462","cg11280964","cg11163901","cg18127922","cg01947949","cg14144850","cg21931717","cg14856606","cg04030905","cg22181664","cg26835908","cg25936334","cg01753595","cg11971077","cg12635019","cg12882476","cg08368441","cg26115216","cg13773306","cg05516832","cg13871037","cg03321592","cg08485937","cg27189973","cg21595526","cg09508356","cg24683035","cg19259574","cg07904447","cg18014247"
"PDD38",0.08409271,0.03789176,0.01347201,0.06384574,0.007388611,0.7288733,0.7253367,0.1862449,0.9692278,0.0621474,0.02554169,0.01122661,0.3349724,0.05784644,0.9116448,0.008643688,0.9234786,0.01854773,0.9224026,0.06687635,0.0741814,0.2984273,0.01648196,0.1670739,0.005674979,0.02043222,0.8643048,0.7673806,0.01722629,0.9380706,0.03297453,0.9282158,0.1553047,0.009882701,0.6805641,0.01024867,0.0231748,0.0280196,0.01955786
"CTRL61",0.06589156,0.02695556,0.02154901,0.01346789,0.006471786,0.8177573,0.7099833,0.221219,0.979416,0.07514323,0.02158749,0.009502198,0.2980935,0.02663131,0.8620368,0.008950366,0.8669251,0.008042587,0.9117333,0.03515189,0.06506399,0.3097359,0.004583283,0.2088994,0.00966693,0.0189184,0.8448276,0.6843371,0.01466856,0.9353713,0.01154565,0.9345542,0.1163811,0.00190096,0.639887,0.01439019,0.02694366,0.02377479,0.01366271
"PDD23",0.05590686,0.02309741,0.01662595,0.01654682,0.006154748,0.823363,0.6699717,0.2761302,0.9782762,0.03695025,0.01558266,0.00545694,0.3754685,0.08861454,0.8933736,0.2273511,0.8527451,0.005726054,0.9335689,0.03610764,0.05002952,0.316725,0.005173078,0.2167339,0.005797314,0.0149312,0.8592183,0.7049978,0.02428365,0.9474707,0.02599452,0.9280327,0.09481249,0.009828976,0.6673397,0.007746741,0.02638395,0.02919373,0.01277281
"PDD21",0.09644524,0.006322328,0.01574856,0.04909073,0.004833642,0.8183128,0.7472688,0.289502,0.9753959,0.07106387,0.01773692,0.01156069,0.2282783,0.04612018,0.8685298,0.014,0.8136284,0.01261787,0.9192018,0.03083098,0.06979427,0.2041869,0.007322043,0.1496872,0.004976009,0.03138969,0.9114746,0.5893895,0.01697386,0.9219043,0.03751617,0.9070525,0.1130574,0.009951881,0.54434,0.009601495,0.03016391,0.02971187,0.01143013
"PD29",0.08886419,0.03472317,0.02187075,0.005598126,0.001916233,0.7458741,0.5818731,0.1980129,0.9668819,0.06762969,0.0402745,0.01591986,0.3886598,0.03905073,0.8998327,0.2316607,0.8060527,0.01859513,0.9047848,0.07032057,0.06615044,0.2548858,0.009381147,0.2014055,0.00528169,0.02478393,0.912993,0.6024619,0.02525256,0.9001501,0.04872096,0.8937237,0.1453147,0.01465387,0.6902969,0.002315747,0.0258518,0.03758446,0.009592661
"PD5",0.09057767,0.03225012,0.0222818,0.07452213,0.01802907,0.8777588,0.8107171,0.2780514,0.9563814,0.1200233,0.03427741,0.02161857,0.313187,0.06650718,0.8622962,0.01189662,0.8262409,0.01832921,0.9142883,0.05922121,0.06756245,0.2756858,0.01679862,0.1065205,0.01864255,0.03059405,0.8637524,0.567208,0.02553062,0.9207347,0.04034616,0.9121008,0.1404173,0.01932166,0.6207534,0.01371921,0.03109501,0.02606423,0.02155019
"CTRL88",0.06959204,0.03516814,0.01585091,0.03051385,0.01211762,0.7969598,0.6513199,0.2408661,0.9489398,0.08384755,0.04283204,0.009088132,0.2956886,0.06652807,0.8890805,0.0111445,0.8991182,0.01464944,0.874967,0.05281594,0.05259609,0.3210308,0.01057983,0.1344831,0.006432641,0.01793826,0.890939,0.7929987,0.01777877,0.9220365,0.03093999,0.9526819,0.09784192,0.00383814,0.7012232,0.002267574,0.01860095,0.03060531,0.01774521
"PD41",0.09650725,0.01325213,0.03533044,0.02688357,0.005874674,0.7815009,0.7068003,0.2613184,0.9610076,0.06695903,0.02448314,0.01890359,0.3743975,0.0370926,0.9424939,0.002086297,0.9367706,0.006805321,0.8862813,0.05008735,0.05773857,0.3229528,0.008165675,0.173301,0.001607394,0.02102601,0.7815735,0.7589353,0.02136646,0.9232172,0.05243446,0.9135089,0.114704,0.002151033,0.6702857,0.01167502,0.02550387,0.04119187,0.0114114
"PDD39",0.1031095,0.01849925,0.02149939,0.001065085,0.01235033,0.7274177,0.6096335,0.2607549,0.9562746,0.04560679,0.04595901,0.01342616,0.2641576,0.05854386,0.9542545,0.005467396,0.8787814,0.02098971,0.9311705,0.04213039,0.06574249,0.2305062,0.01693714,0.1754386,0.01308691,0.0187722,0.7695737,0.597791,0.02679104,0.9162309,0.04086767,0.9128633,0.09023603,0.01292022,0.5863799,0.0136763,0.02345342,0.04186963,0.01040496
"PD11",0.110787,0.0182577,0.02597772,0.0003556025,0.001708331,0.8167581,0.7211076,0.2490606,0.9398815,0.04931371,0.02928898,0.00698931,0.3642372,0.06716877,0.9145433,0.005143347,0.877261,0.01772897,0.883066,0.05914129,0.05786026,0.312066,0.005329008,0.2010624,0.001680108,0.01477131,0.8546356,0.7222648,0.00963461,0.9467334,0.02729654,0.9322077,0.1993343,0.006891519,0.7071867,0.0187643,0.02719118,0.02901978,0.007083263
"PDD26",0.09406607,0.01557519,0.01721377,0.04655952,0.008923139,0.787082,0.6989175,0.2314959,0.9699038,0.09574724,0.01189753,0.009541737,0.277518,0.02623668,0.9224447,0.2969538,0.8332241,0.0140593,0.9057132,0.05856225,0.05610299,0.2083809,0.003729859,0.06983675,0.009950249,0.01491604,0.8667358,0.6834834,0.02137376,0.9366982,0.03359381,0.9097552,0.07302699,0.009131293,0.5170028,0.01286852,0.03499495,0.0315264,0.011243
"PDD25",0.114548,0.02044215,0.01937716,0.0263194,0.00240096,0.6236279,0.6874461,0.2523622,0.9775834,0.2342136,0.06129936,0.005125905,0.3983539,0.03306301,0.9582058,0.2810674,0.8488413,0.009545533,0.940473,0.04177488,0.0458595,0.2077344,0.008273123,0.2041348,0.005543237,0.03099947,0.860559,0.7677279,0.01420073,0.9369884,0.05113896,0.8500046,0.07189145,0.01160524,0.6921197,0.006362019,0.03359289,0.03198995,0.007415576
"PD1",0.08633929,0.0269625,0.01353932,0.005531457,0.008325281,0.7587718,0.7105919,0.2096932,0.9653681,0.08690342,0.04091729,0.01123268,0.2910542,0.0732151,0.8714371,0.03813752,0.8344777,0.005118533,0.912324,0.04892672,0.04522672,0.284325,0.002928944,0.1571321,0.008417075,0.01218251,0.8971096,0.6915432,0.0160796,0.9458631,0.04153592,0.9235278,0.126248,0.003173029,0.6496285,0.005891498,0.02399139,0.01937682,0.0108484
"CTRL24",0.1189237,0.017931,0.03367429,0.004888903,0.00526118,0.7506717,0.6989458,0.244094,0.9721624,0.03588606,0.0310152,0.01038118,0.3577313,0.0853389,0.9011629,0.009263774,0.8365573,0.01101601,0.863957,0.04837391,0.06334597,0.3208178,0.006745471,0.1519101,0.003615983,0.01295471,0.8747867,0.6793825,0.01453535,0.9258272,0.04386182,0.9101313,0.09947585,0.004557797,0.6305738,0.007726864,0.04115064,0.03716846,0.01211431
"PD55",0.07350992,0.006134563,0.01768252,0.03722882,0.01062946,0.7511477,0.7608053,0.2554948,0.9804571,0.070641,0.03115996,0.003224792,0.2801339,0.06439922,0.9471329,0.005939593,0.8664915,0.005986528,0.9389747,0.03731852,0.04879049,0.2164644,0.00551604,0.1390025,0.004930312,0.01416724,0.8546256,0.6395718,0.01552368,0.9412898,0.04187605,0.9270917,0.1136704,0.01661095,0.6377826,0.01091073,0.02918993,0.0175129,0.005813219
"CTRL15",0.07848657,0.02502753,0.02138738,0.02594483,0.006231118,0.7604623,0.6272485,0.2200169,0.9833358,0.07107802,0.02040207,0.009502465,0.334474,0.06390426,0.9626766,0.1898641,0.7884628,0.008758609,0.8529866,0.0508015,0.04620784,0.2805855,0.005969953,0.2055767,0.006735381,0.01248918,0.8598146,0.7201382,0.02223687,0.9786133,0.03586732,0.9363987,0.1324126,0.009019309,0.6478076,0.01557719,0.02664658,0.03203711,0.009532047
"CTRL63",0.09448831,0.02923396,0.01859944,0.002268834,0.002384684,0.7138434,0.7293124,0.2630358,0.9870753,0.09350554,0.006950083,0.006266257,0.2765853,0.03000706,0.8203045,0.05332373,0.8855603,0.009938992,0.8795722,0.02227291,0.05383305,0.3370921,0.006971893,0.2386924,0.005905659,0.018113,0.9156545,0.6400568,0.01277159,0.9046628,0.05806892,0.9509596,0.07023316,0.005035159,0.6350258,0.009050077,0.01634726,0.02582911,0.01243769
"PDD60",0.07462997,0.09820794,0.03447612,0.01727329,0.008430948,0.6682679,0.610729,0.1832696,0.9607946,0.09459234,0.05231087,0.01144353,0.3809589,0.04041194,0.9336184,0.1202175,0.8644179,0.01667596,0.9094182,0.07506636,0.07040987,0.3096122,0.002878966,0.1705755,0.01021873,0.01613879,0.7426832,0.7358749,0.02551331,0.9491664,0.04380637,0.871229,0.1342354,0.0007560722,0.6584945,0.009979886,0.03877979,0.03667579,0.01652995
"PDD51",0.07471323,0.02907471,0.03244561,0.05307352,0.008363202,0.6694155,0.5946722,0.157448,0.9608598,0.06699496,0.04135179,0.01223602,0.3130307,0.01554711,0.9540503,0.0132359,0.896792,0.01717182,0.863983,0.02683571,0.08754039,0.2414703,0.009646302,0.1701977,0.01182376,0.01270507,0.8445897,0.6875736,0.02350967,0.9379449,0.07822686,0.8484749,0.06332533,0.006912153,0.6496684,0.01824119,0.0322194,0.02951553,0.01068085
"PDD43",0.08470366,0.01348967,0.03740968,0.03018978,0.01296691,0.785224,0.6962394,0.2343216,0.954127,0.01597542,0.03395403,0.009018517,0.3066963,0.06441477,0.9541568,0.3550911,0.8736011,0.009770877,0.9299876,0.02528106,0.07011023,0.2594658,0.00901404,0.1071723,0.01165266,0.02062804,0.8087276,0.588807,0.02600129,0.9379246,0.03844268,0.8983623,0.1079618,0.01260723,0.6510134,0.009602036,0.02783168,0.02667846,0.01561488
"PD14",0.08831883,0.05569127,0.01561462,0.005621739,0.00631057,0.8262746,0.7053877,0.3041551,0.9706981,0.03542054,0.01511778,0.004663252,0.3573873,0.03318226,0.8297331,0.2650643,0.8254671,0.0132509,0.9072876,0.079427,0.05353874,0.3355749,0.006916569,0.2898821,0.007126097,0.01941553,0.9196767,0.5908676,0.01902774,0.9398548,0.04312967,0.9403601,0.1608249,0.01158096,0.6349763,0.01411466,0.02956428,0.02987116,0.01465358
"PDD5",0.09689217,0.03323134,0.01590551,0.1288634,0.01357594,0.7170836,0.6279094,0.2112112,0.9481414,0.1542117,0.04101662,0.01370733,0.3938081,0.04590314,0.8739275,0.2234784,0.8197402,0.02408667,0.897784,0.07771765,0.07241083,0.2896086,0.01102296,0.1842276,0.01768152,0.02404667,0.7485493,0.6269414,0.02569029,0.890349,0.03921982,0.9399507,0.07005286,0.01839144,0.6364119,0.01601679,0.02444575,0.03799432,0.02124549
"PD37",0.09074254,0.02354061,0.03095485,0.02764364,0.004586832,0.8169615,0.7047494,0.2460113,0.9760444,0.03649074,0.02325784,0.0111291,0.3721046,0.05676613,0.9636415,0.02269334,0.8422494,0.00762791,0.9178695,0.05984353,0.05474493,0.3021189,0.0128388,0.2001285,0.0079678,0.02621865,0.8757145,0.581637,0.01695383,0.9516904,0.05271499,0.9106624,0.1357299,0.003757044,0.6881531,0.01305695,0.01869054,0.02535566,0.01600121
"CTRL80",0.05339098,0.03937532,0.01906698,0.005661807,0.00827801,0.7964061,0.7826513,0.150047,0.9639379,0.0450051,0.01400426,0.008466064,0.3008691,0.03364614,0.7913867,0.09075025,0.7937445,0.03403874,0.9189585,0.05154095,0.06841612,0.293265,0.002510622,0.105076,0.009255797,0.02187069,0.8664484,0.5751812,0.01700729,0.9275052,0.03917326,0.9320526,0.0688536,0.002829712,0.5763569,0.005119891,0.02593711,0.029191,0.008743206
"PDD74",0.06885436,0.05753177,0.0347013,0.04023445,0.007985734,0.8602021,0.6950203,0.1776556,0.9626334,0.03750531,0.05384801,0.001699293,0.2784364,0.06064894,0.9883795,0.009624639,0.8232384,0.008221991,0.9630613,0.02241769,0.07114014,0.3194478,0.007488219,0.1624079,0.01181102,0.02669972,0.8443951,0.6894342,0.02664709,0.8900612,0.05017048,0.9289297,0.110731,0.004687042,0.6543333,0.01072885,0.02262312,0.06918431,0.009779032
"CTRL62",0.09781276,0.05272862,0.02038425,0.003640725,0.0007287664,0.7475961,0.6896034,0.2361657,0.974328,0.05000979,0.02090639,0.0085796,0.279855,0.05814688,0.9161328,0.004592193,0.8531067,0.007853095,0.9005684,0.06355722,0.06791809,0.3350635,0.01093823,0.1870192,0.009786846,0.02830644,0.8864003,0.8124961,0.01370503,0.9661757,0.04015425,0.927581,0.08417227,0.008426722,0.6128837,0.01181592,0.02084808,0.03277414,0.01388051
"PD3",0.1163543,0.02503786,0.02701407,0.1290988,0.01912982,0.7685708,0.5724383,0.2041727,0.9524726,0.1796452,0.04822678,0.02384945,0.437718,0.06601833,0.8742734,0.02591483,0.7934355,0.03750895,0.910402,0.05779105,0.06824424,0.2820317,0.02059462,0.1119596,0.01924433,0.0311518,0.8028488,0.5092996,0.03199456,0.9141967,0.05216535,0.8859479,0.1714541,0.02849845,0.6758668,0.02384802,0.04193682,0.03575003,0.01927987
"CTRL39",0.104642,0.01922651,0.02905329,0.03883064,0.002227011,0.8668697,0.6812264,0.2397066,0.964236,0.04727254,0.05969175,0.01819923,0.39574,0.04787234,0.8925833,0.01894553,0.8118299,0.01671114,0.9140111,0.06116756,0.0654679,0.3436391,0.005147606,0.1788688,0.01227357,0.01554046,0.8566368,0.5920729,0.0189185,0.9144407,0.04288114,0.9535325,0.1466922,0.01430469,0.7401774,0.00936024,0.03969296,0.0288205,0.0144882
"CTRL97",0.08642636,0.02216552,0.02686281,0.02503434,0.005808731,0.81951,0.6788666,0.2724933,0.9743707,0.04708793,0.02358606,0.01413604,0.3507826,0.03516213,0.8823314,0.006834152,0.8423387,0.009640587,0.9108625,0.1006655,0.043204,0.3106552,0.008295153,0.2100313,0.01242665,0.01010782,0.8778761,0.7765357,0.0198593,0.9689768,0.0543971,0.9545308,0.141679,0.007407407,0.633157,0.00592491,0.0280017,0.02888515,0.00864704
"PD47",0.0581959,0.03444102,0.02440429,0.02864839,0.004455488,0.7583785,0.6489355,0.1571334,0.9423196,0.1044295,0.03191706,0.01090417,0.3728726,0.0508093,0.869429,0.01813187,0.8098757,0.01472191,0.8937702,0.05559117,0.06766749,0.2711026,0.0127823,0.2098187,0.01002654,0.0152737,0.8360628,0.7289021,0.0156388,0.923198,0.047723,0.9463969,0.1137451,0.009210223,0.6734659,0.00569314,0.03056243,0.03827898,0.02155779
"DLB17",0.05800482,0.02369457,0.01417077,0.04557623,0.01551116,0.8712557,0.7100853,0.1688369,0.9743027,0.07057298,0.01928534,0.008288791,0.316799,0.05087231,0.8436382,0.01564757,0.9061748,0.0190031,0.9281329,0.0389858,0.06606309,0.255347,0.01114779,0.1994447,0.01297297,0.02981261,0.7696004,0.5189788,0.029565,0.8629709,0.05496045,0.9252995,0.1245131,0.0131808,0.5797059,0.01018503,0.03123689,0.03388018,0.01886143
"DLB2",0.1265497,0.02232203,0.01498788,0.02714846,0.01790469,0.6646287,0.7901673,0.1916561,0.9591454,0.09377146,0.0444934,0.02135754,0.3475583,0.03487685,0.8522631,0.01924408,0.8673931,0.03828667,0.8367756,0.04543264,0.07091413,0.2544213,0.01570718,0.1284707,0.01506877,0.02622005,0.7236478,0.5087614,0.03125872,0.9302072,0.03881955,0.8712865,0.08330018,0.01673336,0.6791858,0.02341625,0.05274985,0.04150676,0.02217213
"CTRL35",0.08753735,0.02251925,0.03120071,0.01918996,0.008115204,0.8447393,0.7158089,0.2869304,0.9716723,0.02620149,0.04156842,0.01303697,0.3789836,0.05468176,0.9010744,0.003352555,0.8461338,0.01427788,0.9058925,0.06835789,0.04547339,0.2980306,0.001032525,0.1718839,0.008330993,0.02174398,0.8728692,0.5988865,0.02080427,0.9634707,0.05514672,0.9163201,0.09920938,0.006736675,0.6061853,0.00577636,0.0328788,0.03026461,0.008788957
"PD8",0.1260354,0.02027025,0.01830451,0.04678988,0.01018616,0.8141947,0.7645442,0.3481111,0.9732295,0.05805448,0.03266611,0.01778766,0.2850652,0.03551732,0.9434566,0.01696284,0.8637676,0.02578503,0.8892145,0.04668377,0.04646584,0.2721603,0.0164271,0.1723103,0.01799713,0.02941553,0.807451,0.6468058,0.01827243,0.9121058,0.03112481,0.943848,0.2102754,0.02083052,0.5296139,0.01480973,0.03102987,0.03353503,0.0162745
"CTRL51",0.08738119,0.03287082,0.01271819,0.03398351,0.004594181,0.7707238,0.6152837,0.2318028,0.9770503,0.03527028,0.0103349,0.007984032,0.3645364,0.05631636,0.8623499,0.01683867,0.8232207,0.008070872,0.91991,0.04679428,0.04730679,0.2910788,0.006861705,0.186887,0.003326864,0.01462113,0.7987897,0.7981659,0.01293526,0.9546322,0.02941668,0.9418062,0.120178,0.009327984,0.7029748,0.003282276,0.02557922,0.02329178,0.01162297
"CTRL77",0.05744221,0.02035821,0.02619805,0.04073342,0.009357409,0.8180242,0.7006506,0.1555684,0.9782147,0.07582734,0.01796517,0.01166972,0.2834641,0.06538561,0.9020819,0.007414469,0.8326819,0.006307264,0.8851814,0.02764527,0.04970598,0.2476217,0.003045977,0.1467184,0.00885906,0.008900256,0.8453669,0.6672438,0.01819491,0.8980793,0.03401045,0.9397746,0.143627,0.0155096,0.6383876,0.01170891,0.02041186,0.02672422,0.008768113
"CTRL68",0.02866786,0.01880977,0.01767664,0.01500382,0.005909091,0.8196719,0.5979629,0.150781,0.967152,0.09460814,0.02975066,0.01495108,0.2797826,0.04602597,0.9001085,0.2843494,0.835352,0.01036758,0.9236275,0.0599848,0.05833435,0.2684451,0.005872388,0.1618175,0.00763425,0.02066554,0.8322752,0.6293555,0.01887603,0.9582038,0.04324864,0.9625833,0.0838337,0.01387859,0.6211697,0.01276395,0.03068005,0.03947444,0.01152497
"PDD24",0.07657634,0.01243747,0.0173639,0.03836731,0.009352787,0.9208602,0.7487535,0.240338,0.9782461,0.08044745,0.01652004,0.009871095,0.3513026,0.06399132,0.8707214,0.01242947,0.815341,0.01013225,0.9868304,0.03953701,0.04406855,0.3022634,0.005511657,0.1971131,0.007463193,0.01623154,0.8211519,0.6382144,0.01533791,0.9379526,0.05038144,0.9416156,0.05979631,0.004971933,0.6540208,0.009949041,0.02355683,0.03226127,0.006276436
"CTRL19",0.1129511,0.0298136,0.03092919,0.05440014,0.004309726,0.8571111,0.7410866,0.2537211,0.9700548,0.08461551,0.04412292,0.004343105,0.4194347,0.08846414,0.9374133,0.1533333,0.8118285,0.01462599,0.9444875,0.05175719,0.04594144,0.3102321,0.007750145,0.1150258,0.004257061,0.02467428,0.9067212,0.7222331,0.02057157,0.9107824,0.04932866,0.9298757,0.1340074,0.004713805,0.659795,0.009683026,0.02455104,0.02675566,0.008698693
"PDD13",0.1065229,0.05541051,0.01719951,0.006772187,0.007958688,0.613261,0.623002,0.1533273,0.9866516,0.1298674,0.04882077,0.01343922,0.4213697,0.03280286,0.918749,0.03375166,0.8097599,0.01142143,0.9044093,0.06897347,0.043,0.2364993,0.005567717,0.1513837,0.006190673,0.01163238,0.7793631,0.9374885,0.01482743,0.9332129,0.02407337,0.8814186,0.07994145,0.0087934,0.663006,0.00448821,0.01988689,0.01734037,0.01100883
"CTRL43",0.07849902,0.05047585,0.03478215,0.02715735,0.01232984,0.7582951,0.6421248,0.2423797,0.9590492,0.05431625,0.01273293,0.01553494,0.3006935,0.05778093,0.8587016,0.003719148,0.7740412,0.02595916,0.8791143,0.06089078,0.07512806,0.351037,0.007448576,0.1607361,0.01165702,0.01559044,0.9319417,0.7837563,0.01478807,0.9591418,0.06981748,0.9613528,0.1229761,0.007245658,0.7190244,0.01290516,0.02909229,0.02830448,0.009502001
"DLB11",0.08068064,0.01800048,0.02721595,0.02990272,0.00855615,0.7917969,0.7073033,0.2241049,0.9748108,0.08809502,0.03412732,0.01212955,0.3660542,0.03782042,0.9153857,0.007897153,0.8404236,0.01204285,0.900106,0.04401352,0.03721135,0.3472071,0.001773589,0.1975923,0.008693778,0.01816014,0.8104254,0.6853442,0.01730074,0.9141456,0.04964096,0.9393742,0.1120261,0.006255585,0.6871689,0.00746821,0.02825568,0.03376344,0.01026141
"PDD58",0.08566018,0.02067201,0.02747802,0.01380348,0.005117935,0.7547285,0.6704431,0.2326161,0.9771499,0.04029111,0.03797686,0.01784818,0.35304,0.05139726,0.886755,0.0005952381,0.910037,0.01003026,0.9071519,0.06628883,0.06297539,0.3734404,0.006113658,0.1595554,0.005353179,0.01749867,0.8570069,0.5807522,0.01687276,0.9734703,0.04490723,0.9298697,0.09792184,0.007645372,0.6518201,0.01025192,0.02871645,0.05009565,0.01614698
"CTRL42",0.08379945,0.04437303,0.03062754,0.01036629,0.006174572,0.8078974,0.6734472,0.2725696,0.9767216,0.07152196,0.03140811,0.005024028,0.3920583,0.07981403,0.9293421,0.1962779,0.8592417,0.009970512,0.8840255,0.04224434,0.0541144,0.396509,0.004337687,0.228981,0.003606794,0.01461316,0.8822103,0.8185677,0.02706376,0.9499444,0.04836571,0.936104,0.1630846,0.01645179,0.6459639,0.006439964,0.03048441,0.03959839,0.0113649
"PDD53",0.1648263,0.02913688,0.0218564,0.03045555,0.002399204,0.747181,0.6618263,0.2293841,0.9663264,0.02181663,0.03605336,0.01303106,0.3246789,0.0293028,0.9290131,0.1720994,0.8433834,0.01437507,0.8921891,0.03859233,0.05369928,0.2924171,0.008416444,0.1285453,0.004671905,0.009292413,0.7635751,0.6318402,0.02250906,0.955021,0.04558742,0.9235127,0.1532755,0.01124538,0.6918422,0.007177962,0.02737461,0.02801105,0.009615641
"PD40",0.09168634,0.0304184,0.03891802,0.03730566,0.003263403,0.7499283,0.6329597,0.2294749,0.9691537,0.04176817,0.01952468,0.006242387,0.3676691,0.05147168,0.9115966,0.009758478,0.8193516,0.01349096,0.9536049,0.05119538,0.07170974,0.3672139,6.399181e-05,0.1589224,0.006609094,0.01553921,0.858518,0.6352447,0.0209733,0.9322117,0.03447924,0.9436596,0.09501436,0.003138268,0.7264741,0.008296055,0.03272201,0.02639747,0.01592448
"PDD44",0.1059803,0.03402865,0.02652038,0.07422724,0.00802249,0.7712075,0.7093065,0.2110018,0.9599526,0.06762723,0.05118274,0.00847516,0.3355503,0.04214268,0.9158015,0.004867496,0.8863343,0.02445886,0.9206676,0.01884935,0.07427981,0.2918451,0.006387131,0.1896587,0.01316776,0.02005731,0.7668666,0.6475112,0.02502574,0.9435268,0.02997985,0.8947058,0.09459996,0.01109021,0.594948,0.01672036,0.03676166,0.03196514,0.01835944
"PD6",0.08692885,0.01022789,0.0159486,0.0489252,0.01212546,0.7946139,0.7223408,0.1481614,0.948429,0.1198633,0.02164263,0.01607717,0.3451039,0.03582021,0.8190403,0.01852626,0.840197,0.03132073,0.8846938,0.03639155,0.07421325,0.2719196,0.01239083,0.1516886,0.01611023,0.02082169,0.8059406,0.5596213,0.01831049,0.8959227,0.04339378,0.9426813,0.09028225,0.01390465,0.6567585,0.01368301,0.03686738,0.02596303,0.01282571
"CTRL1",0.1092873,0.01985003,0.01299101,0.05393077,0.009778744,0.7882361,0.6745909,0.1998001,0.963468,0.1512434,0.02568664,0.01675781,0.4091097,0.0416749,0.8914018,0.01797386,0.8394847,0.01691642,0.8930689,0.02751931,0.0527735,0.2759277,0.008699466,0.1584633,0.01757001,0.02877698,0.8913934,0.5798606,0.02081037,0.9081216,0.04290009,0.9304024,0.06320651,0.01163095,0.7232405,0.01315284,0.02874225,0.03187479,0.02182823
"PD35",0.09450092,0.03008936,0.02486575,0.004088989,0.002019765,0.7184241,0.6918543,0.2062978,0.9617149,0.09928071,0.04293482,0.007802875,0.2969499,0.0467403,0.9254248,0.01270258,0.9046451,0.01884125,0.8790746,0.06097883,0.05145642,0.314328,0.009232036,0.169249,0.01339898,0.01409736,0.7830189,0.6708281,0.03996472,0.9673774,0.04670446,0.8727235,0.1133161,0.007726796,0.63607,0.01433239,0.04996714,0.03093323,0.01150689
"PDD41",0.1008507,0.01024897,0.03484341,0.04477607,0.008023023,0.8006944,0.6810563,0.2180636,0.9444433,0.0556156,0.05608448,0.01213468,0.328401,0.06679458,0.9329817,0.01044493,0.8324606,0.009475131,0.8470315,0.03577007,0.05316339,0.2447674,0.004165753,0.2111093,0.01113252,0.01659612,0.8967569,0.6774418,0.02032732,0.9435114,0.04690687,0.9086101,0.0884432,0.005934718,0.6229436,0.009929907,0.03750754,0.03170818,0.01716824
"PDD70",0.0864873,0.0523428,0.01637138,0.05366297,0.004814697,0.7838095,0.7676339,0.1942396,0.9878285,0.07230076,0.03982462,0.006765548,0.2722729,0.04253098,0.8969002,0.2729297,0.855984,0.009445699,0.9046389,0.03624413,0.05179387,0.3347957,0.00625323,0.1524366,0.008263285,0.02030457,0.8822212,0.6111832,0.01365285,0.940012,0.03491389,0.9357472,0.1148698,0.006742739,0.6533858,0.000826731,0.02529324,0.03784229,0.01712073
"PD59",0.06582307,0.02470341,0.02192115,0.07232841,0.00959974,0.8388396,0.6299203,0.2210411,0.9459387,0.07905394,0.03135074,0.005519356,0.348084,0.03327338,0.9359172,0.00672748,0.8846567,0.008310308,0.9368191,0.05113052,0.07346839,0.3027117,0.006417411,0.2051003,0.007973775,0.01955565,0.8178739,0.6300323,0.015999,0.9624433,0.03045889,0.9437058,0.0823892,0.01103434,0.6520023,0.007309348,0.03109663,0.03109631,0.01280834
"PDD28",0.06589128,0.01584123,0.01003542,0.01743339,0.009369739,0.5457969,0.6158516,0.1362464,0.9715741,0.07864976,0.04740567,0.005524455,0.3688223,0.03026653,0.8686631,0.01056604,0.8242097,0.01098769,0.8937504,0.03208757,0.07890794,0.3045753,0.007327081,0.1141063,0.005586133,0.01616773,0.8468743,0.6452381,0.01818497,0.9044765,0.0651403,0.8424234,0.09916551,0.008042066,0.7119565,0.007039055,0.01948004,0.0266987,0.02023412
"CTRL78",0.08042956,0.03676864,0.0232575,0.07176928,0.01267963,0.7350394,0.6470788,0.2090804,0.9641121,0.1003552,0.03648231,0.01406553,0.3642767,0.06863528,0.8193247,0.08907022,0.830403,0.02824863,0.8596023,0.055778,0.04988167,0.3364929,0.01227259,0.1784049,0.01056545,0.02794063,0.8570971,0.5807433,0.01371672,0.8924717,0.04531908,0.9169803,0.04686071,0.01211034,0.5982516,0.02024737,0.04113437,0.03826654,0.0267603
"CTRL64",0.06499016,0.02228045,0.01685741,0.04555334,0.009360635,0.7369889,0.599939,0.1896838,0.9600332,0.1775306,0.02332971,0.01283456,0.2669514,0.0476084,0.8870252,0.09795142,0.7809676,0.01742067,0.9249017,0.04165417,0.08484762,0.2521855,0.009101985,0.1125659,0.01337598,0.0257661,0.8850882,0.6478613,0.01820046,0.8508175,0.04985745,0.9273557,0.07796213,0.01379827,0.6758158,0.01232733,0.02738393,0.0232177,0.01212754
"PD48",0.08515622,0.06316672,0.03015371,0.05188326,0.008862983,0.8065644,0.6567119,0.1965955,0.9661661,0.03028912,0.04820716,0.01642159,0.3604363,0.04948204,0.945785,0.01265518,0.8138943,0.01130632,0.8881739,0.07109695,0.06417819,0.3046808,0.007022291,0.1679794,0.02019584,0.02737048,0.808906,0.7316617,0.03298251,0.9210975,0.03703419,0.9220034,0.1440422,0.009590918,0.6281711,0.01100602,0.02924581,0.02910762,0.02870646
"PD21",0.1055019,0.01245684,0.01956664,0.07006632,0.01497529,0.727813,0.6656171,0.2471464,0.9774018,0.1869899,0.02925005,0.01437543,0.3835613,0.02690058,0.9261792,0.1225589,0.838913,0.008418743,0.9006778,0.03512037,0.0784,0.275798,0.01055897,0.09223957,0.009080688,0.01675008,0.7360507,0.7001695,0.01564081,0.8911222,0.02307759,0.9264705,0.08672652,0.007804972,0.6003351,0.01017583,0.02003482,0.03222847,0.01391014
"CTRL95",0.09701732,0.01911271,0.03060097,0.009726729,0.004655239,0.7687606,0.5898706,0.2262838,0.962321,0.1166493,0.02851616,0.01261746,0.3763169,0.06210169,0.8981391,0.08125203,0.8608768,0.01377524,0.9073414,0.03574854,0.05248307,0.3380085,0.001822497,0.143071,0.008327299,0.02370788,0.8471935,0.6117094,0.01746046,0.9525526,0.034556,0.9490885,0.1042027,0.002013943,0.7433394,0.008617698,0.02605941,0.03456813,0.01983633
"CTRL57",0.1079896,0.02576584,0.01978302,0.009725079,0.006943429,0.833367,0.7042041,0.1746163,0.9735672,0.05689741,0.03324429,0.01670567,0.324077,0.02713435,0.8412602,0.2191888,0.7740395,0.01065432,0.9100389,0.0331989,0.06386249,0.2920639,0.001656511,0.1944425,0.01011441,0.01215521,0.901975,0.7188828,0.01786411,0.95317,0.02483637,0.9365316,0.1052383,0.004254164,0.6169365,0.009182335,0.02501293,0.03477437,0.01100013
"PDD30",0.1005579,0.02354298,0.03369107,0.0400253,0.01062356,0.7868477,0.6961841,0.2332438,0.9657081,0.06153946,0.02579514,0.01554019,0.314083,0.06215124,0.8900729,0.01159251,0.8944966,0.02269219,0.9384747,0.08498283,0.06723338,0.3712619,0.007184887,0.1935944,0.005683971,0.02771415,0.9131382,0.5359612,0.02869669,0.9131646,0.04974889,0.9318395,0.1121544,0.001549267,0.609675,0.009147116,0.03873999,0.0386448,0.01081327
"PDD22",0.08448225,0.01541421,0.01686096,0.04686293,0.007737791,0.7963074,0.816727,0.2451432,0.9776553,0.04418284,0.0356585,0.01135322,0.3168316,0.04446357,0.9404413,0.008906234,0.8561635,0.007544991,0.9389356,0.05547901,0.06172402,0.2583023,0.00213774,0.09218466,0.002108678,0.01970216,0.8509491,0.7482605,0.02871939,0.9347808,0.04535128,0.9079889,0.1330132,0.01135598,0.6444282,0.008460888,0.02709433,0.02642602,0.02096107
"DLB15",0.109308,0.02928406,0.01253319,0.0740757,0.011727,0.6262359,0.6531217,0.2031196,0.9771585,0.112152,0.04023085,0.02064685,0.277774,0.05196629,0.909824,0.02335766,0.8392709,0.02141224,0.8142551,0.03459179,0.06485888,0.2355187,0.01473245,0.1118773,0.01964286,0.0377305,0.8775925,0.7139257,0.02987481,0.9378926,0.03375042,0.8401062,0.05277003,0.0235732,0.6803288,0.02645903,0.03932447,0.03675977,0.02193783
"PD50",0.09461847,0.04569923,0.03130103,0.02473715,0.004302499,0.8157527,0.6849046,0.2649909,0.9543107,0.04243213,0.04713328,0.01004614,0.302571,0.03939093,0.9135725,0.01649647,0.8420549,0.0103971,0.954984,0.04761025,0.05521041,0.2865496,0.0112017,0.182529,0.01143123,0.01617807,0.8740286,0.6723039,0.02749677,0.8867333,0.03810807,0.947522,0.1173985,0.01008386,0.6710313,0.01352657,0.03144264,0.02911636,0.01483654
"CTRL29",0.08140955,0.0334783,0.03297323,0.01244817,0.008371261,0.7282415,0.6015876,0.2613199,0.976109,0.04717019,0.02616127,0.002846075,0.2569257,0.06368715,0.8907787,0.003694723,0.8274007,0.01015979,0.8957819,0.06216087,0.0595082,0.2037492,0.003469211,0.106369,0.006814815,0.02129075,0.8625946,0.6803536,0.02405026,0.9679811,0.05250749,0.85274,0.213733,0.0007902461,0.6170295,0.01412405,0.03515287,0.02894402,0.01665878
"PDD54",0.1046771,0.03225818,0.0278098,0.02397491,0.004048583,0.7595638,0.713866,0.240187,0.9543965,0.1023095,0.02647338,0.01015123,0.3513084,0.04311985,0.9177366,0.1503699,0.9084638,0.01062343,0.9126757,0.04351386,0.06004521,0.2519409,0.01078272,0.1147579,0.007746659,0.02596279,0.7441516,0.6812334,0.02250386,0.9527168,0.03440882,0.9295976,0.0905805,0.003584586,0.5463918,0.01067008,0.03911701,0.02813333,0.009334761
"PDD27",0.05610326,0.05506098,0.009003261,0.04005111,0.008766672,0.8688207,0.7375703,0.3021271,0.9799455,0.003334501,0.0370259,0.005321575,0.3925982,0.09630714,0.8603029,0.01712483,0.8558739,0.01732347,0.9000696,0.03951387,0.05433263,0.3702469,0.005070423,0.2388904,0.004804139,0.02117517,0.8817259,0.6446204,0.02151337,0.9407814,0.02487206,0.9544563,0.154676,0.006331117,0.6146905,0.009043597,0.02326502,0.03258061,0.008911351
"DLB24",0.1170964,0.03662476,0.02175077,0.05180355,0.006097561,0.7937804,0.6974087,0.2018527,0.957501,0.03221381,0.04431797,0.01379798,0.3571539,0.03054469,0.9284547,0.01254553,0.830774,0.01998269,0.9552879,0.01195571,0.07181487,0.2775123,0.006805158,0.1294845,0.008739985,0.02006247,0.8146815,0.681683,0.02869898,0.9468585,0.03837709,0.9263824,0.08926127,0.02119327,0.5743989,0.01291532,0.05215206,0.03039784,0.0215193
"PD23",0.1127462,0.03803251,0.01795367,0.02252534,0.009813974,0.8161641,0.6803296,0.216758,0.9768128,0.04760344,0.03129844,0.01225881,0.2652603,0.03287589,0.8732622,0.1865054,0.8861312,0.009193433,0.9349548,0.03521635,0.06063089,0.2674431,0.005375723,0.1921852,0.005986509,0.01673423,0.8208435,0.6551893,0.01536862,0.9477447,0.03119444,0.9246115,0.09801211,0.01276371,0.6157536,0.00941815,0.03147641,0.0241697,0.01825486
"PD30",0.08936723,0.04496359,0.01772186,0.04116476,0.006406269,0.8301217,0.7434666,0.2283209,0.9579059,0.05280439,0.02786982,0.01065898,0.3383161,0.038029,0.8934453,0.1832061,0.8451636,0.01181641,0.9394243,0.07930997,0.04934742,0.3553697,0.001413169,0.1293016,0.008751549,0.0201278,0.8197073,0.5979712,0.01868383,0.9304309,0.04525956,0.8938178,0.1097866,0.01355774,0.7004845,0.002425401,0.02143119,0.02257712,0.01233108
"PDD15",0.06681992,0.05246174,0.01442128,0.07319185,0.01556242,0.8173396,0.7187805,0.2106861,0.9596823,0.08958183,0.01877084,0.01509284,0.2808482,0.04576503,0.8369221,0.2029709,0.814104,0.02106591,0.9298173,0.04290899,0.05451911,0.2035344,0.008411677,0.1438512,0.0099514,0.02352941,0.831784,0.5753026,0.02235589,0.9386971,0.03820803,0.9419492,0.09997152,0.02080344,0.6383704,0.01707506,0.04429975,0.03105769,0.03092354
"CTRL50",0.08088195,0.01785073,0.01151408,0.01913865,0.005565737,0.7967668,0.6822246,0.2038717,0.9830977,0.0594669,0.02820279,0.01062148,0.3315036,0.0268619,0.8795051,0.0758069,0.8754223,0.01186879,0.9358425,0.02738011,0.06363257,0.3085275,0.006972379,0.1514435,0.01076863,0.0230476,0.812357,0.8120898,0.01633087,0.9587072,0.02153696,0.9253056,0.1239608,0.01114907,0.5622434,0.01114226,0.01741,0.02964791,0.007725437
"CTRL93",0.07813856,0.05642081,0.01704798,0.001592521,0.001507971,0.8135757,0.568069,0.2865032,0.9864909,0.089405,0.03154629,0.009575147,0.3965703,0.03622998,0.8641497,0.1901946,0.7499208,0.009057828,0.9522748,0.06570014,0.04202135,0.3149204,0.003456619,0.1510247,0.008984598,0.01247827,0.855403,0.7654242,0.01288997,0.9483045,0.0431502,0.9358415,0.1188254,0.007456504,0.5874573,0.008461877,0.03315664,0.03006735,0.01490708
"PDD35",0.06610254,0.02856085,0.02972435,0.04983668,0.01272974,0.5818776,0.5898366,0.1403238,0.9653623,0.08924601,0.05216839,0.01154279,0.3767779,0.04527796,0.92594,0.01134418,0.8490244,0.0142236,0.8495582,0.0799609,0.05320278,0.289683,0.009278711,0.1036901,0.01366839,0.02248021,0.8534066,0.7151876,0.02187802,0.9557293,0.03822952,0.8585061,0.05466296,0.01273311,0.6499507,0.006588413,0.02536802,0.0304358,0.01173312
"CTRL73",0.08572842,0.02425374,0.01879441,0.06034566,0.0121533,0.7968876,0.6875897,0.1906247,0.9757715,0.1114627,0.03214313,0.01068091,0.3079256,0.0478849,0.9463268,0.01439313,0.832495,0.01501294,0.7883305,0.05254615,0.0662768,0.2452421,0.005864918,0.212033,0.009146057,0.02848434,0.8323336,0.654671,0.016293,0.9278784,0.04231377,0.9263912,0.07571941,0.009946602,0.7107153,0.01311327,0.01491144,0.03175117,0.01022181
"PDD6",0.1187346,0.03036359,0.01342877,0.01024886,0.003547086,0.634427,0.6699087,0.2522769,0.9751802,0.1453637,0.1192467,0.008499354,0.3639077,0.02199883,0.9254353,0.01591316,0.839568,0.009358212,0.9085421,0.06452092,0.03418704,0.2369271,0.01111963,0.1400435,0.008841249,0.01495101,0.8598091,0.6802088,0.02487859,0.9514521,0.02723024,0.8426897,0.1024354,0.006316767,0.6664928,0.005577867,0.02932995,0.02849771,0.01347657
"CTRL13",0.04373447,0.03658697,0.01398662,0.02079674,0.002023309,0.8261995,0.6256388,0.2413608,0.9468867,0.02783104,0.02552819,0.01461923,0.3683841,0.04172837,0.8670559,0.399063,0.800348,0.01320699,0.903096,0.03943127,0.05801176,0.26748,0.008,0.2309956,0.001255718,0.02026509,0.8927391,0.791867,0.01852041,0.9693186,0.03968353,0.9495107,0.1026802,0.01229793,0.6096876,0.00678392,0.02461479,0.03011792,0.005704837
"PDD73",0.1057982,0.01191183,0.01944444,0.1463905,0.009922193,0.883486,0.6893963,0.1615271,0.9679364,0.07521505,0.01851105,0.004903278,0.3185009,0.02957824,0.7956606,0.09406626,0.892725,0.009841815,0.9537068,0.0184993,0.04086739,0.274402,0.01206835,0.08935654,0.00504961,0.006974717,0.8712547,0.5549629,0.009684277,0.9390207,0.02576002,0.9595597,0.05344053,0.007470165,0.5327121,0.0160801,0.02531805,0.03323216,0.02241494
"CTRL81",0.06197421,0.02887589,0.0219307,0.01556402,0.0002691066,0.8281488,0.676266,0.2139814,0.9623913,0.05102912,0.03525038,0.009258568,0.3500439,0.03125,0.9320857,0.006641671,0.8549334,0.01038046,0.9307793,0.03573246,0.07793646,0.297953,0.01171875,0.1709295,0.01152208,0.01952214,0.7935527,0.7897092,0.01976218,0.9359742,0.04397743,0.909889,0.1230867,0.007020152,0.6958398,0.01122995,0.03626046,0.03691004,0.008560514
"CTRL33",0.1127995,0.01734575,0.01544703,0.01456779,0.0066411,0.869835,0.6357743,0.272822,0.9550307,0.03080389,0.05404243,0.016222,0.3681859,0.04100461,0.8982843,0.2272313,0.8565311,0.0147507,0.9417819,0.043333,0.0449908,0.3408502,0.003195126,0.2049402,0.01634565,0.01456249,0.8395792,0.6568488,0.02064244,0.9503428,0.02668332,0.9360427,0.1038825,0.006169793,0.5175258,0.01037344,0.02943408,0.0291621,0.005036118
"PDD49",0.1118244,0.03017554,0.01906831,0.01754594,0.002610114,0.7854227,0.7017665,0.1967326,0.9463254,0.04470172,0.03996383,0.0117028,0.2733204,0.05827528,0.9503402,0.3793711,0.862458,0.003060199,0.8924151,0.02268633,0.06761178,0.2133163,0.005252918,0.1655828,0.003575685,0.01740683,0.9061732,0.7573289,0.01479809,0.950677,0.06348621,0.9124736,0.1100962,0.006821282,0.6537958,0.007636474,0.0340407,0.02927219,0.01146499
"PD27",0.08885675,0.03754234,0.03374917,0.01719958,0.006402656,0.7486144,0.6386799,0.2310129,0.9671259,0.05878021,0.04036446,0.01095571,0.4004929,0.0459416,0.86259,0.1615564,0.9047311,0.01939218,0.9217222,0.03972105,0.06535779,0.3105814,0.005698553,0.1378897,0.0123667,0.01056763,0.8791682,0.5127066,0.02630478,0.9355361,0.05462223,0.9158115,0.1236022,0.01162547,0.6970285,0.008628634,0.03077507,0.05157097,0.01456476
"PDD4",0.1097584,0.03723436,0.02397205,0.07760638,0.01626898,0.8660688,0.7588424,0.2823522,0.9398527,0.1716396,0.02809337,0.01140312,0.3430839,0.04872564,0.7957973,0.02131481,0.7774794,0.02205151,0.9115227,0.05420465,0.07232988,0.2374525,0.01614082,0.1156402,0.01406866,0.02604549,0.8654367,0.5380812,0.03975176,0.881046,0.05903551,0.9629211,0.1043602,0.02475309,0.5210465,0.01443242,0.05228174,0.05940721,0.01246367
"PD58",0.1225178,0.01907607,0.01941432,0.01783086,0.00211685,0.811467,0.6335711,0.1903894,0.9744622,0.03954354,0.05266443,0.0130954,0.3497133,0.03598862,0.9442086,0.01463687,0.8729779,0.0009200491,0.9234773,0.03068626,0.04549104,0.3042624,0.009473027,0.1478975,0.001735968,0.02053562,0.7877065,0.624225,0.01318269,0.9633639,0.03823781,0.934934,0.1059783,0.008723088,0.6248222,0.01218128,0.02772053,0.03119392,0.01402267
"CTRL85",0.06606827,0.01678506,0.02120059,0.01267765,0.004790234,0.8503234,0.7284087,0.2877037,0.9583545,0.1162969,0.05216099,0.01691225,0.2413331,0.05178969,0.8995241,0.006647368,0.8839811,0.01587174,0.9041866,0.02956126,0.06453439,0.2159251,0.004369265,0.140478,0.009848812,0.02259304,0.8815414,0.6925839,0.0219415,0.9084523,0.04030388,0.9124066,0.0809443,0.01392954,0.6577851,0.006164828,0.01871628,0.0330996,0.01015668
"PD52",0.1035268,0.01605852,0.01055785,0.03656553,0.00921574,0.7442953,0.715212,0.2506169,0.9819681,0.03999374,0.05653485,0.007151172,0.3367151,0.02385976,0.9310448,0.2976401,0.819844,0.006219019,0.9182412,0.0398201,0.03740405,0.2329124,0.00314052,0.0945298,0.008426688,0.01206876,0.8295414,0.7358959,0.01767179,0.9361208,0.03839702,0.8964974,0.1205518,0.008519318,0.6127918,0.004551489,0.02255519,0.02479438,0.00754697
"PD60",0.09290844,0.02407216,0.01862499,0.03824737,0.01302228,0.6949326,0.6597631,0.1484036,0.9766215,0.02771222,0.05882704,0.01011259,0.3496385,0.03262493,0.9284233,0.1801407,0.8237905,0.01281719,0.8613504,0.03869637,0.0581869,0.2589901,0.008638272,0.09556665,0.01198817,0.02284872,0.8740032,0.5690576,0.01516102,0.9099726,0.05619597,0.9178607,0.1205361,0.007532627,0.6679802,0.00974026,0.03667103,0.03415904,0.01581384
"PD61",0.0469635,0.02429798,0.02426694,0.01563829,0.01110547,0.7660075,0.6873303,0.1662259,0.9492088,0.04452756,0.04098575,0.008697411,0.2938685,0.03026209,0.9256471,0.05497209,0.8817412,0.01130038,0.9336736,0.05711268,0.05674469,0.2801716,0.007755373,0.1077248,0.008198679,0.02459863,0.8149165,0.7013232,0.02436881,0.9639844,0.04306891,0.9279993,0.1176383,0.01058247,0.676533,0.01005545,0.01974963,0.03212169,0.01320599
"CTRL11",0.0749091,0.01703524,0.02084212,0.02548028,0.005325133,0.7838887,0.6080255,0.2940911,0.9763993,0.05927733,0.03565539,0.009406399,0.3584968,0.05588453,0.8463105,0.01105422,0.8146841,0.01119633,0.9628136,0.04070905,0.04414026,0.3253803,0.009785676,0.1143479,0.007644319,0.01700138,0.8703249,0.5761838,0.0171246,0.9445446,0.03631518,0.9576894,0.1025195,0.005106127,0.6370309,0.01052296,0.03213603,0.02466191,0.01006003
"CTRL40",0.1142606,0.02016924,0.03414518,0.03808675,0.006872407,0.8415483,0.6960696,0.2604377,0.9665253,0.04759005,0.03465598,0.009918393,0.3437803,0.04177913,0.8479451,0.006917599,0.8502912,0.01878637,0.912833,0.09469397,0.06291718,0.3345787,0.007370437,0.2048346,0.01260193,0.01614136,0.8689146,0.7152589,0.01636185,0.9569649,0.04805547,0.9402278,0.1416106,0.007015246,0.6303364,0.01147656,0.03027123,0.04447602,0.01385373
"DLB35",0.1302103,0.01813349,0.02914694,0.02191904,0.008439898,0.799659,0.6699562,0.2563516,0.949473,0.05805728,0.02948385,0.0008459521,0.3543754,0.04863222,0.839938,0.008583691,0.8833104,0.02036488,0.926509,0.05713026,0.06319862,0.356651,0.006922144,0.1759366,0.01505634,0.01788539,0.7133456,0.6700287,0.01692709,0.9400913,0.04933025,0.9489288,0.1303225,0.01392758,0.6559557,0.009869612,0.02641755,0.03030524,0.0110039
"PD9",0.09221457,0.03848576,0.0232902,0.05433532,0.01039817,0.7871246,0.7180214,0.1738017,0.9650842,0.09635329,0.04696614,0.02358408,0.3598426,0.0339451,0.8514646,0.01238646,0.8651314,0.01825157,0.8941518,0.07382913,0.07795777,0.2883191,0.01043062,0.1792161,0.01505562,0.02000256,0.8908006,0.6391058,0.04121699,0.9281366,0.04630176,0.8571328,0.10477,0.01884058,0.647236,0.01399515,0.02273998,0.03110689,0.01624757
"CTRL79",0.06675462,0.02015083,0.009548292,0.0336242,0.005872894,0.7466409,0.6679735,0.1899326,0.960745,0.06508902,0.04903603,0.006090731,0.3612014,0.05509012,0.9024726,0.1561451,0.8382616,0.01639318,0.9304785,0.05001873,0.04001459,0.321373,0.005210888,0.1371691,0.01130799,0.02150769,0.914494,0.7563936,0.01925986,0.9337335,0.02568834,0.9373793,0.04592458,0.005547379,0.6100121,0.01023947,0.02200106,0.02666043,0.01353617
"PDD61",0.09883751,0.04487856,0.0324872,0.01680915,0.01184366,0.7676438,0.7024493,0.2065747,0.94344,0.06189542,0.0419871,0.00746675,0.3302314,0.01462166,0.899478,0.1846976,0.8523647,0.01479632,0.9058288,0.03993756,0.06398206,0.3189205,0.01189931,0.1926565,0.01099006,0.01534155,0.8618774,0.6573514,0.02224709,0.9282614,0.03456747,0.9574669,0.1307108,0.01291838,0.6958655,0.007899777,0.02956105,0.02887044,0.01447714
"PD56",0.05722992,0.03205981,0.01223932,0.03254955,0.005712612,0.8614238,0.6111998,0.1614858,0.9756174,0.05196447,0.020975,0.008473997,0.3318562,0.06382979,0.892815,0.004121162,0.8685698,0.02007764,0.905761,0.04355498,0.0497676,0.2972669,0.001804004,0.1152831,0.005678885,0.01791751,0.7683524,0.7449404,0.01305185,0.9386646,0.03934454,0.9408515,0.08354792,0.003157375,0.5773787,0.003776202,0.02782848,0.03155934,0.008923568
"CTRL55",0.06820899,0.0567861,0.01582356,0.02188557,0.01247588,0.8416919,0.5661643,0.2075276,0.9789937,0.05457332,0.03817142,0.008298217,0.3664702,0.08933508,0.8687494,0.01643368,0.8152139,0.01744676,0.9206513,0.07590921,0.05720123,0.3328897,0.002112234,0.2175781,0.01796559,0.01453165,0.9101933,0.7280205,0.02101985,0.9458882,0.04251311,0.939794,0.1579353,0.004177546,0.6544169,0.01219326,0.02856252,0.02804819,0.01283892
"CTRL37",0.08379378,0.04176161,0.02314901,0.01704195,0.005042385,0.7939117,0.81005,0.2582558,0.9563226,0.007514673,0.02466468,0.004955828,0.321061,0.1196866,0.9695128,0.01544491,0.8134014,0.01076051,0.9303946,0.02991136,0.06171694,0.2744981,0.0107086,0.0740371,0.006088407,0.01067056,0.9107593,0.6252835,0.01831333,0.9454801,0.02495871,0.8953796,0.1087322,0.01111537,0.633509,0.001321768,0.01992914,0.03108778,0.01116864
"CTRL82",0.07858908,0.01595641,0.0167519,0.02934017,0.00788004,0.8080898,0.6540195,0.2121644,0.9614684,0.03913819,0.03243076,0.008173599,0.2687043,0.04586002,0.9025071,0.1079636,0.8297499,0.009700635,0.9448791,0.07313565,0.06017942,0.2791399,0.008228303,0.1569641,0.005631462,0.01619015,0.9011968,0.5402634,0.01147896,0.9028759,0.04168505,0.9325683,0.1107915,0.0005302789,0.5957082,0.008972597,0.03093658,0.02361805,0.01211568
"CTRL32",0.1204823,0.02335485,0.02639087,0.01575138,0.01080305,0.8391805,0.8226914,0.3423709,0.980001,0.02358627,0.05122243,0.009724187,0.3671887,0.04569378,0.9714068,0.004066543,0.8658962,0.01956417,0.9130168,0.1060907,0.06111929,0.2364788,0.01093669,0.1253413,0.01054046,0.01618962,0.9241257,0.7323803,0.02149647,0.9502716,0.06328549,0.9539693,0.105536,0.0111968,0.645598,0.006459705,0.02512918,0.02756186,0.007650624
"PD2",0.169731,0.0228424,0.01790446,0.1222624,0.01514415,0.8541787,0.8226731,0.3007731,0.9555838,0.1428859,0.09124341,0.01786408,0.3280423,0.03511572,0.9004767,0.04361484,0.9017187,0.03444994,0.9098323,0.04540919,0.05255057,0.2851946,0.01067974,0.0764955,0.01890644,0.01768786,0.863825,0.6156644,0.0250615,0.8704556,0.0554591,0.9149375,0.1237177,0.01445523,0.6836399,0.01581538,0.03894582,0.03303943,0.01475093
"PD54",0.06395746,0.03282239,0.01204623,0.01310847,0.003982503,0.7980215,0.6261185,0.2285887,0.9762151,0.09436695,0.03176969,0.007279288,0.2992236,0.038369,0.9241472,0.00672801,0.8484566,0.00554055,0.9044527,0.02475083,0.06574222,0.2857528,0.003507068,0.142044,0.001514578,0.02134004,0.8027523,0.7937835,0.01172926,0.9446848,0.03808371,0.942096,0.1243657,0.008233982,0.5832083,0.01056746,0.02001605,0.02018148,0.008869756
"CTRL48",0.07031283,0.0323633,0.02286277,0.04088423,0.006129762,0.7191107,0.5963947,0.2041347,0.9430285,0.04064262,0.0354453,0.0126929,0.363792,0.04942178,0.8783993,0.06185718,0.8312363,0.01609486,0.9005048,0.05175997,0.05389004,0.2526568,0.003291992,0.2323016,0.01146355,0.009680542,0.8545953,0.6568786,0.01826013,0.9357761,0.05408774,0.9558706,0.1025416,0.01090047,0.6684836,0.0108214,0.02410897,0.03650948,0.01041056
"PD49",0.05814025,0.03207218,0.0264181,0.02249333,0.004520655,0.6811551,0.6769694,0.1902658,0.9504303,0.0475893,0.02229739,0.01136051,0.3067772,0.025982,0.9061389,0.004075929,0.8490333,0.01583217,0.8547237,0.04891402,0.04658066,0.2760111,0.003524229,0.1183133,0.01559582,0.02758756,0.8678627,0.6935447,0.03638712,0.8924046,0.07758797,0.8863635,0.0913889,0.007007645,0.6883717,0.01704714,0.03190652,0.04805643,0.01935604
"PDD69",0.08697767,0.0431998,0.01924526,0.0217607,0.01240711,0.7063333,0.6032617,0.186208,0.9561528,0.08515525,0.06777933,0.02218471,0.4164618,0.03841833,0.9178447,0.08539505,0.7917659,0.01649334,0.8962079,0.05428052,0.0629509,0.2984497,0.00734796,0.1449776,0.008578075,0.01591489,0.8713651,0.6106166,0.0146699,0.9561534,0.06222944,0.8988073,0.05999327,0.008677686,0.7020339,0.008316142,0.02875054,0.02727868,0.01932785
"PD45",0.1165403,0.05538374,0.04990133,0.03497441,0.004797918,0.7782692,0.6342181,0.2722979,0.9641399,0.0694513,0.04036519,0.01072109,0.3489187,0.03455899,0.9298094,0.2422544,0.8214896,0.01910245,0.8869468,0.07132802,0.07279168,0.2817178,0.01311944,0.1901241,0.009989633,0.01411874,0.9051413,0.6909291,0.03346076,0.9741643,0.05625892,0.9413396,0.1652808,0.01349779,0.6712354,0.01666962,0.03304749,0.02986747,0.01468003
"CTRL12",0.10517,0.03073059,0.01451501,0.0438193,0.01084661,0.7990176,0.716654,0.2864853,0.932845,0.06936938,0.0430978,0.01852886,0.3041862,0.05533063,0.9268818,0.2116557,0.8469979,0.01891476,0.9438073,0.04771756,0.04628906,0.2676262,0.007387863,0.1614073,0.01846622,0.02469837,0.8859387,0.5822545,0.02024046,0.9081127,0.03060155,0.9180301,0.09698187,0.01983907,0.5869565,0.01675458,0.03873295,0.02760149,0.02319961
"PD33",0.1028461,0.02471676,0.03080048,0.010522,0.00159042,0.7800956,0.680564,0.2329842,0.9504724,0.03610334,0.03352147,0.01484145,0.2897907,0.04070906,0.9085763,0.009067017,0.8054773,0.007949363,0.9119549,0.04730439,0.07133448,0.2273198,0.007617307,0.08437878,0.01170863,0.02165544,0.8143111,0.5907334,0.02492306,0.9481847,0.04405086,0.8891839,0.1316256,0.009946628,0.6299653,0.0111646,0.0233766,0.03204625,0.01282585
"PD51",0.05377583,0.02330733,0.01173606,0.01641938,0.007870788,0.7747872,0.6753638,0.175266,0.9855372,0.04630818,0.0198959,0.007697432,0.2969003,0.06245873,0.8998096,0.08361168,0.8551197,0.00469606,0.919706,0.04065987,0.05309491,0.3333629,0.00546381,0.1292308,0.008910527,0.0144706,0.8415627,0.7104547,0.01163696,0.9370029,0.02381885,0.9589432,0.09124998,0.01556218,0.6720729,0.009224632,0.01841717,0.02519395,0.01009042
"PD13",0.1229427,0.02071233,0.02057252,0.1093481,0.0143611,0.7568982,0.7421633,0.2815364,0.9473934,0.08540254,0.02570062,0.01528883,0.3556181,0.03225806,0.886806,0.0112782,0.8653153,0.02093234,0.8714174,0.04654807,0.0656473,0.25255,0.01389728,0.06030016,0.00850523,0.01995642,0.9280042,0.5051534,0.02242907,0.8621514,0.03111454,0.9440272,0.09985496,0.01032363,0.6851971,0.01136758,0.02942161,0.0325861,0.01450831
"PDD45",0.0669064,0.01512346,0.02470115,0.03189362,0.01063426,0.8644502,0.7005187,0.222476,0.9698236,0.02345937,0.04307599,0.008963585,0.3703508,0.03244838,0.9099208,0.1666022,0.8865749,0.01476278,0.9605105,0.04992995,0.07761755,0.2936276,0.005059742,0.09841144,0.008554596,0.0115894,0.7885402,0.6487753,0.01292273,0.9406789,0.03491495,0.9253095,0.1017439,0.002730109,0.5062349,0.006377164,0.0348586,0.03416268,0.01873681
"PD20",0.09381234,0.01815304,0.01810619,0.06436898,0.01040802,0.7429787,0.6967699,0.1955702,0.9489882,0.02436684,0.02567776,0.007197659,0.2518695,0.04411765,0.8401969,0.0141059,0.8579421,0.02440536,0.9325811,0.02376784,0.05808477,0.1952856,0.005996642,0.1668874,0.01064008,0.02682034,0.866443,0.5108428,0.01823057,0.9450499,0.04207037,0.9161552,0.06754718,0.01238172,0.6545483,0.01589559,0.02666615,0.02800514,0.01557955
"CTRL83",0.04258834,0.03084445,0.02032708,0.02454572,0.002129835,0.769401,0.6248771,0.2086868,0.962925,0.09027947,0.01903725,0.01353348,0.311173,0.02545935,0.8448676,0.1810603,0.8209193,0.01070841,0.9483673,0.06640477,0.05309735,0.2368749,0.01078039,0.1883166,0.01059031,0.02224895,0.8017301,0.6670462,0.01656753,0.9474482,0.04804419,0.9461033,0.1133554,0.009536194,0.7212168,0.0117531,0.02459168,0.0315697,0.0154916
"PDD7",0.1145234,0.02218419,0.02591873,0.09525073,0.01026379,0.7979309,0.6912108,0.2759838,0.9567892,0.08197569,0.03387736,0.01384265,0.3459119,0.07690593,0.7832372,0.01865285,0.8233483,0.01735819,0.8883741,0.05454039,0.06262231,0.3365561,0.00894769,0.2319891,0.01661678,0.02428833,0.8526599,0.6099205,0.02352315,0.9004727,0.03761821,0.9458964,0.1201101,0.02592262,0.6747079,0.01808122,0.02875761,0.0347978,0.02123925
"CTRL71",0.08620262,0.01235419,0.008853681,0.04283365,0.004277088,0.7798129,0.6526771,0.2135115,0.9691754,0.08372359,0.03849687,0.003832335,0.3295767,0.07813733,0.8462686,0.00353443,0.8349855,0.004302328,0.9274848,0.02477474,0.06287575,0.3104509,0.003773335,0.1179381,0.008039179,0.02242099,0.8886483,0.6343804,0.01367237,0.8895862,0.03252439,0.9330591,0.09871055,0.001035078,0.6657475,0.01233852,0.02692142,0.03016145,0.012097
"PDD47",0.04474521,0.05295117,0.03047476,0.01003105,0.00571303,0.8099901,0.6525416,0.2510794,0.9681704,0.04388882,0.02550652,0.01164938,0.3566535,0.02177411,0.9611137,0.291108,0.827867,0.01700607,0.9492093,0.03729234,0.05084746,0.3129658,0.005480582,0.1728824,0.004443638,0.01258245,0.8220264,0.620343,0.03130183,0.9407861,0.02939715,0.9305319,0.09930351,0.00508044,0.6699471,0.01529702,0.01496247,0.03650464,0.007970681
"PD32",0.073849,0.04300614,0.03492758,0.002803989,0.003724725,0.7513647,0.686572,0.1760978,0.9607408,0.04277736,0.02707196,0.01287368,0.2776974,0.04951667,0.8917607,0.01596752,0.8259598,0.0122982,0.9070871,0.03124442,0.05391554,0.2715077,0.01041906,0.159375,0.01219237,0.02524876,0.8234136,0.6888664,0.02319821,0.9363334,0.05854105,0.9082711,0.1527589,0.01620228,0.731347,0.01456022,0.03206144,0.03728264,0.01307059
"CTRL6",0.08056899,0.01391033,0.01693986,0.03108493,0.0171279,0.7674294,0.6188788,0.2493447,0.9640737,0.08114869,0.03098153,0.01020317,0.3698111,0.04850687,0.8143905,0.0375817,0.7927357,0.0154862,0.8758131,0.02762272,0.0604534,0.2332393,0.01287668,0.04434488,0.0196482,0.02166546,0.8566426,0.6892401,0.02481664,0.9191225,0.04208186,0.8944331,0.07853045,0.005462576,0.5861989,0.01697139,0.03516015,0.0322361,0.01518557
"CTRL46",0.08765708,0.06253958,0.0273937,0.04594976,0.008629782,0.7445656,0.5532423,0.2255917,0.9670045,0.09019835,0.03745821,0.01388242,0.2972048,0.02719298,0.8625505,0.08662766,0.8510141,0.01406224,0.9173329,0.06421161,0.07464103,0.3122186,0.004541109,0.1748381,0.006599514,0.01388343,0.8913366,0.6029824,0.02362244,0.9457728,0.03113243,0.9273099,0.08924026,0.01056751,0.6638065,0.01203166,0.03096115,0.02994002,0.01785009
"PD17",0.07699857,0.0274157,0.02872435,0.02091621,0.01023634,0.8148673,0.8074635,0.2248712,0.9674113,0.07778896,0.03161303,0.01685594,0.3876408,0.04523121,0.8460353,0.01062724,0.820337,0.01213468,0.9476911,0.03820144,0.06507353,0.282335,0.009889764,0.2629422,0.003201317,0.02350451,0.8914998,0.4994517,0.02514503,0.8987706,0.03524416,0.9326577,0.2062348,0.001802885,0.6682137,0.008128099,0.02630493,0.03592116,0.01627557
"PDD10",0.09890578,0.03195942,0.02203539,0.07663288,0.01494311,0.7567021,0.6879872,0.2740519,0.9621252,0.07746584,0.04042406,0.01830256,0.3776023,0.0485905,0.9044038,0.1314939,0.8465278,0.01160114,0.9196432,0.07036299,0.06300776,0.3276507,0.01198876,0.1567477,0.01101036,0.0239654,0.8336791,0.6535987,0.02852521,0.866581,0.04938149,0.8939733,0.08511167,0.01200589,0.6174749,0.01847891,0.02895309,0.03308766,0.01382866
"DLB12",0.07595215,0.03517981,0.01430187,0.002409501,0.005474606,0.8053198,0.7285554,0.1852245,0.9820813,0.0576684,0.009824032,0.0109447,0.3039559,0.03798462,0.8293225,0.01422181,0.785619,0.01889816,0.9222958,0.04816378,0.07188786,0.2895445,0.004287726,0.1614377,0.01014614,0.02652813,0.8281713,0.7150559,0.02001519,0.9375871,0.04846115,0.936153,0.06496287,0.007872048,0.7077584,0.009090115,0.02859095,0.03169739,0.005679285
"CTRL44",0.09140254,0.03615429,0.01371047,0.01023908,0.002678431,0.8195172,0.691604,0.1929297,0.9803588,0.08421718,0.02496723,0.01666667,0.407979,0.06564551,0.9484245,0.2101512,0.8579937,0.008455979,0.9064456,0.04085248,0.05102516,0.2543073,0.009262217,0.193362,0.009063165,0.02345369,0.854659,0.6975848,0.01981333,0.9357245,0.03553038,0.9309376,0.08237035,0.002811245,0.7112984,0.0128595,0.02570556,0.03100361,0.01902033
"CTRL86",0.05737076,0.04774518,0.01589595,0.01122545,0.0007525021,0.7171684,0.644997,0.1852265,0.9751131,0.09448828,0.02828306,0.005997335,0.3323653,0.02830649,0.9257109,0.001477261,0.824298,0.004879224,0.8915253,0.05120676,0.04475025,0.3115455,0.008492191,0.1257848,0.004206193,0.01858328,0.8515503,0.792895,0.01006798,0.9216107,0.03565162,0.8592492,0.1150845,0.008945288,0.7142384,0.01123956,0.02849431,0.03375624,0.006111863
"DLB27",0.09711863,0.02478216,0.04578934,0.0145553,0.003145204,0.7941835,0.5849742,0.1876824,0.9651458,0.01987778,0.01849393,0.009603444,0.355061,0.07912154,0.9409096,0.0106452,0.8206273,0.02134904,0.840851,0.03551283,0.07526596,0.2935662,0.005681415,0.1870636,0.01012209,0.02424679,0.868984,0.5988652,0.02075253,0.9563644,0.06201172,0.863608,0.1028454,0.007278481,0.5980919,0.008377167,0.02612563,0.03115283,0.01690373
"PD18",0.1110945,0.04433883,0.01772414,0.02559868,0.005817653,0.7732237,0.6425645,0.2309569,0.9899218,0.05058302,0.02804118,0.01194082,0.3115687,0.05932613,0.8584311,0.2075472,0.7936187,0.009699375,0.9236735,0.04505093,0.04965472,0.3024705,0.01148146,0.1748122,0.005326777,0.01492353,0.8125183,0.5370971,0.02360592,0.8537974,0.02621003,0.9405724,0.06847915,0.002930208,0.6237335,0.009423187,0.02731345,0.02420526,0.01423994
"CTRL20",0.09716249,0.0192584,0.02557794,0.02874536,0.005073934,0.8342344,0.6803109,0.2163921,0.965614,0.01363205,0.04735723,0.003618469,0.3252968,0.06096662,0.944234,0.003458712,0.8017507,0.01072279,0.9355507,0.05739924,0.06672288,0.2950195,0.007484524,0.1726629,0.006271478,0.0276437,0.8565804,0.6772387,0.01334706,0.9662966,0.04842498,0.9027972,0.1275361,0.008338125,0.5802116,0.0009312563,0.03599065,0.03501805,0.008276876
"PDD50",0.07793355,0.02799402,0.02748426,0.04372448,0.002424595,0.7324798,0.6671978,0.237347,0.9692031,0.06016484,0.02935633,0.008852031,0.2355105,0.04668737,0.9708752,0.1882481,0.8259861,0.009518332,0.921161,0.04186902,0.04708155,0.2160301,0.005765795,0.160716,0.008036107,0.02780365,0.8320122,0.7102551,0.02009939,0.9682651,0.04861548,0.9263376,0.115012,0.008768434,0.6666322,0.01313773,0.03170707,0.02838332,0.01234489
"DLB21",0.08465916,0.0377729,0.02415434,0.0131156,0.002512806,0.7444316,0.6925409,0.1638389,0.9633787,0.04067991,0.03174065,0.01033345,0.2760464,0.04843735,0.8504733,0.004456825,0.8392807,0.0112538,0.9109437,0.02843711,0.04984146,0.3133216,0.005082951,0.2489562,0.004958842,0.01119023,0.7543158,0.8023127,0.01222922,0.9150662,0.04401727,0.934656,0.1269328,0.01271915,0.6091169,0.01371881,0.02358992,0.02925391,0.0149167
"CTRL53",0.1087763,0.03994877,0.01939105,0.001554871,0.001797349,0.7679118,0.619746,0.230369,0.9775332,0.03589066,0.03989839,0.007167965,0.3737132,0.04315533,0.8859203,0.01551615,0.842411,0.005719776,0.9240067,0.03769413,0.04271415,0.2785599,0.004867829,0.1545303,0.008737224,0.01791393,0.918709,0.6913812,0.02100749,0.9658034,0.04535303,0.913477,0.1362988,0.004605544,0.5238185,0.006499133,0.0217946,0.03071229,0.007556043
"CTRL65",0.06721086,0.02211875,0.01520971,0.02038345,0.01437135,0.7324337,0.6170235,0.1866587,0.9505685,0.037699,0.03453268,0.01451288,0.3088721,0.03777949,0.8618652,0.008026836,0.8701945,0.007024411,0.9185161,0.04343997,0.06221349,0.3362812,0.00345669,0.1954005,0.01031954,0.02744389,0.8237426,0.664081,0.02020701,0.8937373,0.04492694,0.9479014,0.1243143,0.008175834,0.6726431,0.01781003,0.02406917,0.03351922,0.01540365
"PD38",0.1047538,0.03214232,0.03002655,0.05756094,0.001307692,0.7744712,0.6742584,0.274787,0.9563125,0.1059797,0.03256834,0.01087356,0.3661704,0.03825137,0.9276815,0.006271861,0.7876772,0.01127155,0.9069925,0.07952571,0.06862092,0.3540961,0.008536294,0.2230301,0.01643559,0.01533574,0.8235769,0.6682939,0.0188237,0.9330352,0.04713475,0.9216625,0.1272245,0.01570215,0.7754995,0.007217115,0.0326013,0.02960382,0.01328683
"CTRL18",0.09090584,0.03567593,0.01679267,0.01211201,0.008009344,0.7665962,0.6975582,0.2609288,0.9788134,0.02300856,0.02666442,0.001798561,0.3675229,0.07595112,0.9546068,0.0113738,0.8010252,0.009473401,0.965921,0.02879816,0.05606463,0.2993753,0.004263314,0.1573351,0.008721506,0.01718715,0.8421133,0.7477265,0.02407983,0.9526637,0.03426636,0.9363457,0.1228275,0.006158219,0.6362189,0.005459337,0.02765108,0.02642697,0.00510204
"PDD36",0.1243773,0.03824154,0.01930526,0.01935486,0.004425491,0.6403933,0.6851715,0.1846553,0.9662484,0.1106561,0.04305889,0.01187181,0.3905559,0.02801627,0.8954743,0.007468168,0.7849649,0.0228108,0.8562906,0.0380323,0.05311573,0.2370511,0.009668234,0.1824767,0.01183921,0.01991885,0.8854,0.7657824,0.02633693,0.9448197,0.04556435,0.8921134,0.09638391,0.01143542,0.7659623,0.0106569,0.02563564,0.02901108,0.01491339
"PDD64",0.0828664,0.02894269,0.01679343,0.03931632,0.01004543,0.7759455,0.730018,0.2135297,0.9665788,0.08967349,0.04938333,0.005815661,0.3094345,0.02683857,0.9400876,0.01154375,0.8757356,0.01181328,0.9364346,0.04104217,0.07427436,0.3118982,0.009640438,0.1173479,0.01620509,0.0201824,0.8716614,0.7192705,0.01212399,0.9330941,0.03185709,0.9176169,0.103191,0.01179651,0.6565647,0.006342763,0.03193607,0.02964707,0.01404398
"PD42",0.178742,0.02033771,0.03735326,0.03900319,0.01315023,0.809333,0.7716682,0.3309764,0.9734043,0.04116971,0.01199,0.0183501,0.2346157,0.05446485,0.9089301,0.01108238,0.8699095,0.04089471,0.8850306,0.04435901,0.06019262,0.2322587,0.002280043,0.1310563,0.008601739,0.01300404,0.7404984,0.6284376,0.03346895,0.9243078,0.0314125,0.8891296,0.06670085,0.01145879,0.7444751,0.006652924,0.03639948,0.04481363,0.0163111
"PDD33",0.1036631,0.02513702,0.0229272,0.02601227,0.008679928,0.8458152,0.640825,0.1694532,0.9600657,0.06739346,0.01840608,0.006640397,0.2727483,0.05917496,0.938061,0.01240458,0.867722,0.03452508,0.9054543,0.02365652,0.03849249,0.2529438,0.006449116,0.132873,0.009494716,0.0218494,0.8911523,0.7313126,0.01646507,0.8955211,0.04462243,0.9186123,0.09211541,0.01018711,0.6858718,0.01900739,0.0340885,0.02858221,0.01425644
"PDD65",0.1317878,0.03024354,0.01266563,0.007785658,0.00643389,0.6789338,0.6237661,0.1752191,0.9877865,0.08177895,0.03553213,0.01162016,0.3903844,0.0326087,0.8482612,0.01669675,0.8768464,0.01203081,0.8801161,0.0467969,0.06028636,0.3000854,0.003499903,0.1083573,0.003112494,0.01604171,0.8510939,0.7682121,0.01083722,0.9438367,0.03620119,0.895349,0.1110965,0.009615385,0.6945868,0.01219512,0.03025292,0.02843411,0.007547045
"PD62",0.08021464,0.03802562,0.01875105,0.01990261,0.01395419,0.7708969,0.7011292,0.29338,0.9617097,0.09579008,0.02350631,0.01561943,0.2834588,0.04947434,0.9353388,0.009926353,0.8302245,0.009832139,0.9037843,0.02712313,0.05232484,0.2792999,0.004964011,0.1752012,0.01351829,0.01203523,0.8271545,0.8457157,0.01597631,0.9284602,0.03662658,0.89748,0.06369896,0.01315073,0.6731716,0.009845825,0.02570148,0.03567186,0.01810965
"PDD77",0.06139483,0.02710375,0.01540971,0.05453199,0.008212797,0.7130324,0.6884466,0.1926478,0.9516677,0.1212066,0.05808287,0.01133397,0.3758506,0.03026401,0.9600065,0.01494754,0.9110832,0.01925698,0.835892,0.06313552,0.05170207,0.322744,0.01343401,0.1355466,0.0127223,0.02638601,0.8630249,0.8277974,0.02343399,0.929922,0.04772767,0.9031632,0.1167856,0.01030163,0.7382276,0.01525986,0.02729556,0.03588604,0.01902609
"PDD2",0.1095428,0.03246741,0.02234787,0.06315682,0.01220641,0.8250324,0.7312125,0.275547,0.9517736,0.1608123,0.0421466,0.02038871,0.2838087,0.06692913,0.8941027,0.0222387,0.8198528,0.02010162,0.8959822,0.04143261,0.06602187,0.2529003,0.007455846,0.1387079,0.01320755,0.02757331,0.8581447,0.7283829,0.03328196,0.928418,0.04131192,0.9234946,0.1039331,0.01793283,0.6107446,0.01460722,0.04407979,0.03139717,0.02376188
"PD25",0.07701504,0.02102108,0.01743455,0.01650148,0.009231963,0.8615719,0.6573392,0.2944638,0.9617581,0.0520089,0.03154254,0.01281958,0.3128725,0.04932147,0.9391677,0.3804665,0.862458,0.007664406,0.9434119,0.04606558,0.04939305,0.2518408,0.006069983,0.1606169,0.006136496,0.02050406,0.8808061,0.6393432,0.01362972,0.9576744,0.03828658,0.9250781,0.10028,0.009833985,0.5996674,0.01436074,0.02600154,0.02411727,0.01655707
"DLB14",0.1069323,0.02331285,0.01577605,0.006575715,0.001937332,0.7850462,0.6785942,0.1912685,0.9736497,0.05485397,0.03037084,0.01858036,0.37566,0.05580762,0.8843481,0.004459167,0.8496769,0.01205388,0.9292662,0.05189829,0.05661914,0.2898614,0.006323519,0.1802575,0.000948047,0.02081269,0.8042287,0.6775829,0.01903885,0.9559376,0.03405625,0.9414962,0.1209026,0.01633739,0.5768029,0.0121409,0.03807839,0.02984629,0.01361604
