"","cg13874979","cg18002896","cg08467643","cg04147657","cg17159550","cg22656521","cg08685832","cg05652783"
"PDD38",0.97635,0.0974814,0.8354702,0.7042039,0.7078835,0.8353132,0.9521732,0.9578144
"CTRL61",0.963586,0.09825009,0.870397,0.6847223,0.569329,0.8266242,0.9357267,0.9579757
"PDD23",0.9611223,0.07695531,0.9094194,0.7812716,0.5157365,0.8270948,0.9515759,0.9708541
"PDD21",0.9869396,0.06352216,0.9149294,0.6619005,0.7173809,0.8055228,0.9658042,0.7779271
"PD29",0.9614159,0.13677,0.8498578,0.6297645,0.6247436,0.8232306,0.9088781,0.8828804
"PD5",0.9533966,0.1264394,0.9117245,0.579948,0.5960937,0.7642865,0.9356054,0.8323403
"CTRL88",0.9713336,0.09730467,0.9148486,0.7185642,0.580344,0.8989106,0.9348428,0.9761681
"PD41",0.9667855,0.1402143,0.8927152,0.6786678,0.5846355,0.8065561,0.9306776,0.9336253
"PDD39",0.9648486,0.08521267,0.83424,0.7177554,0.5663901,0.7902585,0.9434813,0.9708034
"PD11",0.9682997,0.1029909,0.8732091,0.8062801,0.6676741,0.7934208,0.929403,0.8919795
"PDD26",0.9686496,0.08537899,0.9239331,0.7078488,0.7700216,0.7862371,0.944569,0.9091677
"PDD25",0.9730741,0.06948954,0.9151024,0.7995938,0.6546616,0.8691951,0.9515396,0.9646862
"PD1",0.9784438,0.1300609,0.842182,0.7789649,0.5922968,0.7991865,0.9083672,0.9197072
"CTRL24",0.9666153,0.1437514,0.8656678,0.7113684,0.6639487,0.7519965,0.915365,0.9095072
"PD55",0.9710752,0.09583977,0.8816686,0.709716,0.667998,0.773493,0.9410089,0.9140844
"CTRL15",0.9354064,0.1229641,0.8323064,0.8117067,0.6187056,0.7264716,0.9238239,0.9190858
"CTRL63",0.9616383,0.1141012,0.924466,0.5323858,0.5664786,0.8524236,0.9193846,0.9254971
"PDD60",0.9699027,0.1392059,0.8524277,0.6521504,0.6162071,0.8409286,0.8727224,0.9600979
"PDD51",0.9443813,0.1603911,0.842835,0.6337407,0.6286721,0.7553968,0.9242734,0.8464951
"PDD43",0.9595992,0.1002487,0.8236798,0.6725014,0.5992239,0.7338059,0.9216061,0.9420374
"PD14",0.9575508,0.1166581,0.9344015,0.6929708,0.5710689,0.8426313,0.9425372,0.9673653
"PDD5",0.9728871,0.1007335,0.9100986,0.5837908,0.6330379,0.862002,0.9367904,0.9523299
"PD37",0.973249,0.1669542,0.8619563,0.631285,0.7327775,0.8462168,0.917024,0.9280565
"CTRL80",0.9735886,0.138355,0.9407757,0.5786207,0.5741805,0.7681389,0.92219,0.9369789
"PDD74",0.9469403,0.1101353,0.9023445,0.6434551,0.5885891,0.8290522,0.9342785,0.8982131
"CTRL62",0.9568686,0.1323205,0.8841159,0.7012876,0.5888483,0.8327801,0.947132,0.9756879
"PD3",0.9701862,0.1076973,0.9173316,0.5782064,0.6517353,0.8283184,0.8952406,0.8941988
"CTRL39",0.9528598,0.1261559,0.9165701,0.613818,0.6717998,0.8512938,0.9149301,0.9717727
"CTRL97",0.9680349,0.1480891,0.9180932,0.7576106,0.6417366,0.8436798,0.935563,0.8950305
"PD47",0.9517646,0.1399622,0.8534131,0.6574675,0.566726,0.8085832,0.8909219,0.9346641
"DLB17",0.9503953,0.1100286,0.9070482,0.566928,0.5755334,0.828177,0.9403162,0.9325645
"DLB2",0.9720078,0.1083002,0.9058309,0.5327598,0.6340967,0.8352343,0.9218874,0.8887096
"CTRL35",0.9621963,0.13941,0.8671102,0.6373788,0.5694197,0.8109119,0.9280118,0.9237935
"PD8",0.9628115,0.1258874,0.8907325,0.6624421,0.6044548,0.795863,0.9363069,0.9498911
"CTRL51",0.9709854,0.1260298,0.8807243,0.7007099,0.597673,0.8894964,0.9282298,0.956646
"CTRL77",0.9472875,0.125662,0.9011366,0.6533754,0.5321621,0.8054397,0.9450305,0.9538745
"CTRL68",0.9678677,0.1049561,0.9276168,0.7044944,0.5482015,0.8574622,0.9359356,0.95118
"PDD24",0.9570105,0.08691239,0.9479054,0.7376769,0.5819169,0.9298887,0.9730419,0.9445703
"CTRL19",0.951789,0.1393528,0.8549484,0.7453194,0.6387211,0.7622912,0.9238201,0.9071527
"PDD13",0.9815818,0.09179781,0.9026046,0.810713,0.5908217,0.8933573,0.9479481,0.9701194
"CTRL43",0.9768861,0.1311547,0.9172399,0.6359425,0.6614216,0.8186919,0.9355431,0.970352
"DLB11",0.9642399,0.09983725,0.9290452,0.7599333,0.6244031,0.8815651,0.9616577,0.9576817
"PDD58",0.9716889,0.1497124,0.8698115,0.6797191,0.5555276,0.8691701,0.9202486,0.9714607
"CTRL42",0.9308175,0.1616505,0.8726194,0.7260837,0.5905411,0.8423105,0.8848499,0.9423179
"PDD53",0.9849795,0.1277273,0.8767815,0.6866649,0.7437528,0.792966,0.9387775,0.872752
"PD40",0.9483853,0.150826,0.880551,0.5841839,0.5415679,0.8653053,0.9290124,0.9662552
"PDD44",0.983786,0.105546,0.8872075,0.6489416,0.7068272,0.7504487,0.9119892,0.9642738
"PD6",0.9667125,0.08787448,0.8861163,0.6827321,0.5839914,0.7510339,0.9484388,0.9291709
"CTRL1",0.9593801,0.09909404,0.8943393,0.6338253,0.7262791,0.8189672,0.9333176,0.9389465
"PD35",0.9505421,0.1336814,0.8956858,0.6422224,0.5512265,0.8390076,0.9278496,0.9093748
"PDD41",0.9659182,0.1211169,0.9035119,0.6851706,0.5468276,0.7661071,0.9365424,0.7600585
"PDD70",0.9730999,0.1034685,0.8766409,0.6189196,0.6138699,0.8428765,0.9468244,0.9173284
"PD59",0.9650367,0.09549637,0.8590785,0.5789268,0.5366936,0.8375409,0.9347835,0.9509219
"PDD28",0.9855719,0.1087064,0.9068798,0.6452419,0.6767397,0.8531286,0.9617807,0.9495056
"CTRL78",0.9629646,0.111574,0.923355,0.6876597,0.6143539,0.8461452,0.9388789,0.950085
"CTRL64",0.9456701,0.1076391,0.9129226,0.6220221,0.4803717,0.8461398,0.9340549,0.8368261
"PD48",0.9712999,0.1437565,0.8721001,0.7083016,0.5303619,0.8247487,0.9141834,0.9794415
"PD21",0.9670454,0.08880134,0.8805505,0.709974,0.5978185,0.8462392,0.9432107,0.8786981
"CTRL95",0.9782059,0.1265208,0.913136,0.6843404,0.6649255,0.7961083,0.9082051,0.9523367
"CTRL57",0.9578305,0.1033776,0.8793742,0.7132697,0.5116941,0.8311221,0.9204472,0.9539056
"PDD30",0.9636258,0.0940421,0.8329178,0.6435547,0.5326224,0.8138827,0.9357065,0.9778205
"PDD22",0.9682197,0.05538649,0.8846349,0.764252,0.6067018,0.7702013,0.9402433,0.909463
"DLB15",0.9737429,0.1194992,0.8393274,0.7177305,0.6277106,0.8078336,0.9582292,0.9435296
"PD50",0.9800259,0.1381782,0.8608681,0.6825193,0.5425651,0.8147061,0.9177104,0.9558626
"CTRL29",0.9503216,0.1379293,0.832532,0.624888,0.6253493,0.6965462,0.8963552,0.9305733
"PDD54",0.9567935,0.1199814,0.9007843,0.6686972,0.7205434,0.8233914,0.9329333,0.9147034
"PDD27",0.977782,0.1070261,0.8752937,0.6569908,0.5658753,0.865322,0.9521393,0.9134404
"DLB24",0.9630763,0.1051899,0.8469265,0.7407955,0.6276783,0.7683574,0.9294957,0.9797829
"PD23",0.9845229,0.09508716,0.8829716,0.7828712,0.6038412,0.8300893,0.9477946,0.9631217
"PD30",0.9671403,0.134867,0.8867646,0.6842323,0.6105061,0.8901079,0.9274405,0.9727344
"PDD15",0.970723,0.09213401,0.9185702,0.6902178,0.5482535,0.8311375,0.9438288,0.7812346
"CTRL50",0.9725424,0.08528912,0.83394,0.7942887,0.5717267,0.8234522,0.943554,0.9718409
"CTRL93",0.9705295,0.1166163,0.899,0.6740891,0.5566037,0.88232,0.928558,0.9485923
"PDD35",0.969269,0.08782633,0.8598636,0.6439287,0.6325224,0.8380995,0.9468672,0.9535805
"CTRL73",0.9477526,0.09425562,0.9302342,0.6489407,0.5313214,0.8429181,0.9100837,0.9130403
"PDD6",0.9655001,0.108055,0.8395894,0.7825286,0.7092537,0.8309088,0.9280968,0.9458224
"CTRL13",0.9333942,0.1223085,0.8192848,0.7585455,0.4932774,0.8039803,0.9436112,0.9806035
"PDD73",0.9798212,0.07372854,0.9224139,0.6809378,0.619887,0.9148772,0.962501,0.9441477
"CTRL81",0.9682744,0.1217706,0.9207265,0.6827676,0.5408819,0.8503992,0.9254202,0.863593
"CTRL33",0.9446153,0.1284369,0.8746663,0.6367747,0.559138,0.8402215,0.9299608,0.9392723
"PDD49",0.9684279,0.1190187,0.843275,0.6720625,0.5845286,0.7754746,0.9500022,0.7172376
"PD27",0.9745383,0.09000556,0.844965,0.7171759,0.6114253,0.8326397,0.9433597,0.936149
"PDD4",0.9738122,0.1236274,0.8808381,0.5545316,0.6788022,0.8083551,0.9358658,0.9360439
"PD58",0.9741816,0.1024335,0.9156153,0.7212248,0.6546226,0.8446562,0.9334682,0.9323127
"CTRL85",0.968045,0.1182697,0.8727728,0.6393182,0.5667998,0.7747654,0.9486971,0.9105871
"PD52",0.9634041,0.07593198,0.8432219,0.6941293,0.6448429,0.7505374,0.9418361,0.9594254
"PD60",0.973609,0.1182462,0.8968858,0.6972512,0.6358865,0.8584335,0.9462361,0.9615683
"PD61",0.9720513,0.1183629,0.8725914,0.6248173,0.5151506,0.7966029,0.9308177,0.9417161
"CTRL11",0.9562854,0.1004186,0.7904747,0.7335098,0.5293721,0.7799985,0.9544014,0.9152785
"CTRL40",0.9578705,0.1517092,0.8792101,0.6964158,0.5748248,0.8390326,0.9267049,0.9370964
"DLB35",0.964925,0.1313285,0.8753266,0.6087425,0.5750499,0.8214597,0.9194692,0.925761
"PD9",0.9605292,0.130188,0.8368856,0.6060051,0.5741485,0.8328762,0.9394347,0.9393084
"CTRL79",0.9647144,0.07959425,0.8661654,0.7448479,0.5722824,0.8509937,0.9655946,0.9629866
"PDD61",0.9553987,0.135305,0.880934,0.6380002,0.6080541,0.8565202,0.9070915,0.9298936
"PD56",0.9695588,0.08602427,0.8738403,0.7340932,0.6301865,0.8567053,0.9494102,0.9448445
"CTRL55",0.9643943,0.1273661,0.8981031,0.5722122,0.5783335,0.9004608,0.9296318,0.9336091
"CTRL37",0.9620531,0.1426264,0.831639,0.5871444,0.650234,0.7149354,0.8943867,0.9517589
"CTRL82",0.9806501,0.09109172,0.8763414,0.7623346,0.5933786,0.7463785,0.91587,0.9554228
"CTRL32",0.9713569,0.1334248,0.8712234,0.6385937,0.7373309,0.7557925,0.9426352,0.8584716
"PD2",0.968069,0.114854,0.8884596,0.6081861,0.7190319,0.7936292,0.9353039,0.8580173
"PD54",0.9575236,0.1006184,0.880678,0.8456821,0.6216139,0.7879924,0.931018,0.8962271
"CTRL48",0.9458835,0.166842,0.8657347,0.5986302,0.5427792,0.763843,0.9003681,0.9475214
"PD49",0.9630151,0.1309836,0.885748,0.5963994,0.6160534,0.8467188,0.9311221,0.9580996
"PDD69",0.9609523,0.1199614,0.9009615,0.6175169,0.6161549,0.8604804,0.9104606,0.9764531
"PD45",0.9688274,0.1598033,0.8597692,0.6508915,0.5468016,0.8026909,0.8982369,0.9287447
"CTRL12",0.9575013,0.08716489,0.8582802,0.6569917,0.6141044,0.8096476,0.9329188,0.8278538
"PD33",0.9633117,0.1414124,0.8560124,0.6394809,0.6446771,0.7311587,0.8846071,0.9280103
"PD51",0.9631063,0.06767434,0.8899169,0.6422619,0.623641,0.830894,0.9373305,0.9864789
"PD13",0.9643969,0.09241065,0.8840975,0.5695683,0.6741093,0.7525821,0.9611057,0.8653547
"PDD45",0.9789331,0.09228063,0.8803666,0.6832859,0.6815276,0.7924051,0.957739,0.8819796
"PD20",0.9619684,0.09277466,0.8967145,0.6416443,0.6339538,0.792148,0.9570837,0.8620422
"CTRL83",0.9692342,0.1097895,0.9229215,0.5904129,0.601727,0.8487282,0.9300535,0.9274659
"PDD7",0.9712963,0.114074,0.8841859,0.5767285,0.6472217,0.8532908,0.9388565,0.9130291
"CTRL71",0.9883733,0.08111499,0.923522,0.5777363,0.5638776,0.8313352,0.9518402,0.939863
"PDD47",0.9573765,0.1237095,0.8916912,0.7319088,0.5348492,0.8307427,0.9512475,0.9687821
"PD32",0.9457146,0.1708797,0.8604118,0.6462918,0.5737708,0.7770336,0.8711746,0.9792876
"CTRL6",0.9459224,0.0954612,0.8648454,0.6293444,0.6076307,0.6960613,0.9288615,0.9534861
"CTRL46",0.9590063,0.1356913,0.8827152,0.661181,0.4778464,0.8295194,0.8903832,0.9459428
"PD17",0.9623788,0.1084659,0.9144557,0.6224441,0.48242,0.7765636,0.9186404,0.8917697
"PDD10",0.9672293,0.139062,0.8298491,0.6303597,0.6396338,0.8167581,0.8969414,0.8682266
"DLB12",0.9844137,0.1021971,0.9063033,0.6943899,0.6664773,0.7742965,0.9491976,0.8905467
"CTRL44",0.9746295,0.1263269,0.8814419,0.6660791,0.5949683,0.7908765,0.9176162,0.9313248
"CTRL86",0.9757511,0.1138734,0.8894415,0.7226154,0.6595089,0.8751482,0.9361909,0.9635675
"DLB27",0.9450237,0.1202109,0.8281405,0.6858679,0.5093395,0.770103,0.9141991,0.979451
"PD18",0.9647568,0.1202197,0.891075,0.5269673,0.5434827,0.7736088,0.9322662,0.955373
"CTRL20",0.9676831,0.1373196,0.8549472,0.6596873,0.6555652,0.7578804,0.9348462,0.9081121
"PDD50",0.9740868,0.1269286,0.879596,0.6660871,0.5949107,0.7917716,0.9129814,0.9476588
"DLB21",0.9673603,0.1294636,0.9032465,0.6316422,0.5414344,0.7828942,0.9421411,0.9678479
"CTRL53",0.9409981,0.1314082,0.8167288,0.6680773,0.5720929,0.7919023,0.9047859,0.9809785
"CTRL65",0.9545955,0.1208065,0.8971422,0.5840551,0.5584714,0.8281135,0.95624,0.9254814
"PD38",0.959724,0.1149442,0.9099724,0.666185,0.5941367,0.857416,0.9298578,0.9810129
"CTRL18",0.9671603,0.1174551,0.8353062,0.7411113,0.6131406,0.7185863,0.9128059,0.962918
"PDD36",0.92882,0.1121293,0.8718891,0.6782596,0.6438495,0.8531918,0.9505147,0.9561009
"PDD64",0.9789338,0.07143892,0.8725858,0.6758153,0.6115061,0.823007,0.9174853,0.9860518
"PD42",0.9726906,0.1374426,0.870484,0.5187779,0.755976,0.6954169,0.9094375,0.8813467
"PDD33",0.9773323,0.09585763,0.8804719,0.613718,0.6668115,0.7403202,0.9658799,0.9643885
"PDD65",0.9599306,0.1146035,0.8853863,0.662419,0.5795634,0.8170241,0.9262361,0.9577926
"PD62",0.9741279,0.1061816,0.8964358,0.6488987,0.5804735,0.8919885,0.9318388,0.9147099
"PDD77",0.9735792,0.117034,0.9206111,0.7245894,0.7010488,0.8805895,0.931256,0.9170969
"PDD2",0.9819226,0.1000958,0.9200985,0.7795064,0.6241627,0.8205429,0.9240365,0.7818369
"PD25",0.9773682,0.1603668,0.8532977,0.8007288,0.7001554,0.81532,0.9502231,0.8998981
"DLB14",0.9757249,0.1177374,0.891461,0.6488338,0.643555,0.7722359,0.931801,0.9207339
