"","cg05213073","cg23834525","cg06952719","cg01684784","cg21057613","cg15175129","cg10159529","cg21864071","cg08051076","cg16582273","cg18961944","cg18127922","cg21931717","cg02276614","cg14856606","cg04030905","cg22181664","cg26835908","cg08142096","cg25936334","cg05544840","cg03766823","cg12882476","cg00657759","cg10778636","cg08368441","cg26115216","cg05162137","cg05279387","cg07729842","cg03321592","cg21157115","cg12273368","cg20052411","cg11423096","cg20015921","cg21595526","cg24683035","cg19259574","cg22878489","cg16115647","cg22250642"
"PDD38",0.9738304,0.08409271,0.03789176,0.8816582,0.01500536,0.1862449,0.9133462,0.006468567,0.005796447,0.1328688,0.009945575,0.3349724,0.008643688,0.9400453,0.9234786,0.01854773,0.9224026,0.06687635,0.5964129,0.0741814,0.009712975,0.009448968,0.005674979,0.01095858,0.667983,0.02043222,0.8643048,0.007170436,0.5747368,0.5531158,0.03297453,0.000367079,0.1936774,0.02970297,0.4417416,0.01535768,0.009882701,0.01024867,0.0231748,0.5809162,0.1596266,0.003741315
"CTRL61",0.9664538,0.06589156,0.02695556,0.8986366,0.0121695,0.221219,0.915799,0.01041241,0.01054292,0.09284848,0.004837152,0.2980935,0.008950366,0.9444045,0.8669251,0.008042587,0.9117333,0.03515189,0.6818714,0.06506399,0.01150209,0.008408639,0.00966693,0.01500028,0.6595802,0.0189184,0.8448276,0.02057341,0.5286613,0.5408906,0.01154565,0.0003258238,0.2996455,0.02144651,0.4254485,0.01912858,0.00190096,0.01439019,0.02694366,0.5263808,0.1346779,0.004250496
"PDD23",0.9471391,0.05590686,0.02309741,0.8996161,0.01016396,0.2761302,0.9430835,0.008348457,0.01333437,0.08536611,0.005717315,0.3754685,0.2273511,0.9422969,0.8527451,0.005726054,0.9335689,0.03610764,0.541145,0.05002952,0.01288251,0.002868573,0.005797314,0.006426983,0.6923372,0.0149312,0.8592183,0.003464703,0.5397517,0.5805062,0.02599452,0.0005714356,0.2002273,0.02530202,0.5399377,0.01394519,0.009828976,0.007746741,0.02638395,0.567897,0.1516078,0.004251417
"PDD21",0.978358,0.09644524,0.006322328,0.9239213,0.01458351,0.289502,0.900256,0.001446534,0.01068999,0.2458751,0.00457026,0.2282783,0.014,0.9447888,0.8136284,0.01261787,0.9192018,0.03083098,0.5649593,0.06979427,0.009488832,0.00510803,0.004976009,0.0145414,0.6767436,0.03138969,0.9114746,0.006768914,0.5176376,0.5010603,0.03751617,0.0005913671,0.2574875,0.02941203,0.4023349,0.02121352,0.009951881,0.009601495,0.03016391,0.5689942,0.2600709,0.01284265
"PD29",0.9211043,0.08886419,0.03472317,0.8998801,0.0169452,0.1980129,0.8615671,0.01048025,0.01125947,0.06960543,0.005897639,0.3886598,0.2316607,0.9347227,0.8060527,0.01859513,0.9047848,0.07032057,0.6485322,0.06615044,0.008795198,0.00886198,0.00528169,0.01851224,0.6561391,0.02478393,0.912993,0.01494065,0.4936187,0.6437029,0.04872096,0.002424824,0.3101776,0.01581131,0.3837458,0.02858052,0.01465387,0.002315747,0.0258518,0.5393572,0.159817,0.01275204
"PD5",0.9555912,0.09057767,0.03225012,0.9250705,0.0210476,0.2780514,0.9097302,0.02379529,0.03397551,0.1946828,0.01856108,0.313187,0.01189662,0.9149913,0.8262409,0.01832921,0.9142883,0.05922121,0.4967019,0.06756245,0.0314595,0.02085943,0.01864255,0.01952031,0.6429442,0.03059405,0.8637524,0.02206027,0.5849369,0.6335483,0.04034616,0.00633181,0.274074,0.02995226,0.4911231,0.03737828,0.01932166,0.01371921,0.03109501,0.6118353,0.1898484,0.02221143
"CTRL88",0.966948,0.06959204,0.03516814,0.9340909,0.008348135,0.2408661,0.8888078,0.009036785,0.008898077,0.1288156,0.006250682,0.2956886,0.0111445,0.9539395,0.8991182,0.01464944,0.874967,0.05281594,0.6899484,0.05259609,0.01104261,0.01470738,0.006432641,0.006975874,0.6956248,0.01793826,0.890939,0.006996723,0.5625491,0.5898983,0.03093999,0.0003395647,0.3136874,0.0308506,0.4159167,0.02438203,0.00383814,0.002267574,0.01860095,0.5456683,0.1550848,0.00451491
"PD41",0.9498807,0.09650725,0.01325213,0.9134194,0.003899569,0.2613184,0.8811944,0.01065748,0.01279035,0.1260548,0.01056659,0.3743975,0.002086297,0.9584126,0.9367706,0.006805321,0.8862813,0.05008735,0.6306417,0.05773857,0.02237101,0.009125906,0.001607394,0.01136454,0.6480311,0.02102601,0.7815735,0.003458771,0.5267293,0.5723775,0.05243446,0.0001412246,0.4078185,0.02780985,0.4179448,0.03624005,0.002151033,0.01167502,0.02550387,0.5671853,0.2174966,0.006937114
"PDD39",0.9751342,0.1031095,0.01849925,0.8893388,0.0091957,0.2607549,0.8983804,0.01232479,0.01004055,0.1165566,0.01291182,0.2641576,0.005467396,0.916567,0.8787814,0.02098971,0.9311705,0.04213039,0.4766063,0.06574249,0.01543742,0.007044114,0.01308691,0.005358074,0.5520284,0.0187722,0.7695737,0.01182884,0.4128629,0.4733574,0.04086767,0.004402137,0.2035244,0.02150434,0.3962788,0.02314229,0.01292022,0.0136763,0.02345342,0.5861781,0.1648569,0.01512514
"PD11",0.9750815,0.110787,0.0182577,0.9137872,0.01065936,0.2490606,0.8841958,0.01355793,0.01300856,0.06634109,0.004826064,0.3642372,0.005143347,0.9497437,0.877261,0.01772897,0.883066,0.05914129,0.5354904,0.05786026,0.0177972,0.002685197,0.001680108,0.01980221,0.7180183,0.01477131,0.8546356,0.002909984,0.563946,0.5680193,0.02729654,0.0001031062,0.3365544,0.01763162,0.5159993,0.03750713,0.006891519,0.0187643,0.02719118,0.556311,0.2623945,0.007847372
"PDD26",0.9748439,0.09406607,0.01557519,0.9165587,0.01395205,0.2314959,0.8819426,0.009820963,0.006233008,0.1731668,0.01363084,0.277518,0.2969538,0.9336107,0.8332241,0.0140593,0.9057132,0.05856225,0.4557878,0.05610299,0.01267134,0.005308078,0.009950249,0.02690412,0.6833111,0.01491604,0.8667358,0.01582918,0.5661431,0.6030593,0.03359381,0.0006833394,0.2311034,0.0258101,0.4025939,0.01535343,0.009131293,0.01286852,0.03499495,0.5808962,0.171999,0.01207095
"PDD25",0.9696229,0.114548,0.02044215,0.9503411,0.01416935,0.2523622,0.9361772,0.005353416,0.007484088,0.08366518,0.0111953,0.3983539,0.2810674,0.9303797,0.8488413,0.009545533,0.940473,0.04177488,0.5671924,0.0458595,0.0142944,0.01123221,0.005543237,0.02254541,0.7688332,0.03099947,0.860559,0.004893964,0.5811011,0.6773616,0.05113896,0.0005550569,0.3002082,0.0262785,0.384942,0.01808969,0.01160524,0.006362019,0.03359289,0.538123,0.1813506,0.008867843
"PD1",0.9551639,0.08633929,0.0269625,0.9040945,0.01186992,0.2096932,0.879674,0.008137916,0.01515776,0.1107897,0.00623497,0.2910542,0.03813752,0.9541772,0.8344777,0.005118533,0.912324,0.04892672,0.293873,0.04522672,0.01133458,0.004801975,0.008417075,0.01104782,0.6701247,0.01218251,0.8971096,0.002829197,0.5378562,0.5392819,0.04153592,0.0009647496,0.2850156,0.0186837,0.3950157,0.02789246,0.003173029,0.005891498,0.02399139,0.612521,0.2267418,0.008914764
"CTRL24",0.9719848,0.1189237,0.017931,0.8960582,0.0104712,0.244094,0.8545321,0.002350678,0.01598368,0.1638221,0.007122277,0.3577313,0.009263774,0.943514,0.8365573,0.01101601,0.863957,0.04837391,0.4217627,0.06334597,0.01615816,0.007854513,0.003615983,0.01169267,0.6967206,0.01295471,0.8747867,0.007992734,0.5023815,0.5769887,0.04386182,0.002116803,0.3148418,0.02067635,0.354339,0.02855055,0.004557797,0.007726864,0.04115064,0.5956325,0.1991818,0.01024571
"PD55",0.9545592,0.07350992,0.006134563,0.9152529,0.01280942,0.2554948,0.8594642,0.01498127,0.003002473,0.08284212,0.01005114,0.2801339,0.005939593,0.9737845,0.8664915,0.005986528,0.9389747,0.03731852,0.5412171,0.04879049,0.009065335,0.004886571,0.004930312,0.006458172,0.6304368,0.01416724,0.8546256,0.002263083,0.5090797,0.5751059,0.04187605,0.001630604,0.3304963,0.02330757,0.3633953,0.02579397,0.01661095,0.01091073,0.02918993,0.5346296,0.1707304,0.01131268
"CTRL15",0.9386592,0.07848657,0.02502753,0.9092155,0.01094092,0.2200169,0.8571058,0.01538092,0.009322503,0.1242873,0.00434628,0.334474,0.1898641,0.9636458,0.7884628,0.008758609,0.8529866,0.0508015,0.5950668,0.04620784,0.01472888,0.009942768,0.006735381,0.01437042,0.6018547,0.01248918,0.8598146,0.01330485,0.5241465,0.5310785,0.03586732,0.0004614567,0.2609356,0.02417948,0.3973264,0.0221527,0.009019309,0.01557719,0.02664658,0.5309343,0.1705311,0.006291991
"CTRL63",0.9528709,0.09448831,0.02923396,0.8934593,0.01127155,0.2630358,0.9124684,0.008949118,0.01291689,0.07686057,0.004177441,0.2765853,0.05332373,0.9285715,0.8855603,0.009938992,0.8795722,0.02227291,0.6394191,0.05383305,0.01012603,0.01028891,0.005905659,0.009706361,0.6625064,0.018113,0.9156545,0.009555695,0.4630139,0.7041184,0.05806892,0.003507969,0.2880501,0.02508718,0.5079614,0.02654172,0.005035159,0.009050077,0.01634726,0.5327927,0.1208495,0.006091964
"PDD60",0.9689689,0.07462997,0.09820794,0.9216666,0.008878579,0.1832696,0.9097435,0.004087054,0.00714592,0.07282531,0.01152197,0.3809589,0.1202175,0.9422406,0.8644179,0.01667596,0.9094182,0.07506636,0.6937315,0.07040987,0.01242482,0.008120513,0.01021873,0.01527225,0.6988413,0.01613879,0.7426832,0.01512392,0.5577646,0.6191172,0.04380637,0.0006480207,0.3007173,0.02866145,0.31901,0.0505003,0.0007560722,0.009979886,0.03877979,0.539969,0.1343096,0.002213001
"PDD51",0.9587696,0.07471323,0.02907471,0.885649,0.01792638,0.157448,0.8224,0.008830522,0.01723623,0.1079657,0.009764342,0.3130307,0.0132359,0.9250991,0.896792,0.01717182,0.863983,0.02683571,0.4570147,0.08754039,0.01819861,0.009996615,0.01182376,0.01608821,0.6045593,0.01270507,0.8445897,0.008171287,0.4221045,0.4418805,0.07822686,0.004311688,0.1962698,0.03031516,0.1943914,0.03605932,0.006912153,0.01824119,0.0322194,0.5427959,0.137955,0.007554403
"PDD43",0.9622237,0.08470366,0.01348967,0.886302,0.01693731,0.2343216,0.8504772,0.01069296,0.01777975,0.1671316,0.007425578,0.3066963,0.3550911,0.9327327,0.8736011,0.009770877,0.9299876,0.02528106,0.4461182,0.07011023,0.01237229,0.005741786,0.01165266,0.01039906,0.5651279,0.02062804,0.8087276,0.01688889,0.5028435,0.541904,0.03844268,0.0008679941,0.1979287,0.0226842,0.4582031,0.03796079,0.01260723,0.009602036,0.02783168,0.5904645,0.1989554,0.008200923
"PD14",0.9573063,0.08831883,0.05569127,0.9140319,0.0151929,0.3041551,0.9059761,0.006373232,0.01128903,0.04465413,0.007678631,0.3573873,0.2650643,0.9385097,0.8254671,0.0132509,0.9072876,0.079427,0.6387424,0.05353874,0.01153554,0.005996302,0.007126097,0.01524767,0.6671644,0.01941553,0.9196767,0.01066014,0.5736539,0.5959154,0.04312967,0.0005130814,0.2400372,0.02722031,0.3802456,0.02058002,0.01158096,0.01411466,0.02956428,0.5643207,0.1247429,0.01023532
"PDD5",0.9591125,0.09689217,0.03323134,0.9317443,0.01650273,0.2112112,0.8993136,0.01668967,0.01420176,0.1541,0.0134988,0.3938081,0.2234784,0.894403,0.8197402,0.02408667,0.897784,0.07771765,0.5934952,0.07241083,0.02380985,0.0172266,0.01768152,0.03390831,0.7327602,0.02404667,0.7485493,0.01585086,0.5900713,0.7103562,0.03921982,0.004180833,0.4100649,0.0319364,0.3189974,0.03204563,0.01839144,0.01601679,0.02444575,0.5321356,0.1531194,0.01939599
"PD37",0.9393835,0.09074254,0.02354061,0.9146812,0.01856131,0.2460113,0.8753894,0.00455348,0.01076967,0.1111036,0.01451783,0.3721046,0.02269334,0.9190867,0.8422494,0.00762791,0.9178695,0.05984353,0.5870916,0.05474493,0.02581271,0.01656726,0.0079678,0.003824395,0.6835954,0.02621865,0.8757145,0.007218785,0.531417,0.6765606,0.05271499,0.0008423301,0.3069711,0.02931274,0.471953,0.028541,0.003757044,0.01305695,0.01869054,0.5449505,0.1818949,0.005815972
"CTRL80",0.9502807,0.05339098,0.03937532,0.8988157,0.009224191,0.150047,0.9081897,0.003621138,0.008189464,0.08684957,0.008261501,0.3008691,0.09075025,0.9503747,0.7937445,0.03403874,0.9189585,0.05154095,0.444833,0.06841612,0.01073158,0.007581173,0.009255797,0.01407004,0.6240444,0.02187069,0.8664484,0.0008552125,0.4782009,0.574267,0.03917326,0.004524386,0.2547718,0.0291138,0.286253,0.02533266,0.002829712,0.005119891,0.02593711,0.5123612,0.1253812,0.005438477
"PDD74",0.9524154,0.06885436,0.05753177,0.9146861,0.01960663,0.1776556,0.8826232,0.008894905,0.0175024,0.0640049,0.007775662,0.2784364,0.009624639,0.9535027,0.8232384,0.008221991,0.9630613,0.02241769,0.6699313,0.07114014,0.01262718,0.0070463,0.01181102,0.02115431,0.6499277,0.02669972,0.8443951,0.006354058,0.4974671,0.5539693,0.05017048,0.0007141618,0.225544,0.02646519,0.3415327,0.01986299,0.004687042,0.01072885,0.02262312,0.5556357,0.1856482,0.01513002
"CTRL62",0.9285064,0.09781276,0.05272862,0.9139375,0.008202619,0.2361657,0.9125908,0.01095311,0.004399472,0.1089284,0.01287727,0.279855,0.004592193,0.9556168,0.8531067,0.007853095,0.9005684,0.06355722,0.6303696,0.06791809,0.007901071,0.00112534,0.009786846,0.02072686,0.6526141,0.02830644,0.8864003,0.01136269,0.5737277,0.5956475,0.04015425,0.001580061,0.2773337,0.02463788,0.4458369,0.02234562,0.008426722,0.01181592,0.02084808,0.5284356,0.1639089,0.004793233
"PD3",0.9723564,0.1163543,0.02503786,0.918381,0.02157041,0.2041727,0.9038267,0.02640387,0.02058494,0.1767621,0.02145445,0.437718,0.02591483,0.9238648,0.7934355,0.03750895,0.910402,0.05779105,0.5613404,0.06824424,0.02237487,0.03325111,0.01924433,0.0362678,0.702834,0.0311518,0.8028488,0.02705391,0.566566,0.5977984,0.05216535,0.01084772,0.2916279,0.03240433,0.4567678,0.0437195,0.02849845,0.02384802,0.04193682,0.5072791,0.1312383,0.02511336
"CTRL39",0.9500545,0.104642,0.01922651,0.9236732,0.008705214,0.2397066,0.891665,0.01462113,0.007662835,0.1225863,0.008445671,0.39574,0.01894553,0.9500311,0.8118299,0.01671114,0.9140111,0.06116756,0.6845184,0.0654679,0.01624757,0.0129568,0.01227357,0.01398233,0.6942665,0.01554046,0.8566368,0.006155951,0.5747868,0.6658778,0.04288114,0.001270606,0.3088989,0.03434845,0.439091,0.0443897,0.01430469,0.00936024,0.03969296,0.4903217,0.1691069,0.01459184
"CTRL97",0.976453,0.08642636,0.02216552,0.9372948,0.01133188,0.2724933,0.8942144,0.004552873,0.01391663,0.08814288,0.009912875,0.3507826,0.006834152,0.9274171,0.8423387,0.009640587,0.9108625,0.1006655,0.6612531,0.043204,0.009431263,0.01522717,0.01242665,0.01097975,0.7485311,0.01010782,0.8778761,0.01126578,0.6393199,0.6451147,0.0543971,0.0003515226,0.3055011,0.02452631,0.3929472,0.02698147,0.007407407,0.00592491,0.0280017,0.5660822,0.1531944,0.01110952
"PD47",0.9078483,0.0581959,0.03444102,0.8866193,0.01133163,0.1571334,0.8710964,0.005404809,0.01228293,0.07067606,0.01450523,0.3728726,0.01813187,0.937558,0.8098757,0.01472191,0.8937702,0.05559117,0.6414754,0.06766749,0.01755355,0.01063831,0.01002654,0.01557072,0.6243426,0.0152737,0.8360628,0.002584969,0.5085467,0.5592197,0.047723,0.00255263,0.301666,0.03864568,0.3762311,0.03800614,0.009210223,0.00569314,0.03056243,0.539249,0.1487336,0.01056718
"DLB17",0.954126,0.05800482,0.02369457,0.9123949,0.01325714,0.1688369,0.89903,0.009792317,0.03594911,0.04276799,0.01215107,0.316799,0.01564757,0.9034469,0.9061748,0.0190031,0.9281329,0.0389858,0.6124884,0.06606309,0.02996026,0.02740488,0.01297297,0.01506893,0.6521451,0.02981261,0.7696004,0.01391863,0.4977508,0.5076567,0.05496045,0.002307144,0.2039016,0.02978818,0.2536781,0.0276569,0.0131808,0.01018503,0.03123689,0.5590433,0.1281674,0.01134943
"DLB2",0.9717631,0.1265497,0.02232203,0.917885,0.01070009,0.1916561,0.8900813,0.01151097,0.02188329,0.09419781,0.01558999,0.3475583,0.01924408,0.8580425,0.8673931,0.03828667,0.8367756,0.04543264,0.7160298,0.07091413,0.01883945,0.02170196,0.01506877,0.03034954,0.663876,0.02622005,0.7236478,0.01520023,0.5640739,0.622123,0.03881955,0.005743781,0.3099025,0.03068439,0.4034491,0.03653897,0.01673336,0.02341625,0.05274985,0.565182,0.2019565,0.01760391
"CTRL35",0.9610865,0.08753735,0.02251925,0.9034121,0.007202426,0.2869304,0.915119,0.01406407,0.01064373,0.1706916,0.01105178,0.3789836,0.003352555,0.9462487,0.8461338,0.01427788,0.9058925,0.06835789,0.5777707,0.04547339,0.018469,0.004207411,0.008330993,0.01320981,0.6806968,0.02174398,0.8728692,0.001578947,0.5659283,0.6383519,0.05514672,0.0002334481,0.2852396,0.02126393,0.4233404,0.05346841,0.006736675,0.00577636,0.0328788,0.5709585,0.2137278,0.007920594
"PD8",0.9549508,0.1260354,0.02027025,0.923118,0.01784282,0.3481111,0.9126846,0.01215154,0.01320939,0.1513892,0.008008727,0.2850652,0.01696284,0.9051535,0.8637676,0.02578503,0.8892145,0.04668377,0.5186389,0.04646584,0.01889898,0.01805469,0.01799713,0.05532789,0.6555356,0.02941553,0.807451,0.007471156,0.4892562,0.6742231,0.03112481,0.004390712,0.2666058,0.03599243,0.5034774,0.05184813,0.02083052,0.01480973,0.03102987,0.5717991,0.1496698,0.01873285
"CTRL51",0.9712944,0.08738119,0.03287082,0.9003323,0.008314314,0.2318028,0.8950707,0.007402267,0.004705882,0.09486967,0.004161211,0.3645364,0.01683867,0.9625743,0.8232207,0.008070872,0.91991,0.04679428,0.6536604,0.04730679,0.01139703,0.008600733,0.003326864,0.0130951,0.6810428,0.01462113,0.7987897,0.00619979,0.5901416,0.6393163,0.02941668,0.0007106021,0.2807381,0.02213448,0.3779197,0.02103246,0.009327984,0.003282276,0.02557922,0.5342549,0.1496183,0.01416035
"CTRL77",0.9613351,0.05744221,0.02035821,0.91083,0.01285178,0.1555684,0.9016411,0.001298183,0.006915733,0.0731857,0.01040846,0.2834641,0.007414469,0.9272028,0.8326819,0.006307264,0.8851814,0.02764527,0.5593025,0.04970598,0.01003524,0.0159359,0.00885906,0.007377023,0.6589446,0.008900256,0.8453669,0.01238292,0.5177407,0.5454285,0.03401045,0.0001914005,0.278226,0.01768173,0.4927339,0.02524896,0.0155096,0.01170891,0.02041186,0.5838633,0.1306478,0.004665203
"CTRL68",0.9652678,0.02866786,0.01880977,0.9298871,0.01731273,0.150781,0.884761,0.01294498,0.01382265,0.06859209,0.01840377,0.2797826,0.2843494,0.979469,0.835352,0.01036758,0.9236275,0.0599848,0.4854013,0.05833435,0.01276137,0.01123989,0.00763425,0.01520006,0.6325808,0.02066554,0.8322752,0.01457969,0.5461123,0.5628953,0.04324864,0.003072673,0.2468883,0.02954457,0.4130777,0.02513015,0.01387859,0.01276395,0.03068005,0.499254,0.150216,0.007376396
"PDD24",0.9597212,0.07657634,0.01243747,0.9447742,0.01730682,0.240338,0.934359,0.008063824,0.01209026,0.1513673,0.005569058,0.3513026,0.01242947,0.9318091,0.815341,0.01013225,0.9868304,0.03953701,0.6690232,0.04406855,0.02338803,0.005659933,0.007463193,0.01563794,0.7273885,0.01623154,0.8211519,0.002365153,0.5825394,0.6219778,0.05038144,0.002032139,0.2884135,0.02826747,0.3652318,0.01732934,0.004971933,0.009949041,0.02355683,0.5949271,0.1363285,0.01092755
"CTRL19",0.9479622,0.1129511,0.0298136,0.9137603,0.004853941,0.2537211,0.8908926,0.01467381,0.01879783,0.1508799,0.01056556,0.4194347,0.1533333,0.937232,0.8118285,0.01462599,0.9444875,0.05175719,0.6079726,0.04594144,0.01840385,0.01211865,0.004257061,0.009798448,0.6623153,0.02467428,0.9067212,0.003652823,0.5811705,0.5670656,0.04932866,0.003398763,0.3009049,0.0326767,0.3919154,0.02968341,0.004713805,0.009683026,0.02455104,0.5788113,0.22154,0.01216048
"PDD13",0.9667709,0.1065229,0.05541051,0.9342956,0.01344357,0.1533273,0.912718,0.01564513,0.01443464,0.04812253,0.007442594,0.4213697,0.03375166,0.9627017,0.8097599,0.01142143,0.9044093,0.06897347,0.6642932,0.043,0.01719964,0.003804927,0.006190673,0.009627058,0.7883726,0.01163238,0.7793631,0.007262497,0.4958438,0.5593345,0.02407337,0.0006942197,0.3639655,0.02598957,0.3506952,0.02876401,0.0087934,0.00448821,0.01988689,0.5310623,0.1615317,0.01177275
"CTRL43",0.948356,0.07849902,0.05047585,0.928622,0.01438696,0.2423797,0.8920053,0.0209916,0.01451346,0.1271418,0.02727544,0.3006935,0.003719148,0.9311949,0.7740412,0.02595916,0.8791143,0.06089078,0.6307762,0.07512806,0.01472597,0.01172647,0.01165702,0.01552774,0.6701219,0.01559044,0.9319417,0.01223511,0.546851,0.561845,0.06981748,0.00455194,0.2917188,0.02736585,0.3529332,0.0260609,0.007245658,0.01290516,0.02909229,0.5256723,0.1702405,0.01051881
"DLB11",0.9767151,0.08068064,0.01800048,0.9361759,0.01295929,0.2241049,0.8815588,0.006774075,0.01241688,0.05729425,0.02432886,0.3660542,0.007897153,0.9404655,0.8404236,0.01204285,0.900106,0.04401352,0.6904582,0.03721135,0.01323303,0.009583768,0.008693778,0.01164553,0.6595481,0.01816014,0.8104254,0.01365854,0.5378385,0.5384503,0.04964096,0.001474864,0.17849,0.0335256,0.299963,0.02977064,0.006255585,0.00746821,0.02825568,0.5107942,0.1705218,0.004842828
"PDD58",0.9579058,0.08566018,0.02067201,0.9231424,0.01660777,0.2326161,0.880677,0.004450558,0.01348061,0.1042538,0.008124881,0.35304,0.0005952381,0.9501428,0.910037,0.01003026,0.9071519,0.06628883,0.7265045,0.06297539,0.01369383,0.009061701,0.005353179,0.009719496,0.7005045,0.01749867,0.8570069,0.009262883,0.5641925,0.5823533,0.04490723,0.001315092,0.2844086,0.02572436,0.4085239,0.02752992,0.007645372,0.01025192,0.02871645,0.5359002,0.1865084,0.01541701
"CTRL42",0.9541603,0.08379945,0.04437303,0.9226439,0.00921006,0.2725696,0.8940839,0.005444234,0.01463275,0.09984357,0.007528796,0.3920583,0.1962779,0.9443565,0.8592417,0.009970512,0.8840255,0.04224434,0.600265,0.0541144,0.01344128,0.01018157,0.003606794,0.01564206,0.6714396,0.01461316,0.8822103,0.007698381,0.6101361,0.6371287,0.04836571,0.00307612,0.3106466,0.02644121,0.4775469,0.02819822,0.01645179,0.006439964,0.03048441,0.551631,0.1814984,0.01189526
"PDD53",0.9444472,0.1648263,0.02913688,0.9094356,0.01252429,0.2293841,0.8738716,0.004519381,0.01953125,0.1094038,0.01010846,0.3246789,0.1720994,0.942403,0.8433834,0.01437507,0.8921891,0.03859233,0.6211935,0.05369928,0.01234145,0.01518596,0.004671905,0.007616578,0.6672429,0.009292413,0.7635751,0.008099688,0.5006936,0.626132,0.04558742,0.0003351959,0.3019967,0.02177848,0.5719602,0.0228992,0.01124538,0.007177962,0.02737461,0.5900605,0.1888115,0.006544306
"PD40",0.9756035,0.09168634,0.0304184,0.9206742,0.005959684,0.2294749,0.8584808,0.002066543,0.009928515,0.1331581,0.01305771,0.3676691,0.009758478,0.9365648,0.8193516,0.01349096,0.9536049,0.05119538,0.5906127,0.07170974,0.01637574,0.004577218,0.006609094,0.01198722,0.7243931,0.01553921,0.858518,0.006100705,0.5518108,0.6527262,0.03447924,0.002863652,0.3124808,0.02390471,0.346137,0.02936756,0.003138268,0.008296055,0.03272201,0.5107366,0.1686469,0.01300009
"PDD44",0.9663109,0.1059803,0.03402865,0.9115834,0.008774373,0.2110018,0.9122353,0.005127283,0.01809494,0.09153242,0.01059298,0.3355503,0.004867496,0.9082876,0.8863343,0.02445886,0.9206676,0.01884935,0.5867767,0.07427981,0.02276262,0.008525802,0.01316776,0.01950912,0.6531565,0.02005731,0.7668666,0.0101775,0.515931,0.5418397,0.02997985,0.001267575,0.2190179,0.02638388,0.3778753,0.02460172,0.01109021,0.01672036,0.03676166,0.5080377,0.16609,0.01286027
"PD6",0.9412557,0.08692885,0.01022789,0.9362931,0.02699675,0.1481614,0.9582986,0.01975379,0.02180885,0.1074949,0.01103031,0.3451039,0.01852626,0.9409294,0.840197,0.03132073,0.8846938,0.03639155,0.4248873,0.07421325,0.02682395,0.02091414,0.01611023,0.01291814,0.6951271,0.02082169,0.8059406,0.009721791,0.5618774,0.5534483,0.04339378,0.005500375,0.2963212,0.02225855,0.3187516,0.02532705,0.01390465,0.01368301,0.03686738,0.5361714,0.1156984,0.01381743
"CTRL1",0.9730434,0.1092873,0.01985003,0.9210434,0.01611648,0.1998001,0.9378407,0.01378147,0.01570256,0.1809161,0.01292584,0.4091097,0.01797386,0.9197633,0.8394847,0.01691642,0.8930689,0.02751931,0.5493045,0.0527735,0.02023331,0.01698044,0.01757001,0.03125363,0.7380869,0.02877698,0.8913934,0.01580403,0.5409454,0.6015014,0.04290009,0.002852449,0.3706852,0.02773634,0.3955164,0.04105839,0.01163095,0.01315284,0.02874225,0.5239337,0.1947838,0.02175996
"PD35",0.9250577,0.09450092,0.03008936,0.9353892,0.0152003,0.2062978,0.9041749,0.007945516,0.01860465,0.09235786,0.005654832,0.2969499,0.01270258,0.9428189,0.9046451,0.01884125,0.8790746,0.06097883,0.6121991,0.05145642,0.01413208,0.01307881,0.01339898,0.0131494,0.7022369,0.01409736,0.7830189,0.008638173,0.5529429,0.6371534,0.04670446,0.0004220567,0.2988701,0.02627178,0.4111626,0.04046599,0.007726796,0.01433239,0.04996714,0.5582655,0.1832972,0.005766338
"PDD41",0.971571,0.1008507,0.01024897,0.8838267,0.007152468,0.2180636,0.8942341,0.01340973,0.01325632,0.1200942,0.01319364,0.328401,0.01044493,0.9612965,0.8324606,0.009475131,0.8470315,0.03577007,0.542774,0.05316339,0.009972434,0.00752819,0.01113252,0.01896054,0.5847277,0.01659612,0.8967569,0.0105089,0.477216,0.5829936,0.04690687,0.001615173,0.2976406,0.03008142,0.3437319,0.02669601,0.005934718,0.009929907,0.03750754,0.5800708,0.16465,0.004709396
"PDD70",0.9286722,0.0864873,0.0523428,0.9000939,0.0128608,0.1942396,0.9225313,0.009407601,0.009373525,0.191274,0.007372251,0.2722729,0.2729297,0.9460048,0.855984,0.009445699,0.9046389,0.03624413,0.5734548,0.05179387,0.01154386,0.008315837,0.008263285,0.01751631,0.7203181,0.02030457,0.8822212,0.007307398,0.5901733,0.6827784,0.03491389,0.0013617,0.2326929,0.02981981,0.4447411,0.0291579,0.006742739,0.000826731,0.02529324,0.5151049,0.1621319,0.002441009
"PD59",0.9648649,0.06582307,0.02470341,0.8754944,0.006364242,0.2210411,0.8684892,0.005737117,0.009530792,0.06238502,0.006566434,0.348084,0.00672748,0.9194424,0.8846567,0.008310308,0.9368191,0.05113052,0.5375138,0.07346839,0.009276132,0.007089317,0.007973775,0.007251868,0.6236427,0.01955565,0.8178739,0.01388751,0.5147098,0.6018227,0.03045889,0.001895626,0.235343,0.02362799,0.3871138,0.02775835,0.01103434,0.007309348,0.03109663,0.5431796,0.1573624,0.0111638
"PDD28",0.9487981,0.06589128,0.01584123,0.9191979,0.01636569,0.1362464,0.8483322,0.007103976,0.006604158,0.08143936,0.0019218,0.3688223,0.01056604,0.9246957,0.8242097,0.01098769,0.8937504,0.03208757,0.6364553,0.07890794,0.01394421,0.004196759,0.005586133,0.01666201,0.7632543,0.01616773,0.8468743,0.003149479,0.523771,0.5642851,0.0651403,0.0004216376,0.414136,0.02805943,0.2844944,0.01706139,0.008042066,0.007039055,0.01948004,0.5055612,0.108545,0.002970297
"CTRL78",0.9577981,0.08042956,0.03676864,0.9169194,0.01328293,0.2090804,0.9076902,0.01294025,0.01516548,0.1696452,0.0166076,0.3642767,0.08907022,0.9005317,0.830403,0.02824863,0.8596023,0.055778,0.6304539,0.04988167,0.02308601,0.01293074,0.01056545,0.03188437,0.7265571,0.02794063,0.8570971,0.02147393,0.5350208,0.6522027,0.04531908,0.002253162,0.2245206,0.0181956,0.3264734,0.02952716,0.01211034,0.02024737,0.04113437,0.5500605,0.1981529,0.02241053
"CTRL64",0.9596198,0.06499016,0.02228045,0.951389,0.0141726,0.1896838,0.9162504,0.01125999,0.01329456,0.07890795,0.008387223,0.2669514,0.09795142,0.9197298,0.7809676,0.01742067,0.9249017,0.04165417,0.7409814,0.08484762,0.01466134,0.0147211,0.01337598,0.01840235,0.6380673,0.0257661,0.8850882,0.01140478,0.5053493,0.5630002,0.04985745,0.003220312,0.2229436,0.02201412,0.2688133,0.02138735,0.01379827,0.01232733,0.02738393,0.5363465,0.1201563,0.009024682
"PD48",0.958727,0.08515622,0.06316672,0.9102365,0.00927217,0.1965955,0.8522089,0.01352076,0.005510711,0.07157152,0.01670093,0.3604363,0.01265518,0.9498642,0.8138943,0.01130632,0.8881739,0.07109695,0.6935735,0.06417819,0.02462566,0.02273451,0.02019584,0.008399597,0.6488709,0.02737048,0.808906,0.006293052,0.4971536,0.5242336,0.03703419,0.001005581,0.2764463,0.02655661,0.3984525,0.0322895,0.009590918,0.01100602,0.02924581,0.5155557,0.1273108,0.00234657
"PD21",0.9710459,0.1055019,0.01245684,0.8943459,0.02424974,0.2471464,0.9019743,0.02871051,0.01248062,0.09545161,0.003988373,0.3835613,0.1225589,0.9583097,0.838913,0.008418743,0.9006778,0.03512037,0.602665,0.0784,0.02467266,0.007538293,0.009080688,0.01389924,0.6759613,0.01675008,0.7360507,0.009257781,0.5565899,0.6871897,0.02307759,0.00366387,0.3381413,0.03010645,0.4303288,0.0263624,0.007804972,0.01017583,0.02003482,0.5304859,0.182967,0.008698977
"CTRL95",0.966454,0.09701732,0.01911271,0.9257815,0.00862007,0.2262838,0.9044466,0.004894199,0.009795549,0.09017439,0.01082935,0.3763169,0.08125203,0.9578441,0.8608768,0.01377524,0.9073414,0.03574854,0.7879671,0.05248307,0.01400515,0.01327091,0.008327299,0.008716449,0.7010902,0.02370788,0.8471935,0.003634266,0.578145,0.5526599,0.034556,0.002969604,0.2592657,0.02009954,0.409968,0.03326415,0.002013943,0.008617698,0.02605941,0.4953344,0.1950165,0.006983878
"CTRL57",0.9249796,0.1079896,0.02576584,0.9126554,0.01867753,0.1746163,0.8952474,0.003916842,0.003290601,0.1138887,0.004569702,0.324077,0.2191888,0.9595858,0.7740395,0.01065432,0.9100389,0.0331989,0.6562358,0.06386249,0.01428261,0.01433262,0.01011441,0.01199389,0.6945523,0.01215521,0.901975,0.01127018,0.5478111,0.5414519,0.02483637,0.0003472253,0.2672784,0.02082041,0.343049,0.02502789,0.004254164,0.009182335,0.02501293,0.5396732,0.1212255,0.008481608
"PDD30",0.9461423,0.1005579,0.02354298,0.9161046,0.02245046,0.2332438,0.9079195,0.01834758,0.01488372,0.135399,0.008217448,0.314083,0.01159251,0.9046414,0.8944966,0.02269219,0.9384747,0.08498283,0.4349632,0.06723338,0.02358704,0.01742298,0.005683971,0.01605726,0.7123143,0.02771415,0.9131382,0.003526882,0.5019259,0.6039472,0.04974889,0.0008291655,0.1982197,0.03541469,0.3801478,0.03738183,0.001549267,0.009147116,0.03873999,0.4737411,0.2106406,0.008645845
"PDD22",0.9655979,0.08448225,0.01541421,0.9130285,0.01617478,0.2451432,0.9039748,0.002268468,0.01456058,0.2000212,0.003879836,0.3168316,0.008906234,0.9693371,0.8561635,0.007544991,0.9389356,0.05547901,0.421745,0.06172402,0.009783018,0.004770346,0.002108678,0.01138355,0.6530116,0.01970216,0.8509491,0.008099311,0.4984304,0.5700467,0.04535128,0.001883748,0.332689,0.0176683,0.569608,0.0187172,0.01135598,0.008460888,0.02709433,0.6115059,0.2021131,0.01491557
"DLB15",0.9649447,0.109308,0.02928406,0.915817,0.01938544,0.2031196,0.8838739,0.02519597,0.01521469,0.06481586,0.01998576,0.277774,0.02335766,0.9289459,0.8392709,0.02141224,0.8142551,0.03459179,0.6350924,0.06485888,0.02048121,0.02691927,0.01964286,0.01950365,0.6265597,0.0377305,0.8775925,0.01833024,0.4547143,0.508361,0.03375042,0.007261062,0.2853319,0.03158011,0.3644002,0.02707434,0.0235732,0.02645903,0.03932447,0.5132796,0.1848743,0.01784046
"PD50",0.970829,0.09461847,0.04569923,0.921622,0.01197374,0.2649909,0.8812195,0.01187409,0.008869006,0.0910562,0.01300837,0.302571,0.01649647,0.9338857,0.8420549,0.0103971,0.954984,0.04761025,0.6818513,0.05521041,0.01926332,0.01396657,0.01143123,0.01284916,0.6523884,0.01617807,0.8740286,0.00546791,0.5288199,0.5647671,0.03810807,0.002076172,0.2751332,0.02309026,0.3569936,0.05116526,0.01008386,0.01352657,0.03144264,0.5760574,0.1337322,0.006603302
"CTRL29",0.9668785,0.08140955,0.0334783,0.9128713,0.01592508,0.2613199,0.8574662,0.01273458,0.008438444,0.1302962,0.01162104,0.2569257,0.003694723,0.9093261,0.8274007,0.01015979,0.8957819,0.06216087,0.4377589,0.0595082,0.01074987,0.006975556,0.006814815,0.01004283,0.5592417,0.02129075,0.8625946,0.008843297,0.4347543,0.4662223,0.05250749,0.001730421,0.2411036,0.02109523,0.448371,0.02204449,0.0007902461,0.01412405,0.03515287,0.5554554,0.1274348,0.0136229
"PDD54",0.9530057,0.1046771,0.03225818,0.9059475,0.01186781,0.240187,0.9149599,0.009049314,0.01493976,0.1179443,0.008974913,0.3513084,0.1503699,0.9284281,0.9084638,0.01062343,0.9126757,0.04351386,0.6376228,0.06004521,0.01191704,0.01240463,0.007746659,0.01608047,0.6670083,0.02596279,0.7441516,0.005724508,0.5365806,0.5932564,0.03440882,0.0006281316,0.2972289,0.01994048,0.4381396,0.04552548,0.003584586,0.01067008,0.03911701,0.5747173,0.1920138,0.004823784
"PDD27",0.9392301,0.05610326,0.05506098,0.9143785,0.01520658,0.3021271,0.9265282,0.005168472,0.01067673,0.115112,0.01211422,0.3925982,0.01712483,0.9376856,0.8558739,0.01732347,0.9000696,0.03951387,0.5826592,0.05433263,0.0140887,0.008214687,0.004804139,0.007832682,0.7640378,0.02117517,0.8817259,0.0006931208,0.6248622,0.6641283,0.02487206,0.0003483008,0.351627,0.02897043,0.4742098,0.02040451,0.006331117,0.009043597,0.02326502,0.5837552,0.1873094,0.009937351
"DLB24",0.9603569,0.1170964,0.03662476,0.9043603,0.006675225,0.2018527,0.8640347,0.006578146,0.01054446,0.06160093,0.01190566,0.3571539,0.01254553,0.9455681,0.830774,0.01998269,0.9552879,0.01195571,0.5620313,0.07181487,0.02064144,0.01254701,0.008739985,0.02219205,0.6193599,0.02006247,0.8146815,0.00930187,0.4829566,0.5431994,0.03837709,0.002796245,0.2874462,0.03416533,0.413069,0.03145568,0.02119327,0.01291532,0.05215206,0.5911991,0.202692,0.01252041
"PD23",0.9692233,0.1127462,0.03803251,0.9087695,0.01903055,0.216758,0.903119,0.01970911,0.01262205,0.1198278,0.007380093,0.2652603,0.1865054,0.9549749,0.8861312,0.009193433,0.9349548,0.03521635,0.6562799,0.06063089,0.02236323,0.005953311,0.005986509,0.01457615,0.674298,0.01673423,0.8208435,0.008819323,0.5070515,0.5555775,0.03119444,0.001100699,0.2339285,0.01719512,0.4476317,0.01252747,0.01276371,0.00941815,0.03147641,0.564873,0.1627855,0.0142781
"PD30",0.9519379,0.08936723,0.04496359,0.9187649,0.01348136,0.2283209,0.8846779,0.001234451,0.01907148,0.1036864,0.006609238,0.3383161,0.1832061,0.9378594,0.8451636,0.01181641,0.9394243,0.07930997,0.5964072,0.04934742,0.01056121,0.006504304,0.008751549,0.01612321,0.7024974,0.0201278,0.8197073,0.004453205,0.5839909,0.6335009,0.04525956,0.0007564637,0.3376851,0.01998339,0.4361215,0.03852595,0.01355774,0.002425401,0.02143119,0.5478509,0.1618463,0.01254159
"PDD15",0.930142,0.06681992,0.05246174,0.9230546,0.02039975,0.2106861,0.9293071,0.01053128,0.01503759,0.09690375,0.01135686,0.2808482,0.2029709,0.9222387,0.814104,0.02106591,0.9298173,0.04290899,0.4546849,0.05451911,0.01575168,0.0209139,0.0099514,0.02512875,0.6812983,0.02352941,0.831784,0.01232455,0.4789046,0.4932424,0.03820803,0.001744666,0.2660558,0.01745136,0.4235063,0.03411125,0.02080344,0.01707506,0.04429975,0.5755457,0.1212967,0.01286765
"CTRL50",0.9525719,0.08088195,0.01785073,0.9326684,0.008153113,0.2038717,0.8979564,0.004971729,0.01139154,0.07773054,0.007705493,0.3315036,0.0758069,0.9504479,0.8754223,0.01186879,0.9358425,0.02738011,0.7096685,0.06363257,0.01554812,0.003913461,0.01076863,0.009597646,0.5934391,0.0230476,0.812357,0.01093727,0.4737429,0.5025563,0.02153696,0.001312766,0.2852449,0.01704437,0.4178081,0.01544521,0.01114907,0.01114226,0.01741,0.5241704,0.1704324,0.005055881
"CTRL93",0.936956,0.07813856,0.05642081,0.9077638,0.01072791,0.2865032,0.9190939,0.008540925,0.007405235,0.06310564,0.01846408,0.3965703,0.1901946,0.9404889,0.7499208,0.009057828,0.9522748,0.06570014,0.6231051,0.04202135,0.01259996,0.00797711,0.008984598,0.01192963,0.6630469,0.01247827,0.855403,0.004699781,0.5665391,0.6020994,0.0431502,0.001688852,0.3419107,0.02676318,0.37172,0.03555333,0.007456504,0.008461877,0.03315664,0.5068913,0.1349554,0.008370436
"PDD35",0.9692166,0.06610254,0.02856085,0.9176948,0.01692699,0.1403238,0.8844788,0.01114178,0.01152761,0.02315305,0.01003826,0.3767779,0.01134418,0.9379263,0.8490244,0.0142236,0.8495582,0.0799609,0.5141609,0.05320278,0.0231281,0.008751537,0.01366839,0.01629418,0.6988038,0.02248021,0.8534066,0.009291068,0.512239,0.5579365,0.03822952,0.0003429375,0.3108096,0.02452968,0.3491192,0.01355985,0.01273311,0.006588413,0.02536802,0.5454073,0.1281122,0.008298755
"CTRL73",0.9222372,0.08572842,0.02425374,0.9324938,0.01350722,0.1906247,0.9350629,0.005556138,0.008816327,0.08202037,0.01204065,0.3079256,0.01439313,0.9385836,0.832495,0.01501294,0.7883305,0.05254615,0.6786143,0.0662768,0.01290723,0.01173933,0.009146057,0.01411397,0.6145024,0.02848434,0.8323336,0.01342792,0.5287713,0.530405,0.04231377,0.003662511,0.1680983,0.03090856,0.3532888,0.0254882,0.009946602,0.01311327,0.01491144,0.5970875,0.1501188,0.01508396
"PDD6",0.9830495,0.1187346,0.03036359,0.9248972,0.009712436,0.2522769,0.8911661,0.003032838,0.01246426,0.08764003,0.004096543,0.3639077,0.01591316,0.9614966,0.839568,0.009358212,0.9085421,0.06452092,0.6760864,0.03418704,0.01350233,0.002374732,0.008841249,0.005938441,0.7484671,0.01495101,0.8598091,0.01505803,0.5430073,0.6157012,0.02723024,0.0006849181,0.4009066,0.02136417,0.3958359,0.02086332,0.006316767,0.005577867,0.02932995,0.5602756,0.1816469,0.009430573
"CTRL13",0.95642,0.04373447,0.03658697,0.9100613,0.01271728,0.2413608,0.9186173,4.298487e-05,0.0130349,0.07732809,0.01521952,0.3683841,0.399063,0.9565298,0.800348,0.01320699,0.903096,0.03943127,0.5334608,0.05801176,0.020174,0.007067955,0.001255718,0.01436903,0.6242792,0.02026509,0.8927391,0.01125587,0.4995479,0.549033,0.03968353,0.0009883736,0.2134494,0.02331958,0.3296127,0.02329057,0.01229793,0.00678392,0.02461479,0.5366505,0.1424204,0.004927595
"PDD73",0.9740793,0.1057982,0.01191183,0.9324747,0.01591809,0.1615271,0.9464583,0.01641685,0.01394389,0.08400289,0.01087079,0.3185009,0.09406626,0.9347066,0.892725,0.009841815,0.9537068,0.0184993,0.7073293,0.04086739,0.01053668,0.01259709,0.00504961,0.02148509,0.7356455,0.006974717,0.8712547,0.003477109,0.558774,0.6190371,0.02576002,0.003771968,0.2567481,0.03363447,0.3973614,0.03396447,0.007470165,0.0160801,0.02531805,0.5615085,0.1665089,0.009558888
"CTRL81",0.9339611,0.06197421,0.02887589,0.8999379,0.01678583,0.2139814,0.8980235,0.0076515,0.01405297,0.08152955,0.003837421,0.3500439,0.006641671,0.938034,0.8549334,0.01038046,0.9307793,0.03573246,0.5353601,0.07793646,0.01731509,0.01510902,0.01152208,0.01812575,0.6253307,0.01952214,0.7935527,0.009643052,0.4842248,0.5868029,0.04397743,0.001052331,0.3282513,0.03146496,0.2861968,0.02859064,0.007020152,0.01122995,0.03626046,0.5363544,0.1628031,0.0008184794
"CTRL33",0.9347192,0.1127995,0.01734575,0.908459,0.01023303,0.272822,0.9127317,0.01042945,0.01369987,0.1210828,0.007063636,0.3681859,0.2272313,0.9423143,0.8565311,0.0147507,0.9417819,0.043333,0.7282336,0.0449908,0.01737659,0.01151047,0.01634565,0.01736393,0.6547158,0.01456249,0.8395792,0.01071891,0.5064854,0.656786,0.02668332,0.003668241,0.2725954,0.02464857,0.3594529,0.05938864,0.006169793,0.01037344,0.02943408,0.532698,0.1643842,0.008418254
"PDD49",0.9748451,0.1118244,0.03017554,0.8954903,0.01208929,0.1967326,0.8604727,0.004496403,0.009704677,0.136702,0.004509557,0.2733204,0.3793711,0.9417259,0.862458,0.003060199,0.8924151,0.02268633,0.5337503,0.06761178,0.01127562,0.006604551,0.003575685,0.01221779,0.5536609,0.01740683,0.9061732,0.01042522,0.4485192,0.4529204,0.06348621,0.001600488,0.1979716,0.01816242,0.4391142,0.02050237,0.006821282,0.007636474,0.0340407,0.5469767,0.1607377,0.001135611
"PD27",0.9642831,0.08885675,0.03754234,0.9192552,0.02153749,0.2310129,0.8526924,0.0091354,0.01654804,0.06921745,0.006236073,0.4004929,0.1615564,0.9603249,0.9047311,0.01939218,0.9217222,0.03972105,0.614793,0.06535779,0.01579499,0.006497757,0.0123667,0.0065873,0.6965294,0.01056763,0.8791682,0.006757913,0.5351863,0.5824269,0.05462223,0.001542142,0.327953,0.02934846,0.3827977,0.02020504,0.01162547,0.008628634,0.03077507,0.4791557,0.1552324,0.008987148
"PDD4",0.9493901,0.1097584,0.03723436,0.9204318,0.03035258,0.2823522,0.9212654,0.01805894,0.02440731,0.1202668,0.01015537,0.3430839,0.02131481,0.8894523,0.7774794,0.02205151,0.9115227,0.05420465,0.4394067,0.07232988,0.03197724,0.03312639,0.01406866,0.02033934,0.6091422,0.02604549,0.8654367,0.01328578,0.5493322,0.6395993,0.05903551,0.004292677,0.3193176,0.0283472,0.3767984,0.0537808,0.02475309,0.01443242,0.05228174,0.544341,0.2474444,0.02523843
"PD58",0.9664595,0.1225178,0.01907607,0.8970875,0.008816548,0.1903894,0.8813623,4.298487e-05,0.006124105,0.1437602,0.00683447,0.3497133,0.01463687,0.953035,0.8729779,0.0009200491,0.9234773,0.03068626,0.6062644,0.04549104,0.01539373,0.009863086,0.001735968,0.02799104,0.6636519,0.02053562,0.7877065,0.006842469,0.5373671,0.603713,0.03823781,0.0001639155,0.314324,0.03029791,0.4331,0.01818753,0.008723088,0.01218128,0.02772053,0.5514844,0.1489952,0.003802281
"CTRL85",0.9444244,0.06606827,0.01678506,0.9039979,0.01543624,0.2877037,0.9228574,0.008454106,0.009557764,0.1065752,0.02134424,0.2413331,0.006647368,0.9307652,0.8839811,0.01587174,0.9041866,0.02956126,0.5528498,0.06453439,0.01853326,0.003660286,0.009848812,0.01699507,0.6537938,0.02259304,0.8815414,0.009669554,0.5213879,0.5268889,0.04030388,0.001380641,0.1924987,0.02423688,0.4243521,0.02436782,0.01392954,0.006164828,0.01871628,0.5309639,0.1433255,0.01123703
"PD52",0.9711324,0.1035268,0.01605852,0.9062236,0.006660957,0.2506169,0.8855018,0.008735804,0.01323695,0.1237886,0.004782958,0.3367151,0.2976401,0.9595849,0.819844,0.006219019,0.9182412,0.0398201,0.5769243,0.03740405,0.01220669,0.006946424,0.008426688,0.004891172,0.6192417,0.01206876,0.8295414,0.002957996,0.5112052,0.570784,0.03839702,0.0008632152,0.2503066,0.01889137,0.4826608,0.02669039,0.008519318,0.004551489,0.02255519,0.5772559,0.1590553,0.008103373
"PD60",0.9648916,0.09290844,0.02407216,0.9297397,0.01079722,0.1484036,0.8927448,0.01347229,0.01286196,0.04827647,0.008060045,0.3496385,0.1801407,0.932059,0.8237905,0.01281719,0.8613504,0.03869637,0.6579265,0.0581869,0.00729101,0.009533356,0.01198817,0.01531673,0.6997768,0.02284872,0.8740032,0.01192043,0.5197083,0.597083,0.05619597,0.002473792,0.2399919,0.02820783,0.2829149,0.03799231,0.007532627,0.00974026,0.03667103,0.5276155,0.1582542,0.008379888
"PD61",0.9710488,0.0469635,0.02429798,0.9058512,0.008411645,0.1662259,0.9057124,0.01599927,0.01218063,0.08320712,0.01396,0.2938685,0.05497209,0.9487372,0.8817412,0.01130038,0.9336736,0.05711268,0.5608635,0.05674469,0.01103417,0.01605011,0.008198679,0.01666307,0.6389291,0.02459863,0.8149165,0.01246688,0.4925843,0.5633162,0.04306891,0.007735451,0.16975,0.0235479,0.3599781,0.02902235,0.01058247,0.01005545,0.01974963,0.5283945,0.1575329,0.01070285
"CTRL11",0.9723068,0.0749091,0.01703524,0.9044249,0.01933724,0.2940911,0.9315269,0.01295781,0.004386617,0.0908744,0.004960487,0.3584968,0.01105422,0.9388132,0.8146841,0.01119633,0.9628136,0.04070905,0.4677694,0.04414026,0.008599818,0.004095616,0.007644319,0.003415985,0.663103,0.01700138,0.8703249,0.008222698,0.5403518,0.5987315,0.03631518,0.003028128,0.2705116,0.0223934,0.4498534,0.01918912,0.005106127,0.01052296,0.03213603,0.5747433,0.1770244,0.005369128
"CTRL40",0.9429273,0.1142606,0.02016924,0.9193312,0.01167286,0.2604377,0.9115334,0.007399186,0.008167091,0.07753379,0.008588259,0.3437803,0.006917599,0.9479155,0.8502912,0.01878637,0.912833,0.09469397,0.5659023,0.06291718,0.004149854,0.011275,0.01260193,0.02161837,0.6937611,0.01614136,0.8689146,0.002319849,0.5623932,0.577177,0.04805547,0.002289395,0.3226685,0.03511552,0.4433415,0.03744562,0.007015246,0.01147656,0.03027123,0.5451211,0.1663429,0.002616475
"DLB35",0.9466868,0.1302103,0.01813349,0.9251053,0.007325282,0.2563516,0.5013403,0.01551446,0.01590237,0.03828844,0.009932848,0.3543754,0.008583691,0.943331,0.8833104,0.02036488,0.926509,0.05713026,0.6210158,0.06319862,0.02277296,0.01295836,0.01505634,0.01205547,0.6663208,0.01788539,0.7133456,0.00885126,0.5342396,0.611188,0.04933025,0.008187278,0.2255613,0.02657164,0.4296402,0.03516248,0.01392758,0.009869612,0.02641755,0.548908,0.1854555,0.01003952
"PD9",0.9574681,0.09221457,0.03848576,0.8988741,0.02494001,0.1738017,0.906562,0.0139678,0.02157719,0.1159895,0.01533957,0.3598426,0.01238646,0.9054028,0.8651314,0.01825157,0.8941518,0.07382913,0.5503302,0.07795777,0.02552028,0.02340295,0.01505562,0.03737279,0.6708929,0.02000256,0.8908006,0.01270865,0.5165831,0.5644322,0.04630176,0.006378677,0.2867272,0.02322682,0.3356464,0.03825147,0.01884058,0.01399515,0.02273998,0.5844914,0.1813187,0.02308111
"CTRL79",0.9474508,0.06675462,0.02015083,0.9078772,0.01312336,0.1899326,0.9264676,0.008921601,0.01115209,0.06962776,0.002157722,0.3612014,0.1561451,0.9376658,0.8382616,0.01639318,0.9304785,0.05001873,0.5972172,0.04001459,0.01196489,0.01445233,0.01130799,0.01476026,0.6566079,0.02150769,0.914494,0.009470477,0.4906528,0.6481558,0.02568834,0.0003359277,0.2142776,0.01958466,0.2797715,0.009301906,0.005547379,0.01023947,0.02200106,0.5965247,0.1457891,0.009956888
"PDD61",0.9564238,0.09883751,0.04487856,0.919198,0.01411387,0.2065747,0.8432438,0.00685445,0.007621592,0.09456883,0.01661663,0.3302314,0.1846976,0.9200412,0.8523647,0.01479632,0.9058288,0.03993756,0.6308184,0.06398206,0.01829784,0.0134654,0.01099006,0.01564503,0.6842648,0.01534155,0.8618774,0.01739754,0.5679175,0.5426538,0.03456747,0.002027393,0.2651067,0.02315353,0.3292417,0.02810349,0.01291838,0.007899777,0.02956105,0.5371247,0.1581149,0.01378175
"PD56",0.9720539,0.05722992,0.03205981,0.9300543,0.0164046,0.1614858,0.8607096,0.007715736,0.009597081,0.1099777,0.007732973,0.3318562,0.004121162,0.9624728,0.8685698,0.02007764,0.905761,0.04355498,0.5597426,0.0497676,0.00682946,0.001620954,0.005678885,0.01397,0.6629018,0.01791751,0.7683524,0.003728319,0.5958972,0.5360848,0.03934454,0.0009422298,0.2622165,0.02252346,0.4496671,0.01183364,0.003157375,0.003776202,0.02782848,0.5043554,0.1635895,0.01350986
"CTRL55",0.928362,0.06820899,0.0567861,0.9182217,0.01335572,0.2075276,0.9192298,0.008342133,0.005632255,0.05960645,0.005908621,0.3664702,0.01643368,0.9257764,0.8152139,0.01744676,0.9206513,0.07590921,0.6774824,0.05720123,0.006858803,0.004803558,0.01796559,0.01278047,0.66529,0.01453165,0.9101933,0.01327732,0.500002,0.5715648,0.04251311,0.0002186684,0.3290614,0.02853887,0.3822027,0.04421975,0.004177546,0.01219326,0.02856252,0.5707961,0.2010069,0.005488669
"CTRL37",0.9797035,0.08379378,0.04176161,0.8685565,0.007281748,0.2582558,0.8680168,0.01590457,0.007845725,0.2751724,0.004445848,0.321061,0.01544491,0.9711934,0.8134014,0.01076051,0.9303946,0.02991136,0.4208668,0.06171694,0.009718882,0.009489314,0.006088407,0.008164466,0.6568982,0.01067056,0.9107593,0.003405125,0.5194692,0.5657732,0.02495871,0.002152047,0.3650551,0.02511582,0.4888647,0.03474124,0.01111537,0.001321768,0.01992914,0.5770086,0.1861291,0.004289268
"CTRL82",0.9502146,0.07858908,0.01595641,0.9431371,0.01013514,0.2121644,0.9414822,0.00699456,0.01676537,0.07131364,0.008822697,0.2687043,0.1079636,0.9581874,0.8297499,0.009700635,0.9448791,0.07313565,0.5393719,0.06017942,0.009813795,0.008794686,0.005631462,0.01457244,0.6524733,0.01619015,0.9011968,0.01306551,0.5166731,0.5026611,0.04168505,0.0006339368,0.2128766,0.02256407,0.3425466,0.02295719,0.0005302789,0.008972597,0.03093658,0.5784563,0.1646251,0.004609199
"CTRL32",0.9692584,0.1204823,0.02335485,0.9053369,0.01601134,0.3423709,0.8735946,0.02729824,0.008930305,0.153297,0.003017193,0.3671887,0.004066543,0.9423568,0.8658962,0.01956417,0.9130168,0.1060907,0.5259848,0.06111929,0.01745433,0.006688088,0.01054046,0.01506602,0.6913693,0.01618962,0.9241257,0.008891213,0.4665557,0.5462209,0.06328549,0.002807618,0.3242622,0.02861832,0.4909381,0.04039142,0.0111968,0.006459705,0.02512918,0.6308659,0.188226,0.01411913
"PD2",0.9756885,0.169731,0.0228424,0.9167678,0.007413113,0.3007731,0.9052268,0.01670507,0.009570985,0.2356553,0.01838364,0.3280423,0.04361484,0.892725,0.9017187,0.03444994,0.9098323,0.04540919,0.5709043,0.05255057,0.02676715,0.01819818,0.01890644,0.02100287,0.6732432,0.01768786,0.863825,0.01524648,0.5382682,0.5869676,0.0554591,0.001172774,0.336156,0.04032697,0.4592682,0.04916959,0.01445523,0.01581538,0.03894582,0.6347628,0.1917475,0.01621682
"PD54",0.9567752,0.06395746,0.03282239,0.9148746,0.004280517,0.2285887,0.8760738,0.01092944,0.01368771,0.1700172,0.002604236,0.2992236,0.00672801,0.955904,0.8484566,0.00554055,0.9044527,0.02475083,0.642656,0.06574222,0.01215278,0.00772228,0.001514578,0.008644804,0.6237393,0.02134004,0.8027523,0.006649031,0.5566243,0.5958432,0.03808371,0.0009104633,0.2469421,0.01479168,0.4370215,0.02214864,0.008233982,0.01056746,0.02001605,0.5621379,0.1595315,0.003666521
"CTRL48",0.9773928,0.07031283,0.0323633,0.9111773,0.01993597,0.2041347,0.8917394,0.01383715,0.00653239,0.08359969,0.00910895,0.363792,0.06185718,0.9253872,0.8312363,0.01609486,0.9005048,0.05175997,0.7038531,0.05389004,0.02042936,0.01743638,0.01146355,0.0140018,0.6360285,0.009680542,0.8545953,0.005704445,0.4767776,0.6225853,0.05408774,0.003407069,0.3087867,0.02791941,0.2836641,0.03033502,0.01090047,0.0108214,0.02410897,0.5503023,0.1535675,0.01190617
"PD49",0.9388098,0.05814025,0.03207218,0.9121645,0.007535461,0.1902658,0.9094804,0.01102978,0.01125718,0.0625348,0.02121367,0.3067772,0.004075929,0.9441165,0.8490333,0.01583217,0.8547237,0.04891402,0.6349114,0.04658066,0.01811363,0.01272752,0.01559582,0.03772051,0.6677292,0.02758756,0.8678627,0.01076555,0.4762789,0.5129919,0.07758797,0.004865975,0.263895,0.0183641,0.3023318,0.04209579,0.007007645,0.01704714,0.03190652,0.5551986,0.1438522,0.01079635
"PDD69",0.96999,0.08697767,0.0431998,0.9276137,0.01228349,0.186208,0.8834144,0.007759632,0.005443965,0.05316909,0.01065954,0.4164618,0.08539505,0.9517587,0.7917659,0.01649334,0.8962079,0.05428052,0.7670741,0.0629509,0.009489525,0.007063343,0.008578075,0.02812304,0.6834887,0.01591489,0.8713651,0.01027594,0.5605073,0.5639015,0.06222944,0.001031584,0.2872072,0.02693412,0.3343868,0.02349788,0.008677686,0.008316142,0.02875054,0.494404,0.1534961,0.008531187
"PD45",0.9525794,0.1165403,0.05538374,0.9118453,0.0189425,0.2722979,0.8633748,0.007118684,0.013857,0.09126823,0.0188129,0.3489187,0.2422544,0.9436173,0.8214896,0.01910245,0.8869468,0.07132802,0.6902836,0.07279168,0.01416996,0.0137315,0.009989633,0.01641421,0.6772872,0.01411874,0.9051413,0.007683552,0.5101453,0.5521915,0.05625892,0.005336346,0.2610673,0.03086361,0.3017361,0.03463914,0.01349779,0.01666962,0.03304749,0.5452395,0.1571082,0.01079347
"CTRL12",0.9319313,0.10517,0.03073059,0.9085255,0.01949983,0.2864853,0.9109831,0.00914998,0.01866504,0.1660826,0.01711042,0.3041862,0.2116557,0.9157315,0.8469979,0.01891476,0.9438073,0.04771756,0.5194165,0.04628906,0.01918115,0.01905587,0.01846622,0.03131353,0.6257059,0.02469837,0.8859387,0.01106818,0.5607916,0.5475405,0.03060155,0.00434153,0.3070319,0.03018553,0.4595156,0.03626653,0.01983907,0.01675458,0.03873295,0.535034,0.204078,0.01319453
"PD33",0.9635459,0.1028461,0.02471676,0.8869725,0.01931345,0.2329842,0.8129828,0.004388782,0.01273885,0.1826662,0.007120126,0.2897907,0.009067017,0.9556422,0.8054773,0.007949363,0.9119549,0.04730439,0.468154,0.07133448,0.01278827,0.01088387,0.01170863,0.01263135,0.580858,0.02165544,0.8143111,0.01246956,0.4321024,0.4736642,0.04405086,0.003982809,0.2400942,0.03294969,0.4524296,0.03052934,0.009946628,0.0111646,0.0233766,0.5786428,0.1554343,0.01162135
"PD51",0.9613185,0.05377583,0.02330733,0.9351313,0.02698788,0.175266,0.8735025,0.004239179,0.004255319,0.04170308,0.005953548,0.2969003,0.08361168,0.9545574,0.8551197,0.00469606,0.919706,0.04065987,0.5621177,0.05309491,0.01214397,0.003386191,0.008910527,0.008962521,0.6230123,0.0144706,0.8415627,0.0005377308,0.4947025,0.5753692,0.02381885,0.0002336888,0.2440644,0.02532277,0.4140388,0.0072994,0.01556218,0.009224632,0.01841717,0.5522786,0.159032,0.002506517
"PD13",0.9827749,0.1229427,0.02071233,0.9162042,0.01592138,0.2815364,0.8862894,0.01418607,0.01515014,0.07604262,0.01364643,0.3556181,0.0112782,0.920536,0.8653153,0.02093234,0.8714174,0.04654807,0.55733,0.0656473,0.01324055,0.01402214,0.00850523,0.003574964,0.6533839,0.01995642,0.9280042,0.01159447,0.4771229,0.4982951,0.03111454,0.000719312,0.3985147,0.02738694,0.4421258,0.01449475,0.01032363,0.01136758,0.02942161,0.6180272,0.213149,0.008346316
"PDD45",0.9732398,0.0669064,0.01512346,0.9056935,0.0254635,0.222476,0.9088151,0.009238115,0.009222873,0.1121192,0.004627924,0.3703508,0.1666022,0.9549666,0.8865749,0.01476278,0.9605105,0.04992995,0.4241573,0.07761755,0.009395364,0.009237075,0.008554596,0.008136138,0.6199901,0.0115894,0.7885402,0.006720742,0.5725456,0.6174344,0.03491495,0.001389219,0.2054261,0.02215113,0.4814582,0.02587061,0.002730109,0.006377164,0.0348586,0.5959371,0.1452832,0.008155824
"PD20",0.9471029,0.09381234,0.01815304,0.9210447,0.01565702,0.1955702,0.856665,0.0191377,0.02157523,0.1035917,0.01557565,0.2518695,0.0141059,0.9272509,0.8579421,0.02440536,0.9325811,0.02376784,0.4984581,0.05808477,0.01450997,0.006778861,0.01064008,0.01772001,0.7181303,0.02682034,0.866443,0.01217894,0.4811026,0.5663967,0.04207037,0.001041962,0.3281617,0.02251148,0.4084568,0.02021505,0.01238172,0.01589559,0.02666615,0.5821935,0.1596117,0.0127426
"CTRL83",0.9435795,0.04258834,0.03084445,0.930629,0.01701235,0.2086868,0.9447508,0.01146921,0.01315669,0.05258849,0.01679122,0.311173,0.1810603,0.9658405,0.8209193,0.01070841,0.9483673,0.06640477,0.6022177,0.05309735,0.01352934,0.01042994,0.01059031,0.02137686,0.6367402,0.02224895,0.8017301,0.01251238,0.4481597,0.5257688,0.04804419,0.0005163047,0.2249988,0.03147417,0.2167292,0.02520106,0.009536194,0.0117531,0.02459168,0.5249675,0.1431819,0.01363939
"PDD7",0.9422219,0.1145234,0.02218419,0.9108829,0.02399757,0.2759838,0.9198957,0.0175946,0.02099199,0.1274413,0.01649377,0.3459119,0.01865285,0.8633669,0.8233483,0.01735819,0.8883741,0.05454039,0.5581425,0.06262231,0.02442783,0.0300372,0.01661678,0.03302383,0.7413939,0.02428833,0.8526599,0.01164911,0.5989157,0.6511965,0.03761821,0.003259762,0.3298529,0.02944839,0.439218,0.03739112,0.02592262,0.01808122,0.02875761,0.5770842,0.1548864,0.01976956
"CTRL71",0.9860619,0.08620262,0.01235419,0.9301458,0.008223559,0.2135115,0.9191097,0.01322034,0.02008983,0.07433229,0.003096288,0.3295767,0.00353443,0.941453,0.8349855,0.004302328,0.9274848,0.02477474,0.7439015,0.06287575,0.02291967,0.006031073,0.008039179,0.0252848,0.6584856,0.02242099,0.8886483,0.0137314,0.5059262,0.5304288,0.03252439,0.001714785,0.3090212,0.01814114,0.3990332,0.02565607,0.001035078,0.01233852,0.02692142,0.5527902,0.132137,0.01260644
"PDD47",0.9109827,0.04474521,0.05295117,0.9043091,0.01414662,0.2510794,0.8729204,0.008819539,0.006328631,0.04183677,0.008459089,0.3566535,0.291108,0.9549604,0.827867,0.01700607,0.9492093,0.03729234,0.4608992,0.05084746,0.007724783,0.007017605,0.004443638,0.006530021,0.701312,0.01258245,0.8220264,0.002302318,0.5244978,0.6196841,0.02939715,0.002085433,0.2758098,0.01812165,0.3516471,0.02258514,0.00508044,0.01529702,0.01496247,0.5648554,0.1083597,0.0005480453
"PD32",0.9543973,0.073849,0.04300614,0.901076,0.01346017,0.1760978,0.8595693,0.01651955,0.02282119,0.08276953,0.008922884,0.2776974,0.01596752,0.906608,0.8259598,0.0122982,0.9070871,0.03124442,0.4789014,0.05391554,0.01339071,0.01354344,0.01219237,0.007725111,0.5947185,0.02524876,0.8234136,0.008440075,0.4673606,0.5475731,0.05854105,0.001454033,0.220935,0.02922121,0.3129755,0.02792121,0.01620228,0.01456022,0.03206144,0.5513027,0.1417098,0.007767421
"CTRL6",0.9747898,0.08056899,0.01391033,0.876393,0.0198771,0.2493447,0.8642803,0.011484,0.01168224,0.1865713,0.01238536,0.3698111,0.0375817,0.9504501,0.7927357,0.0154862,0.8758131,0.02762272,0.4671101,0.0604534,0.01555966,0.01232573,0.0196482,0.01329304,0.6840368,0.02166546,0.8566426,0.01619649,0.4875444,0.5466183,0.04208186,0.001431228,0.1991529,0.03078751,0.4123916,0.02621217,0.005462576,0.01697139,0.03516015,0.613352,0.1511146,0.01588142
"CTRL46",0.9531152,0.08765708,0.06253958,0.9087815,0.01248038,0.2255917,0.9014383,0.01040517,0.01700477,0.09809832,0.01647517,0.2972048,0.08662766,0.9330215,0.8510141,0.01406224,0.9173329,0.06421161,0.6055986,0.07464103,0.01397127,0.02134232,0.006599514,0.01369014,0.6874501,0.01388343,0.8913366,0.01453958,0.5221545,0.5768513,0.03113243,0.003439783,0.2249852,0.02946736,0.305575,0.04038772,0.01056751,0.01203166,0.03096115,0.534462,0.166795,0.008151492
"PD17",0.9589047,0.07699857,0.0274157,0.9207281,0.01448965,0.2248712,0.9495421,0.005088023,0.0132626,0.09845477,0.00893888,0.3876408,0.01062724,0.9219939,0.820337,0.01213468,0.9476911,0.03820144,0.513453,0.06507353,0.02037449,0.01332266,0.003201317,0.01611788,0.6304285,0.02350451,0.8914998,0.0068717,0.5100904,0.5342768,0.03524416,0.002284586,0.2183563,0.03094146,0.4151092,0.0208931,0.001802885,0.008128099,0.02630493,0.5524744,0.1363725,0.007776377
"PDD10",0.9635456,0.09890578,0.03195942,0.9166342,0.01426094,0.2740519,0.913504,0.01448032,0.01943862,0.1815491,0.0186197,0.3776023,0.1314939,0.8917107,0.8465278,0.01160114,0.9196432,0.07036299,0.5405318,0.06300776,0.02363377,0.01330608,0.01101036,0.04110824,0.6517102,0.0239654,0.8336791,0.0156841,0.51087,0.5812632,0.04938149,0.002003697,0.2361652,0.03171907,0.3537091,0.03636145,0.01200589,0.01847891,0.02895309,0.5657088,0.1590179,0.02046089
"DLB12",0.9721874,0.07595215,0.03517981,0.9179188,0.01011323,0.1852245,0.8771763,0.01439086,0.01189039,0.07350865,0.004889284,0.3039559,0.01422181,0.9238182,0.785619,0.01889816,0.9222958,0.04816378,0.5840007,0.07188786,0.0106914,0.00907619,0.01014614,0.01272688,0.6719096,0.02652813,0.8281713,0.00721537,0.5744297,0.5749222,0.04846115,0.002817484,0.2879377,0.02763376,0.296753,0.02998971,0.007872048,0.009090115,0.02859095,0.5016413,0.1912864,0.01420045
"CTRL44",0.9718757,0.09140254,0.03615429,0.9187347,0.01075496,0.1929297,0.885835,0.007217059,0.01487771,0.08085178,0.01092441,0.407979,0.2101512,0.9523774,0.8579937,0.008455979,0.9064456,0.04085248,0.8126275,0.05102516,0.01827435,0.01297367,0.009063165,0.01597093,0.67841,0.02345369,0.854659,0.008358466,0.5724993,0.5973481,0.03553038,0.0008131676,0.2730582,0.01630933,0.396879,0.03690605,0.002811245,0.0128595,0.02570556,0.5945252,0.1782081,0.004541864
"CTRL86",0.9623893,0.05737076,0.04774518,0.9315737,0.009165979,0.1852265,0.9273704,0.005455431,0.003732825,0.08987862,0.007597617,0.3323653,0.001477261,0.9505744,0.824298,0.004879224,0.8915253,0.05120676,0.6125941,0.04475025,0.009410692,0.003707394,0.004206193,0.01429425,0.6902586,0.01858328,0.8515503,0.002493551,0.4976941,0.5469957,0.03565162,0.0004994539,0.2706198,0.01824981,0.3544902,0.02344646,0.008945288,0.01123956,0.02849431,0.5293749,0.1729084,0.008833568
"DLB27",0.9448641,0.09711863,0.02478216,0.8977711,0.01444824,0.1876824,0.8979454,0.00926028,0.01067708,0.08577721,0.008557322,0.355061,0.0106452,0.9309914,0.8206273,0.02134904,0.840851,0.03551283,0.5877522,0.07526596,0.02856731,0.01098683,0.01012209,0.01373743,0.5795434,0.02424679,0.868984,0.01086256,0.40705,0.5197423,0.06201172,0.005001134,0.2414699,0.02585694,0.3283326,0.03888507,0.007278481,0.008377167,0.02612563,0.5524413,0.1802836,0.007150039
"PD18",0.9437791,0.1110945,0.04433883,0.8712802,0.02197023,0.2309569,0.945853,0.008688204,0.01895735,0.1356416,0.008775145,0.3115687,0.2075472,0.9360818,0.7936187,0.009699375,0.9236735,0.04505093,0.4907672,0.04965472,0.01503423,0.01012586,0.005326777,0.01886354,0.6730905,0.01492353,0.8125183,0.009359932,0.6038585,0.5795348,0.02621003,0.002187588,0.359398,0.02794588,0.3875043,0.02740416,0.002930208,0.009423187,0.02731345,0.5899062,0.1427908,0.007624769
"CTRL20",0.9536406,0.09716249,0.0192584,0.8902824,0.01726058,0.2163921,0.8923199,0.007389163,0.01357798,0.1004277,0.005152148,0.3252968,0.003458712,0.9317987,0.8017507,0.01072279,0.9355507,0.05739924,0.6191061,0.06672288,0.02028554,0.01088892,0.006271478,0.01610585,0.5802943,0.0276437,0.8565804,0.008915426,0.4843976,0.5693952,0.04842498,0.0009769934,0.3016369,0.03007851,0.426256,0.03230578,0.008338125,0.0009312563,0.03599065,0.5759599,0.166321,0.006280149
"PDD50",0.9656238,0.07793355,0.02799402,0.8724337,0.02060044,0.237347,0.8228613,0.01103521,0.01202207,0.1237974,0.009569228,0.2355105,0.1882481,0.9237882,0.8259861,0.009518332,0.921161,0.04186902,0.4369746,0.04708155,0.01478469,0.008538991,0.008036107,0.004683439,0.5816782,0.02780365,0.8320122,0.0005360781,0.4595326,0.4444377,0.04861548,0.001039065,0.1936304,0.01465433,0.4383588,0.03602029,0.008768434,0.01313773,0.03170707,0.5762642,0.1655698,0.01001448
"DLB21",0.967686,0.08465916,0.0377729,0.8974148,0.009787825,0.1638389,0.8659592,0.009681881,0.001136364,0.06308557,0.005722179,0.2760464,0.004456825,0.9743875,0.8392807,0.0112538,0.9109437,0.02843711,0.5220739,0.04984146,0.00882394,0.007668576,0.004958842,0.008829066,0.6157725,0.01119023,0.7543158,0.005623156,0.4775913,0.4955392,0.04401727,0.001474582,0.167221,0.02117255,0.2855501,0.007288445,0.01271915,0.01371881,0.02358992,0.5319088,0.1132038,0.006560152
"CTRL53",0.9629935,0.1087763,0.03994877,0.9181148,0.01480427,0.230369,0.8693872,0.01426383,0.01791737,0.1017655,0.005732445,0.3737132,0.01551615,0.9566876,0.842411,0.005719776,0.9240067,0.03769413,0.4932259,0.04271415,0.009130785,0.007498008,0.008737224,0.01060324,0.6571355,0.01791393,0.918709,0.007558638,0.4989077,0.5560098,0.04535303,0.001924843,0.285719,0.01969646,0.3890432,0.02482548,0.004605544,0.006499133,0.0217946,0.5392226,0.1822232,0.004677548
"CTRL65",0.9695741,0.06721086,0.02211875,0.9065537,0.02578531,0.1866587,0.8812524,0.01321444,0.01167871,0.07459503,0.0133745,0.3088721,0.008026836,0.9118255,0.8701945,0.007024411,0.9185161,0.04343997,0.6500818,0.06221349,0.008541433,0.01161842,0.01031954,0.008734066,0.627977,0.02744389,0.8237426,0.01509754,0.6004666,0.5291216,0.04492694,0.0005053531,0.2069716,0.02569142,0.3046766,0.02264408,0.008175834,0.01781003,0.02406917,0.5529973,0.1400741,0.001515726
"PD38",0.9510938,0.1047538,0.03214232,0.9244465,0.01351479,0.274787,0.8839854,0.01527676,0.01263941,0.127357,0.0102184,0.3661704,0.006271861,0.9332815,0.7876772,0.01127155,0.9069925,0.07952571,0.7047491,0.06862092,0.01680579,0.01913399,0.01643559,0.02211106,0.6880205,0.01533574,0.8235769,0.01112442,0.5296477,0.5470588,0.04713475,0.002230202,0.316152,0.02480018,0.4293225,0.03651929,0.01570215,0.007217115,0.0326013,0.5111459,0.1391387,0.01062171
"CTRL18",0.9425361,0.09090584,0.03567593,0.8807328,0.0191804,0.2609288,0.8571228,0.004571563,0.007393365,0.1980843,0.007649765,0.3675229,0.0113738,0.9416308,0.8010252,0.009473401,0.965921,0.02879816,0.4099971,0.05606463,0.009464951,0.005684415,0.008721506,0.01111044,0.6145259,0.01718715,0.8421133,0.005725766,0.4730181,0.5779081,0.03426636,0.0005520523,0.3382078,0.02330926,0.4776548,0.01998271,0.006158219,0.005459337,0.02765108,0.6487344,0.1732713,0.003471092
"PDD36",0.9501049,0.1243773,0.03824154,0.9082917,0.01940748,0.1846553,0.8993083,0.01368673,0.01676617,0.101064,0.006405267,0.3905559,0.007468168,0.9538273,0.7849649,0.0228108,0.8562906,0.0380323,0.6189668,0.05311573,0.0167471,0.01152143,0.01183921,0.01249879,0.6901168,0.01991885,0.8854,0.01402839,0.5020008,0.703194,0.04556435,0.002295195,0.324599,0.02249291,0.3207776,0.03869135,0.01143542,0.0106569,0.02563564,0.5476102,0.1636803,0.009089151
"PDD64",0.9566129,0.0828664,0.02894269,0.9290533,0.01229768,0.2135297,0.9192331,0.01181952,0.01463229,0.0786603,0.01444244,0.3094345,0.01154375,0.9629572,0.8757356,0.01181328,0.9364346,0.04104217,0.6096177,0.07427436,0.005232415,0.004652439,0.01620509,0.02688361,0.656561,0.0201824,0.8716614,0.006982703,0.5463405,0.5443127,0.03185709,0.0008516396,0.2193394,0.02852664,0.3876798,0.02621894,0.01179651,0.006342763,0.03193607,0.5841039,0.1828747,0.01070611
"PD42",0.944647,0.178742,0.02033771,0.9070241,0.01354096,0.3309764,0.8674179,0.01287604,0.01710548,0.1082465,0.006427423,0.2346157,0.01108238,0.9087028,0.8699095,0.04089471,0.8850306,0.04435901,0.3318948,0.06019262,0.01686827,0.01239716,0.008601739,0.01541326,0.6299576,0.01300404,0.7404984,0.009234948,0.4993424,0.603567,0.0314125,0.0004481217,0.3030006,0.02627334,0.5807661,0.02792676,0.01145879,0.006652924,0.03639948,0.5471416,0.2058344,0.00930573
"PDD33",0.9650382,0.1036631,0.02513702,0.9212788,0.02297317,0.1694532,0.8247353,0.01171914,0.01243627,0.1252901,0.01833865,0.2727483,0.01240458,0.9243826,0.867722,0.03452508,0.9054543,0.02365652,0.4845866,0.03849249,0.02738949,0.01600182,0.009494716,0.01495431,0.5729807,0.0218494,0.8911523,0.01077458,0.4532744,0.5398891,0.04462243,0.000536213,0.1980027,0.02603672,0.4742098,0.02194861,0.01018711,0.01900739,0.0340885,0.5268285,0.1392794,0.01092842
"PDD65",0.9587456,0.1317878,0.03024354,0.9093786,0.006765018,0.1752191,0.8635186,0.006778268,0.01295696,0.1211031,0.007093149,0.3903844,0.01669675,0.959531,0.8768464,0.01203081,0.8801161,0.0467969,0.5993438,0.06028636,0.01265314,0.01510624,0.003112494,0.003909771,0.6366205,0.01604171,0.8510939,0.006631734,0.5366129,0.5113213,0.03620119,0.001427556,0.3548683,0.02127944,0.4408102,0.01594383,0.009615385,0.01219512,0.03025292,0.5348628,0.1313236,0.00780809
"PD62",0.9480564,0.08021464,0.03802562,0.9156717,0.007025213,0.29338,0.8988762,0.004364646,0.01466656,0.08270213,0.01486965,0.2834588,0.009926353,0.9585654,0.8302245,0.009832139,0.9037843,0.02712313,0.6424953,0.05232484,0.01405119,0.01773809,0.01351829,0.01369397,0.6065797,0.01203523,0.8271545,0.01375165,0.5220257,0.5439594,0.03662658,0.0008869219,0.2638796,0.02343648,0.3713464,0.02442831,0.01315073,0.009845825,0.02570148,0.5482887,0.1735033,0.01406534
"PDD77",0.9588815,0.06139483,0.02710375,0.9382735,0.005829985,0.1926478,0.9156027,0.02277179,0.009522043,0.070468,0.01285436,0.3758506,0.01494754,0.9346753,0.9110832,0.01925698,0.835892,0.06313552,0.7033424,0.05170207,0.01025303,0.01031169,0.0127223,0.0159546,0.7484504,0.02638601,0.8630249,0.005373423,0.592238,0.5819398,0.04772767,0.003631302,0.2983931,0.02767879,0.4587053,0.04322756,0.01030163,0.01525986,0.02729556,0.5528483,0.1568564,0.01410788
"PDD2",0.9506767,0.1095428,0.03246741,0.9328626,0.02799736,0.275547,0.9104764,0.0193158,0.02050963,0.1981669,0.01617723,0.2838087,0.0222387,0.9071224,0.8198528,0.02010162,0.8959822,0.04143261,0.4188274,0.06602187,0.024036,0.03448128,0.01320755,0.01243887,0.6783997,0.02757331,0.8581447,0.02065945,0.5417841,0.5953468,0.04131192,0.002455183,0.3542917,0.03487813,0.4405699,0.04352718,0.01793283,0.01460722,0.04407979,0.5563282,0.1433037,0.01655595
"PD25",0.9676182,0.07701504,0.02102108,0.9093015,0.01254413,0.2944638,0.8740836,0.005009201,0.009142395,0.1131946,0.005885656,0.3128725,0.3804665,0.9359349,0.862458,0.007664406,0.9434119,0.04606558,0.5535629,0.04939305,0.01076502,0.01003936,0.006136496,0.01293345,0.655774,0.02050406,0.8808061,0.001665973,0.4979295,0.5581557,0.03828658,0.000290164,0.2903777,0.02476126,0.4817015,0.004342883,0.009833985,0.01436074,0.02600154,0.6281845,0.1858476,0.002618328
"DLB14",0.9838754,0.1069323,0.02331285,0.9160589,0.01051314,0.1912685,0.8816834,0.01476101,0.009756098,0.1201497,0.01303843,0.37566,0.004459167,0.9379638,0.8496769,0.01205388,0.9292662,0.05189829,0.5354171,0.05661914,0.01521751,0.01247051,0.000948047,0.02316674,0.6281475,0.02081269,0.8042287,0.01043627,0.5050616,0.5714867,0.03405625,0.0005053578,0.2958621,0.03767519,0.4431792,0.0293795,0.01633739,0.0121409,0.03807839,0.5490968,0.1873786,0.006256742
