"","cg16932304","cg24256991","cg12853539","cg11280964","cg25535995","cg14144850","cg23616741","cg14625770","cg14856606","cg00773696","cg01800148","cg11971077","cg27150954","cg05375160","cg13773306","cg24315042","cg12986825","cg00961932","cg09214323","cg09508356","cg06883149"
"PDD38",0.8976297,0.07842339,0.7794217,0.02554169,0.0125556,0.9116448,0.3880889,0.8478866,0.9234786,0.02747617,0.5670238,0.01648196,0.6189833,0.9811343,0.7673806,0.9258175,0.01575512,0.2935852,0.7606538,0.6805641,0.01329484
"CTRL61",0.9177207,0.1183174,0.699743,0.02158749,0.01761887,0.8620368,0.3127106,0.8336607,0.8669251,0.01750046,0.5368342,0.004583283,0.5720525,0.9658797,0.6843371,0.8379731,0.03222044,0.3892058,0.7928147,0.639887,0.003966057
"PDD23",0.9417142,0.1070168,0.7797031,0.01558266,0.0158559,0.8933736,0.3410663,0.8190901,0.8527451,0.01150044,0.4975803,0.005173078,0.6176857,0.9869347,0.7049978,0.8612664,0.01104447,0.323973,0.7705194,0.6673397,0.008399307
"PDD21",0.896256,0.1114968,0.8269835,0.01773692,0.01178091,0.8685298,0.2888587,0.8268146,0.8136284,0.0111026,0.5975972,0.007322043,0.5909187,0.9759908,0.5893895,0.9183756,0.0183727,0.1820975,0.6509991,0.54434,0.029827
"PD29",0.9190163,0.07341755,0.790015,0.0402745,0.02596453,0.8998327,0.3463752,0.8175443,0.8060527,0.02052113,0.5701574,0.009381147,0.5101151,0.9535657,0.6024619,0.873522,0.02862967,0.2976691,0.8051481,0.6902969,0.01960525
"PD5",0.9138094,0.1502919,0.7774476,0.03427741,0.01877812,0.8622962,0.3441953,0.8887619,0.8262409,0.02936858,0.5073252,0.01679862,0.6534387,0.9376632,0.567208,0.8994746,0.03211179,0.2137774,0.7437851,0.6207534,0.04304185
"CTRL88",0.9396953,0.0882991,0.7465637,0.04283204,0.01983417,0.8890805,0.2872727,0.801008,0.8991182,0.01286616,0.5572298,0.01057983,0.5794005,0.9739327,0.7929987,0.8862689,0.02233975,0.3021386,0.7992465,0.7012232,0.01035733
"PD41",0.9203523,0.1035611,0.8368208,0.02448314,0.02151102,0.9424939,0.4222744,0.8901267,0.9367706,0.03241438,0.5065132,0.008165675,0.5708307,0.9851194,0.7589353,0.8879565,0.02083821,0.3610247,0.8086117,0.6702857,0.02709806
"PDD39",0.8917913,0.02770915,0.822468,0.04595901,0.01135131,0.9542545,0.2807557,0.779511,0.8787814,0.01888736,0.4534783,0.01693714,0.5309678,0.9584175,0.597791,0.86948,0.01836455,0.2431937,0.6784693,0.5863799,0.03113544
"PD11",0.9243433,0.06887872,0.8429774,0.02928898,0.01199299,0.9145433,0.3398523,0.8795431,0.877261,0.02411658,0.6001436,0.005329008,0.6709013,0.9620576,0.7222648,0.8762271,0.01548619,0.365568,0.7649147,0.7071867,0.01032518
"PDD26",0.9109028,0.06687066,0.8729319,0.01189753,0.01530485,0.9224447,0.2712855,0.8553326,0.8332241,0.01444956,0.6245511,0.003729859,0.6147396,0.9680718,0.6834834,0.8929789,0.01372536,0.3686153,0.7161959,0.5170028,0.01623102
"PDD25",0.9005245,0.1681077,0.8940007,0.06129936,0.01741915,0.9582058,0.3622402,0.8959401,0.8488413,0.0186355,0.6761345,0.008273123,0.5031251,0.9630319,0.7677279,0.8751502,0.01584595,0.4269846,0.8933402,0.6921197,0.01778474
"PD1",0.8845882,0.1153469,0.8183182,0.04091729,0.01792432,0.8714371,0.2820902,0.858508,0.8344777,0.01633105,0.5330589,0.002928944,0.6279706,0.9722967,0.6915432,0.8871533,0.02322778,0.314731,0.7755388,0.6496285,0.01450604
"CTRL24",0.9367972,0.05071563,0.7007301,0.0310152,0.02716659,0.9011629,0.3402137,0.8550791,0.8365573,0.03652886,0.5514186,0.006745471,0.600336,0.983865,0.6793825,0.8392706,0.02074281,0.334497,0.7263019,0.6305738,0.01576363
"PD55",0.8536312,0.08577826,0.8224297,0.03115996,0.01250984,0.9471329,0.2965672,0.8524387,0.8664915,0.007569862,0.5688538,0.00551604,0.6090905,0.9771444,0.6395718,0.8679808,0.02727358,0.2202563,0.8008657,0.6377826,0.01953981
"CTRL15",0.9138826,0.06940368,0.6634986,0.02040207,0.0188027,0.9626766,0.3051878,0.8250504,0.7884628,0.02336214,0.4928615,0.005969953,0.5545824,0.9791753,0.7201382,0.8195869,0.016344,0.3002362,0.7464675,0.6478076,0.01391169
"CTRL63",0.9347812,0.0712018,0.7396873,0.006950083,0.01473835,0.8203045,0.3497117,0.883149,0.8855603,0.02408934,0.4901529,0.006971893,0.5308902,0.9805778,0.6400568,0.8244702,0.030382,0.4337997,0.8729699,0.6350258,0.005483564
"PDD60",0.9139901,0.06294675,0.8255682,0.05231087,0.006918239,0.9336184,0.3220047,0.8393514,0.8644179,0.02202742,0.6374192,0.002878966,0.567112,0.9728729,0.7358749,0.8512635,0.02044374,0.4384902,0.8122824,0.6584945,0.02273969
"PDD51",0.9220673,0.07852293,0.8223048,0.04135179,0.02402376,0.9540503,0.2392922,0.8383896,0.896792,0.02842247,0.5236987,0.009646302,0.4895014,0.9700332,0.6875736,0.8278721,0.01857956,0.2184075,0.7447644,0.6496684,0.02706692
"PDD43",0.9179208,0.1127355,0.908113,0.03395403,0.02086124,0.9541568,0.3106838,0.817344,0.8736011,0.02111602,0.4641187,0.00901404,0.6098699,0.9766282,0.588807,0.9102344,0.01727201,0.2918162,0.7265365,0.6510134,0.02215903
"PD14",0.9227926,0.1147952,0.7079936,0.01511778,0.01438849,0.8297331,0.3836382,0.8519874,0.8254671,0.02349806,0.5091685,0.006916569,0.5996456,0.980912,0.5908676,0.8700156,0.02275287,0.4911379,0.799025,0.6349763,0.02208641
"PDD5",0.8603687,0.08429431,0.8328055,0.04101662,0.01770861,0.8739275,0.3258541,0.7143584,0.8197402,0.01909828,0.6560625,0.01102296,0.5139613,0.9670418,0.6269414,0.9187655,0.02314461,0.2215276,0.7633547,0.6364119,0.02623767
"PD37",0.9151817,0.07839428,0.7745733,0.02325784,0.01349847,0.9636415,0.497446,0.8685586,0.8422494,0.01833223,0.6184295,0.0128388,0.5855596,0.9711093,0.581637,0.8897437,0.02263314,0.2560677,0.7863676,0.6881531,0.01939521
"CTRL80",0.8892363,0.08909157,0.7897178,0.01400426,0.01449502,0.7913867,0.273611,0.7743243,0.7937445,0.01923719,0.5673295,0.002510622,0.5833175,0.9764859,0.5751812,0.8910087,0.03687132,0.3275265,0.7522604,0.5763569,0.01942725
"PDD74",0.9072824,0.1017712,0.6589277,0.05384801,0.01207938,0.9883795,0.2934416,0.8258443,0.8232384,0.01632747,0.416689,0.007488219,0.6076593,0.9737905,0.6894342,0.9230664,0.02077057,0.2575018,0.7395672,0.6543333,0.01199377
"CTRL62",0.9331243,0.07981238,0.6107367,0.02090639,0.01245374,0.9161328,0.2962242,0.8266182,0.8531067,0.01891382,0.6349025,0.01093823,0.6000022,0.9872734,0.8124961,0.8876383,0.02465433,0.3471791,0.7706576,0.6128837,0.01068258
"PD3",0.8977682,0.1111566,0.6892894,0.04822678,0.03894997,0.8742734,0.3341305,0.8061237,0.7934355,0.02919378,0.6101703,0.02059462,0.5806552,0.9501168,0.5092996,0.8975919,0.03760748,0.4041957,0.7712249,0.6758668,0.02675612
"CTRL39",0.9526894,0.08307074,0.6746586,0.05969175,0.01528828,0.8925833,0.3869963,0.8065663,0.8118299,0.0188296,0.6351389,0.005147606,0.5947562,0.9707729,0.5920729,0.8870749,0.02911196,0.4290163,0.7745543,0.7401774,0.007794046
"CTRL97",0.9526339,0.07370224,0.7623454,0.02358606,0.007620408,0.8823314,0.4367378,0.816733,0.8423387,0.02573987,0.588386,0.008295153,0.6112918,0.9796596,0.7765357,0.8560188,0.01277208,0.4024507,0.787612,0.633157,0.01198738
"PD47",0.920563,0.0742756,0.6596089,0.03191706,0.02667325,0.869429,0.276681,0.7976533,0.8098757,0.02769409,0.4872122,0.0127823,0.526213,0.9791287,0.7289021,0.8197428,0.01686077,0.2079542,0.7560479,0.6734659,0.02132452
"DLB17",0.9415561,0.1041014,0.667144,0.01928534,0.01822031,0.8436382,0.3970869,0.7798694,0.9061748,0.01955689,0.4041773,0.01114779,0.6017531,0.9835189,0.5189788,0.8791618,0.02673267,0.3923059,0.6741473,0.5797059,0.03564737
"DLB2",0.9153134,0.1538306,0.8292332,0.0444934,0.02393998,0.8522631,0.2831295,0.8710427,0.8673931,0.02226542,0.6707126,0.01570718,0.5435451,0.9680398,0.5087614,0.8999371,0.03321921,0.3737961,0.8301704,0.6791858,0.03621015
"CTRL35",0.9445581,0.07732088,0.8399843,0.04156842,0.01182446,0.9010744,0.3658439,0.8867783,0.8461338,0.02940483,0.5711836,0.001032525,0.6029387,0.9765716,0.5988865,0.8492824,0.02327327,0.358968,0.8007506,0.6061853,0.02099647
"PD8",0.9340912,0.08045108,0.7766787,0.03266611,0.01625729,0.9434566,0.35279,0.8563464,0.8637676,0.01658528,0.4878375,0.0164271,0.6175637,0.9760686,0.6468058,0.9210241,0.02223427,0.2451113,0.6859295,0.5296139,0.03346746
"CTRL51",0.9408556,0.032354,0.7065126,0.0103349,0.01554362,0.8623499,0.3211159,0.834657,0.8232207,0.011212,0.6049086,0.006861705,0.5284357,0.9750249,0.7981659,0.8594836,0.02860277,0.3706157,0.8059421,0.7029748,0.006553521
"CTRL77",0.9472991,0.06785434,0.7165383,0.01796517,0.02098,0.9020819,0.3751104,0.8200622,0.8326819,0.01311724,0.4394471,0.003045977,0.5578713,0.9759218,0.6672438,0.9115668,0.02035603,0.2075716,0.7369102,0.6383876,0.01279749
"CTRL68",0.9083727,0.08942095,0.674554,0.02975066,0.01968355,0.9001085,0.2662445,0.8326189,0.835352,0.0225181,0.4839098,0.005872388,0.5606316,0.9587864,0.6293555,0.7956274,0.02671875,0.415334,0.7597049,0.6211697,0.009655376
"PDD24",0.9201489,0.1118072,0.7326681,0.01652004,0.01774638,0.8707214,0.3299672,0.8240252,0.815341,0.01817285,0.3421014,0.005511657,0.6359011,0.9829202,0.6382144,0.9360722,0.02732272,0.3155048,0.8554981,0.6540208,0.005105034
"CTRL19",0.9020339,0.1191378,0.7670405,0.04412292,0.01835802,0.9374133,0.3288259,0.8220781,0.8118285,0.02608025,0.5373831,0.007750145,0.6364665,0.9684503,0.7222331,0.8602884,0.02666328,0.3367368,0.7306041,0.659795,0.01293957
"PDD13",0.9327558,0.05044379,0.8978626,0.04882077,0.01477393,0.918749,0.3085692,0.8811622,0.8097599,0.01278445,0.659111,0.005567717,0.5301825,0.9757183,0.9374885,0.8358732,0.01613006,0.3951747,0.9179138,0.663006,0.01598072
"CTRL43",0.9199692,0.1112515,0.5674953,0.01273293,0.02176918,0.8587016,0.3967249,0.750097,0.7740412,0.02465904,0.5022191,0.007448576,0.5426589,0.9746737,0.7837563,0.8737523,0.02605558,0.3731908,0.78443,0.7190244,0.0192181
"DLB11",0.9636016,0.09229236,0.7260134,0.03412732,0.02077432,0.9153857,0.4106237,0.8485633,0.8404236,0.01687879,0.5056736,0.001773589,0.5882835,0.9767118,0.6853442,0.8847325,0.01157191,0.3082759,0.7707799,0.6871689,0.01318521
"PDD58",0.9112596,0.1049339,0.7602211,0.03797686,0.01372971,0.886755,0.3527423,0.8148177,0.910037,0.04625268,0.4903083,0.006113658,0.6249304,0.9687898,0.5807522,0.8684148,0.0125741,0.3326472,0.8428824,0.6518201,0.01016698
"CTRL42",0.9297017,0.1107151,0.6722903,0.03140811,0.01455049,0.9293421,0.3320733,0.8200097,0.8592417,0.04978279,0.5266978,0.004337687,0.6393906,0.9675044,0.8185677,0.8857143,0.02317123,0.3833493,0.8076469,0.6459639,0.006920201
"PDD53",0.9304599,0.05872219,0.7714197,0.03605336,0.02059071,0.9290131,0.3130334,0.8746163,0.8433834,0.02279874,0.5807051,0.008416444,0.602588,0.9778716,0.6318402,0.8886949,0.02065668,0.2381538,0.8148377,0.6918422,0.01669587
"PD40",0.9235957,0.09178267,0.7805072,0.01952468,0.02252524,0.9115966,0.347113,0.812141,0.8193516,0.02398581,0.5595312,6.399181e-05,0.5730293,0.9811643,0.6352447,0.8889564,0.01253687,0.3397539,0.8397352,0.7264741,0.01406281
"PDD44",0.9338897,0.05670364,0.8067121,0.05118274,0.0212766,0.9158015,0.2946981,0.8362447,0.8863343,0.02027209,0.4217752,0.006387131,0.5752351,0.9657353,0.6475112,0.8905239,0.01736802,0.33271,0.7052945,0.594948,0.0167862
"PD6",0.9133924,0.1497513,0.6849556,0.02164263,0.02269731,0.8190403,0.3153001,0.9315347,0.840197,0.03036475,0.544034,0.01239083,0.562638,0.9523569,0.5596213,0.9125082,0.0197847,0.3586409,0.8063124,0.6567585,0.01770826
"CTRL1",0.9154187,0.1091765,0.8312013,0.02568664,0.02292626,0.8914018,0.2736727,0.8577812,0.8394847,0.01028278,0.5244052,0.008699466,0.5969397,0.9642175,0.5798606,0.8970006,0.02207358,0.3036641,0.7715195,0.7232405,0.01657668
"PD35",0.8829114,0.01645085,0.8160684,0.04293482,0.009959258,0.9254248,0.3506366,0.861395,0.9046451,0.02221651,0.467033,0.009232036,0.5844227,0.976115,0.6708281,0.8920157,0.01666036,0.3960872,0.7954864,0.63607,0.01319337
"PDD41",0.86874,0.07767661,0.7901105,0.05608448,0.01797468,0.9329817,0.2988052,0.808093,0.8324606,0.02004594,0.3858169,0.004165753,0.5668662,0.9880518,0.6774418,0.9260087,0.02868698,0.2130112,0.7255235,0.6229436,0.01550697
"PDD70",0.9176729,0.1167884,0.7586725,0.03982462,0.01275348,0.8969002,0.3780322,0.743044,0.855984,0.01748701,0.5230407,0.00625323,0.6055318,0.9719055,0.6111832,0.9078282,0.01836373,0.2328084,0.8187921,0.6533858,0.01315459
"PD59",0.9179618,0.04956968,0.6661763,0.03135074,0.008012569,0.9359172,0.288858,0.8006655,0.8846567,0.01692647,0.600879,0.006417411,0.5536327,0.9741951,0.6300323,0.9332792,0.02694634,0.2948222,0.6749372,0.6520023,0.01017264
"PDD28",0.9352688,0.08814528,0.7509706,0.04740567,0.02055066,0.8686631,0.2820868,0.9153035,0.8242097,0.01636727,0.4444482,0.007327081,0.5037479,0.9696384,0.6452381,0.8531716,0.0321309,0.3265198,0.8520275,0.7119565,0.02505944
"CTRL78",0.9050201,0.122996,0.7139084,0.03648231,0.0320419,0.8193247,0.2506133,0.8309028,0.830403,0.02024183,0.6134203,0.01227259,0.6017739,0.9646723,0.5807433,0.9189294,0.02934107,0.3260633,0.8331603,0.5982516,0.02516981
"CTRL64",0.9080069,0.08474521,0.6256542,0.02332971,0.0210535,0.8870252,0.2493847,0.7382129,0.7809676,0.01678689,0.3688921,0.009101985,0.5057469,0.9790398,0.6478613,0.9140181,0.01843028,0.4070431,0.740285,0.6758158,0.005681821
"PD48",0.9286075,0.0825259,0.7688169,0.04820716,0.01669956,0.945785,0.3510832,0.7627418,0.8138943,0.02445521,0.5058733,0.007022291,0.5643899,0.9840431,0.7316617,0.8402282,0.02161597,0.3174723,0.7292805,0.6281711,0.006465719
"PD21",0.8809037,0.1796838,0.7917431,0.02925005,0.01399985,0.9261792,0.3786254,0.8634066,0.838913,0.02017768,0.5955871,0.01055897,0.5767851,0.9618612,0.7001695,0.9087122,0.01916648,0.4172283,0.8146868,0.6003351,0.006098936
"CTRL95",0.9301462,0.06612944,0.6810035,0.02851616,0.02031915,0.8981391,0.3920522,0.8839833,0.8608768,0.03064158,0.5465846,0.001822497,0.6176053,0.9741982,0.6117094,0.8336659,0.01646422,0.3745369,0.7744212,0.7433394,0.006924362
"CTRL57",0.9437362,0.1293981,0.7174824,0.03324429,0.01349757,0.8412602,0.3539872,0.7356473,0.7740395,0.01560345,0.5738077,0.001656511,0.5983506,0.9795887,0.7188828,0.8749947,0.02026205,0.3454691,0.7906547,0.6169365,0.01558662
"PDD30",0.9171609,0.1455402,0.7806681,0.02579514,0.02336896,0.8900729,0.3315417,0.7726621,0.8944966,0.02840193,0.4698917,0.007184887,0.6460972,0.9745971,0.5359612,0.9041859,0.02955378,0.30388,0.814467,0.609675,0.00467957
"PDD22",0.9033872,0.07203501,0.9354555,0.0356585,0.01680389,0.9404413,0.2653302,0.7904802,0.8561635,0.01601511,0.5436112,0.00213774,0.5680776,0.9847263,0.7482605,0.9309032,0.03494802,0.3210112,0.7493949,0.6444282,0.02070075
"DLB15",0.8893416,0.1045617,0.781908,0.04023085,0.01956609,0.909824,0.2548001,0.7962233,0.8392709,0.02224997,0.6297317,0.01473245,0.5378625,0.977708,0.7139257,0.8230777,0.01975477,0.2945389,0.8239592,0.6803288,0.02421939
"PD50",0.9273675,0.0666516,0.7225922,0.04713328,0.01904838,0.9135725,0.3268414,0.8067413,0.8420549,0.02556391,0.5502423,0.0112017,0.6060048,0.9712169,0.6723039,0.8848525,0.01956069,0.3991825,0.7313442,0.6710313,0.01196402
"CTRL29",0.9093731,0.08776711,0.8339043,0.02616127,0.02586207,0.8907787,0.2315931,0.7539245,0.8274007,0.0225468,0.4963607,0.003469211,0.5761861,0.9623434,0.6803536,0.8907591,0.01986295,0.2814068,0.6278355,0.6170295,0.02055691
"PDD54",0.8974413,0.1191182,0.8085955,0.02647338,0.01579741,0.9177366,0.3711477,0.8275496,0.9084638,0.01188248,0.5033527,0.01078272,0.5906674,0.9781578,0.6812334,0.8767727,0.03811426,0.2534576,0.7634853,0.5463918,0.02409514
"PDD27",0.9088547,0.1395918,0.7214078,0.0370259,0.01431114,0.8603029,0.4039601,0.836353,0.8558739,0.01866226,0.5641216,0.005070423,0.6114737,0.9735821,0.6446204,0.8964579,0.02000484,0.3048455,0.788791,0.6146905,0.02949867
"DLB24",0.9263746,0.05245459,0.8247964,0.04431797,0.02129775,0.9284547,0.3074463,0.8975886,0.830774,0.02260618,0.510841,0.006805158,0.6369647,0.9852599,0.681683,0.8603446,0.01700778,0.2187742,0.6691646,0.5743989,0.01157838
"PD23",0.9256865,0.1045375,0.873285,0.03129844,0.01762854,0.8732622,0.2878543,0.7549607,0.8861312,0.02357285,0.5573825,0.005375723,0.6042626,0.9646849,0.6551893,0.9128441,0.01714748,0.3428904,0.8294961,0.6157536,0.01183402
"PD30",0.9528194,0.07196297,0.7531972,0.02786982,0.01480818,0.8934453,0.372202,0.8524765,0.8451636,0.01670146,0.5606526,0.001413169,0.6342149,0.9825815,0.5979712,0.8824361,0.0149913,0.4329288,0.7941362,0.7004845,0.0134076
"PDD15",0.9183253,0.1343509,0.6662844,0.01877084,0.01925584,0.8369221,0.3179866,0.8157662,0.814104,0.0280793,0.495271,0.008411677,0.5963332,0.9652404,0.5753026,0.9384362,0.02148024,0.1741091,0.7466323,0.6383704,0.02372416
"CTRL50",0.9052637,0.1317054,0.7705872,0.02820279,0.01720556,0.8795051,0.2977091,0.8495864,0.8754223,0.00843387,0.4453553,0.006972379,0.5693673,0.9777246,0.8120898,0.8261466,0.01283345,0.4013145,0.7463892,0.5622434,0.008890916
"CTRL93",0.9215384,0.1257231,0.7337605,0.03154629,0.01412161,0.8641497,0.2686147,0.7959073,0.7499208,0.01276946,0.6108164,0.003456619,0.5255265,0.977715,0.7654242,0.8272815,0.01876997,0.3138879,0.7821625,0.5874573,0.009043547
"PDD35",0.9607296,0.09366433,0.7233983,0.05216839,0.02529793,0.92594,0.386959,0.8898194,0.8490244,0.02114354,0.5199821,0.009278711,0.53036,0.9699541,0.7151876,0.8624159,0.02046911,0.2881886,0.8384594,0.6499507,0.02233185
"CTRL73",0.9265903,0.06732249,0.7562176,0.03214313,0.01972081,0.9463268,0.3109737,0.8351045,0.832495,0.02546211,0.6289114,0.005864918,0.5052332,0.9654902,0.654671,0.898477,0.0180344,0.290278,0.7811699,0.7107153,0.01904848
"PDD6",0.9177103,0.1121907,0.8263661,0.1192467,0.01802901,0.9254353,0.3948766,0.8599383,0.839568,0.01994178,0.7025436,0.01111963,0.5686596,0.9679914,0.6802088,0.8800117,0.01397191,0.3212091,0.8485215,0.6664928,0.02677692
"CTRL13",0.9133728,0.05638534,0.595343,0.02552819,0.03288256,0.8670559,0.294848,0.7806203,0.800348,0.01818276,0.3902825,0.008,0.5533854,0.9618263,0.791867,0.8324968,0.01978059,0.3260002,0.7097667,0.6096876,0.01447874
"PDD73",0.9498296,0.1246515,0.778191,0.01851105,0.01251216,0.7956606,0.2626307,0.8453953,0.892725,0.01566952,0.5067325,0.01206835,0.6906619,0.9829304,0.5549629,0.9451771,0.01697494,0.3913306,0.7647655,0.5327121,0.006225435
"CTRL81",0.9451047,0.0385832,0.6518974,0.03525038,0.01357989,0.9320857,0.340008,0.8570008,0.8549334,0.01860072,0.4533429,0.01171875,0.552794,0.9872427,0.7897092,0.8393704,0.01983147,0.3466152,0.7565317,0.6958398,0.01164743
"CTRL33",0.9426941,0.06143151,0.6615515,0.05404243,0.01158638,0.8982843,0.3428828,0.8036059,0.8565311,0.02214238,0.4762741,0.003195126,0.6329842,0.9827496,0.6568488,0.8507831,0.01997802,0.3340635,0.7150613,0.5175258,0.01028655
"PDD49",0.9206154,0.07128541,0.705426,0.03996383,0.01709747,0.9503402,0.2834365,0.8393289,0.862458,0.02360402,0.5440151,0.005252918,0.5910729,0.9734401,0.7573289,0.8563759,0.01831531,0.2297949,0.7113502,0.6537958,0.01616513
"PD27",0.9298063,0.07566776,0.7692081,0.04036446,0.01231251,0.86259,0.4346789,0.8243531,0.9047311,0.02356334,0.6238401,0.005698553,0.5325408,0.9662606,0.5127066,0.8195284,0.01481362,0.340528,0.7903633,0.6970285,0.01550819
"PDD4",0.8841625,0.1726614,0.7164094,0.02809337,0.02706754,0.7957973,0.2672463,0.7596512,0.7774794,0.03454215,0.4785297,0.01614082,0.6124414,0.9546545,0.5380812,0.8953085,0.0330336,0.3244761,0.7277584,0.5210465,0.01056429
"PD58",0.9185702,0.06192938,0.7676043,0.05266443,0.01196545,0.9442086,0.3293584,0.8397404,0.8729779,0.01809755,0.5217123,0.009473027,0.5679888,0.9598847,0.624225,0.8901758,0.02277601,0.3573764,0.8234376,0.6248222,0.01269033
"CTRL85",0.880285,0.04035758,0.7282413,0.05216099,0.02641509,0.8995241,0.3556663,0.8040051,0.8839811,0.0167708,0.4747291,0.004369265,0.5282688,0.9693024,0.6925839,0.8882062,0.02651486,0.2548002,0.7110109,0.6577851,0.05708733
"PD52",0.913062,0.04440293,0.8352492,0.05653485,0.01811058,0.9310448,0.3088752,0.8357675,0.819844,0.0120943,0.6043878,0.00314052,0.5884452,0.9728036,0.7358959,0.8281724,0.01886792,0.2951002,0.7017501,0.6127918,0.003880966
"PD60",0.918438,0.04272828,0.8519008,0.05882704,0.01590223,0.9284233,0.3670052,0.8322134,0.8237905,0.01759512,0.7108069,0.008638272,0.5266795,0.9816555,0.5690576,0.9126143,0.02111828,0.3347376,0.8344893,0.6679802,0.008445234
"PD61",0.8391845,0.06529213,0.6707861,0.04098575,0.01492537,0.9256471,0.3385465,0.8169911,0.8817412,0.01014901,0.5169637,0.007755373,0.5646944,0.9656009,0.7013232,0.8170723,0.04890412,0.2367604,0.7411371,0.676533,0.01924234
"CTRL11",0.9096995,0.1074809,0.8278356,0.03565539,0.01978069,0.8463105,0.2939318,0.9245057,0.8146841,0.02550741,0.4020943,0.009785676,0.582979,0.9728054,0.5761838,0.9141632,0.01836782,0.3628682,0.7588567,0.6370309,0.00627067
"CTRL40",0.9240192,0.1463134,0.6889873,0.03465598,0.03010698,0.8479451,0.3538665,0.7866299,0.8502912,0.02901641,0.4980398,0.007370437,0.6475385,0.977939,0.7152589,0.8425151,0.01164955,0.3926907,0.7058457,0.6303364,0.01649206
"DLB35",0.9389708,0.08591841,0.7012496,0.02948385,0.01375803,0.839938,0.3030271,0.7936196,0.8833104,0.01231201,0.581552,0.006922144,0.6001271,0.9787828,0.6700287,0.9116185,0.01692427,0.3468822,0.7688534,0.6559557,0.01119292
"PD9",0.942513,0.1180555,0.7232,0.04696614,0.01870345,0.8514646,0.4136656,0.8374776,0.8651314,0.02002913,0.4420903,0.01043062,0.592926,0.9612277,0.6391058,0.8730277,0.02414611,0.3921763,0.7267418,0.647236,0.02508407
"CTRL79",0.9376636,0.05872199,0.6502493,0.04903603,0.01635744,0.9024726,0.2642315,0.7600542,0.8382616,0.01650516,0.3911465,0.005210888,0.5893281,0.9815376,0.7563936,0.8702866,0.0138131,0.3414337,0.7058151,0.6100121,0.01033005
"PDD61",0.9204087,0.1126919,0.6507575,0.0419871,0.02377427,0.899478,0.3360051,0.7174627,0.8523647,0.02391497,0.5569244,0.01189931,0.5489971,0.9649067,0.6573514,0.8385997,0.01718269,0.3952204,0.784444,0.6958655,0.01826623
"PD56",0.9325971,0.09544786,0.7358197,0.020975,0.01620998,0.892815,0.3072204,0.7956939,0.8685698,0.01566563,0.5326664,0.001804004,0.5739014,0.9755685,0.7449404,0.9427097,0.02650659,0.3007409,0.7853076,0.5773787,0.01101924
"CTRL55",0.9209848,0.08969424,0.7455168,0.03817142,0.02483921,0.8687494,0.3718073,0.7641508,0.8152139,0.02231574,0.4749114,0.002112234,0.5985453,0.9679356,0.7280205,0.8661509,0.02541198,0.4102545,0.821423,0.6544169,0.01312272
"CTRL37",0.928706,0.06498744,0.8421432,0.02466468,0.01780507,0.9695128,0.3204363,0.8495722,0.8134014,0.02011616,0.5467664,0.0107086,0.5937815,0.9811091,0.6252835,0.9018976,0.01704686,0.2325887,0.6968328,0.633509,0.006192188
"CTRL82",0.9386197,0.0529353,0.8609053,0.03243076,0.01728435,0.9025071,0.2958793,0.7821463,0.8297499,0.02039578,0.4189441,0.008228303,0.5853756,0.962831,0.5402634,0.8968306,0.01801009,0.3291755,0.7613488,0.5957082,0.01969446
"CTRL32",0.9115386,0.1084865,0.8107293,0.05122243,0.02450667,0.9714068,0.2821802,0.8512025,0.8658962,0.02668923,0.5505518,0.01093669,0.6417967,0.9740756,0.7323803,0.9329005,0.0263355,0.2322701,0.6979944,0.645598,0.01254939
"PD2",0.9082661,0.1176653,0.8883438,0.09124341,0.01627646,0.9004767,0.3805467,0.8632129,0.9017187,0.0256568,0.6001492,0.01067974,0.6354009,0.959057,0.6156644,0.8972654,0.04283922,0.2793926,0.8261214,0.6836399,0.02107132
"PD54",0.9198343,0.09228959,0.7895543,0.03176969,0.01300448,0.9241472,0.4297466,0.8639782,0.8484566,0.0180253,0.5497333,0.003507068,0.5790798,0.9838786,0.7937835,0.8407589,0.01413988,0.2716064,0.7160494,0.5832083,0.01648122
"CTRL48",0.91051,0.1258343,0.6768369,0.0354453,0.02078501,0.8783993,0.3063769,0.77166,0.8312363,0.0336288,0.5214275,0.003291992,0.4971729,0.9743098,0.6568786,0.8477513,0.02579527,0.2377925,0.7286834,0.6684836,0.0166453
"PD49",0.9412528,0.08113328,0.6851051,0.02229739,0.0115484,0.9061389,0.3328014,0.8138113,0.8490333,0.03568917,0.5450949,0.003524229,0.5245385,0.9637987,0.6935447,0.8680071,0.02932772,0.2659615,0.7943443,0.6883717,0.01088935
"PDD69",0.9343832,0.1086928,0.7574611,0.06777933,0.02089379,0.9178447,0.3543709,0.9132901,0.7917659,0.01408532,0.673374,0.00734796,0.5210645,0.9867772,0.6106166,0.8816665,0.04182206,0.2787024,0.788108,0.7020339,0.008203883
"PD45",0.9199062,0.07923961,0.6255422,0.04036519,0.03086117,0.9298094,0.3503372,0.8500434,0.8214896,0.02773826,0.5510285,0.01311944,0.5606365,0.9763151,0.6909291,0.8450627,0.02313122,0.2635939,0.7557767,0.6712354,0.01329402
"CTRL12",0.8900852,0.1270707,0.7894019,0.0430978,0.0259952,0.9268818,0.2973651,0.8188208,0.8469979,0.02246555,0.4263396,0.007387863,0.5799185,0.9732151,0.5822545,0.8642531,0.02285332,0.3252083,0.7261071,0.5869565,0.02499734
"PD33",0.9083931,0.1037377,0.7576352,0.03352147,0.01606889,0.9085763,0.3382184,0.8001981,0.8054773,0.03448276,0.5568072,0.007617307,0.5745033,0.9769548,0.5907334,0.8162165,0.02156975,0.1726557,0.7273682,0.6299653,0.02784899
"PD51",0.9011692,0.05818634,0.7799945,0.0198959,0.007729395,0.8998096,0.3097549,0.7133168,0.8551197,0.01654609,0.5055811,0.00546381,0.5611925,0.9781336,0.7104547,0.8818662,0.02443424,0.3362994,0.7320297,0.6720729,0.009267087
"PD13",0.9271755,0.08998485,0.8470592,0.02570062,0.01644257,0.886806,0.2974543,0.8231635,0.8653153,0.006452133,0.5499459,0.01389728,0.572731,0.9697806,0.5051534,0.8712819,0.01567039,0.2515617,0.7349192,0.6851971,0.049823
"PDD45",0.9373071,0.09651215,0.7045187,0.04307599,0.01700591,0.9099208,0.2951129,0.8284332,0.8865749,0.02086204,0.4803559,0.005059742,0.6218364,0.9792936,0.6487753,0.8977703,0.02431046,0.3050052,0.7335548,0.5062349,0.01775198
"PD20",0.9161255,0.1220791,0.7856946,0.02567776,0.0226499,0.8401969,0.2718057,0.7926923,0.8579421,0.01922355,0.5151896,0.005996642,0.5673241,0.9661873,0.5108428,0.9157087,0.01274072,0.3356998,0.7373938,0.6545483,0.01044801
"CTRL83",0.9483653,0.1160365,0.7535193,0.01903725,0.01986755,0.8448676,0.3858656,0.7139471,0.8209193,0.02008929,0.5197875,0.01078039,0.5137301,0.9516176,0.6670462,0.8423361,0.02241823,0.3086253,0.7781944,0.7212168,0.00646836
"PDD7",0.9206395,0.121078,0.7364391,0.03387736,0.01955501,0.7832372,0.341284,0.8708276,0.8233483,0.0319592,0.4989464,0.00894769,0.585522,0.9782315,0.6099205,0.8976977,0.02049571,0.3946755,0.7773301,0.6747079,0.0133989
"CTRL71",0.9444189,0.07420897,0.737033,0.03849687,0.009482072,0.8462686,0.3760599,0.8112618,0.8349855,0.01607553,0.5115548,0.003773335,0.5697478,0.9752919,0.6343804,0.864314,0.02658004,0.2965427,0.8066894,0.6657475,0.007235652
"PDD47",0.928732,0.07989124,0.6141614,0.02550652,0.02541946,0.9611137,0.3838763,0.7576578,0.827867,0.01925546,0.4273865,0.005480582,0.5801301,0.971225,0.620343,0.8564413,0.01586212,0.2521472,0.7111644,0.6699471,0.01297518
"PD32",0.9312351,0.04543471,0.7207034,0.02707196,0.0213412,0.8917607,0.3024561,0.8450402,0.8259598,0.02478989,0.3741602,0.01041906,0.5281406,0.9806898,0.6888664,0.8274742,0.01811015,0.3287214,0.7020509,0.731347,0.01702798
"CTRL6",0.9432136,0.1557094,0.8317143,0.03098153,0.02686951,0.8143905,0.2828325,0.8681377,0.7927357,0.01543461,0.2415398,0.01287668,0.5718957,0.9672057,0.6892401,0.8940339,0.007963692,0.1924619,0.6315357,0.5861989,0.01440343
"CTRL46",0.9232941,0.1696189,0.6342607,0.03745821,0.0290345,0.8625505,0.3079396,0.756339,0.8510141,0.03483724,0.4605798,0.004541109,0.5452296,0.9712103,0.6029824,0.8580044,0.02116756,0.3739181,0.71586,0.6638065,0.01046224
"PD17",0.91769,0.0900966,0.8055241,0.03161303,0.008039624,0.8460353,0.2830675,0.854079,0.820337,0.01796666,0.5624639,0.009889764,0.5078052,0.975725,0.4994517,0.9199697,0.02537031,0.2768706,0.7686887,0.6682137,0.004613846
"PDD10",0.8927807,0.1008493,0.7351175,0.04042406,0.02273786,0.9044038,0.3576548,0.8721132,0.8465278,0.0240903,0.5848072,0.01198876,0.6389908,0.9688923,0.6535987,0.8984887,0.01931884,0.3398571,0.8443803,0.6174749,0.02662222
"DLB12",0.9359053,0.06905107,0.7915046,0.009824032,0.01990642,0.8293225,0.3625668,0.804482,0.785619,0.01540714,0.4402276,0.004287726,0.6143082,0.9861824,0.7150559,0.9292837,0.0235525,0.3143604,0.66627,0.7077584,0.01196097
"CTRL44",0.8946649,0.1211908,0.792148,0.02496723,0.02976914,0.9484245,0.3791674,0.8354258,0.8579937,0.02393277,0.5912196,0.009262217,0.5586235,0.9794515,0.6975848,0.8223025,0.03720891,0.3348413,0.8214147,0.7112984,0.009565482
"CTRL86",0.9511746,0.09919701,0.7453901,0.02828306,0.01774269,0.9257109,0.2774481,0.7623801,0.824298,0.01330062,0.4318008,0.008492191,0.5190479,0.980977,0.792895,0.8874588,0.01903504,0.3856998,0.7723588,0.7142384,0.01369468
"DLB27",0.9305701,0.06000388,0.729485,0.01849393,0.01341999,0.9409096,0.2984191,0.7841819,0.8206273,0.02573275,0.2517358,0.005681415,0.5546884,0.9788055,0.5988652,0.8247762,0.02424953,0.2408887,0.7080277,0.5980919,0.01557465
"PD18",0.8899535,0.06455065,0.7542573,0.02804118,0.01880342,0.8584311,0.3119593,0.8510356,0.7936187,0.0192353,0.5079638,0.01148146,0.5793652,0.9466648,0.5370971,0.9354411,0.01799598,0.3034108,0.8018204,0.6237335,0.008749091
"CTRL20",0.9086475,0.1124252,0.7219101,0.04735723,0.02604702,0.944234,0.2893542,0.7709298,0.8017507,0.02608236,0.5164881,0.007484524,0.6110901,0.952098,0.6772387,0.8908814,0.02557264,0.256044,0.7246318,0.5802116,0.02180613
"PDD50",0.8641411,0.05474779,0.8373915,0.02935633,0.01934797,0.9708752,0.2659918,0.7582652,0.8259861,0.0247666,0.4722387,0.005765795,0.5304035,0.9770748,0.7102551,0.8462106,0.01944826,0.3040731,0.6845879,0.6666322,0.01529191
"DLB21",0.9181829,0.09127481,0.7698841,0.03174065,0.01380316,0.8504733,0.2716061,0.7359548,0.8392807,0.02124325,0.3612645,0.005082951,0.5607809,0.9867489,0.8023127,0.845,0.01651099,0.2621803,0.7282529,0.6091169,0.01384128
"CTRL53",0.9223032,0.08672303,0.7702697,0.03989839,0.02249317,0.8859203,0.3164488,0.8443081,0.842411,0.01744922,0.5782163,0.004867829,0.5618799,0.9743363,0.6913812,0.8323564,0.02461375,0.2505501,0.7894622,0.5238185,0.01148382
"CTRL65",0.9146549,0.0432744,0.6062066,0.03453268,0.01494243,0.8618652,0.321443,0.7318203,0.8701945,0.02699883,0.4990162,0.00345669,0.5860025,0.9689906,0.664081,0.882374,0.01769986,0.3111374,0.7386388,0.6726431,0.0175886
"PD38",0.9305379,0.1248491,0.8326361,0.03256834,0.01295585,0.9276815,0.3481422,0.8572074,0.7876772,0.02285155,0.6077741,0.008536294,0.6052814,0.9613285,0.6682939,0.893193,0.02409341,0.3898567,0.759891,0.7754995,0.0178736
"CTRL18",0.906234,0.09319856,0.8332912,0.02666442,0.0206389,0.9546068,0.293831,0.7859926,0.8010252,0.01891993,0.6083941,0.004263314,0.5873678,0.9790562,0.7477265,0.8899843,0.01795077,0.2771481,0.6980527,0.6362189,0.01781768
"PDD36",0.9315995,0.1216697,0.6371153,0.04305889,0.01734281,0.8954743,0.2862032,0.8087709,0.7849649,0.01717241,0.6254917,0.009668234,0.5438278,0.9667159,0.7657824,0.9107019,0.01741005,0.4184734,0.8275949,0.7659623,0.009290331
"PDD64",0.9702259,0.02871186,0.8365761,0.04938333,0.01301345,0.9400876,0.2892445,0.9002562,0.8757356,0.00475466,0.5211409,0.009640438,0.5834689,0.9811076,0.7192705,0.8807461,0.01358332,0.3827499,0.7959568,0.6565647,0.01132789
"PD42",0.8659765,0.1153535,0.8932754,0.01199,0.02178956,0.9089301,0.3847465,0.8382079,0.8699095,0.02955746,0.551142,0.002280043,0.5352481,0.9761369,0.6284376,0.9147424,0.02071461,0.2697582,0.7658547,0.7444751,0.01320743
"PDD33",0.8834986,0.08253905,0.8101965,0.01840608,0.01360304,0.938061,0.2931654,0.8486857,0.867722,0.01215432,0.4716047,0.006449116,0.5824675,0.977064,0.7313126,0.9112115,0.03150706,0.1793136,0.7701297,0.6858718,0.03048306
"PDD65",0.9477293,0.0501272,0.7383872,0.03553213,0.02034779,0.8482612,0.3314543,0.8348621,0.8768464,0.01256001,0.5583955,0.003499903,0.5719285,0.981961,0.7682121,0.8311147,0.01777475,0.3795092,0.7567541,0.6945868,0.01485869
"PD62",0.8696098,0.07703955,0.721994,0.02350631,0.01549015,0.9353388,0.3196124,0.8146559,0.8302245,0.01131706,0.566564,0.004964011,0.5572808,0.9651563,0.8457157,0.8361136,0.04200015,0.208889,0.8354201,0.6731716,0.02374337
"PDD77",0.9248796,0.0689505,0.7798698,0.05808287,0.01319116,0.9600065,0.4601969,0.862905,0.9110832,0.02052428,0.6299398,0.01343401,0.5910957,0.9433758,0.8277974,0.898971,0.02228158,0.4409535,0.8731959,0.7382276,0.01773438
"PDD2",0.8811339,0.09300006,0.8269038,0.0421466,0.01992866,0.8941027,0.2967006,0.8178529,0.8198528,0.02525413,0.5079207,0.007455846,0.6108611,0.9661166,0.7283829,0.895379,0.02191312,0.3247378,0.7703922,0.6107446,0.03300758
"PD25",0.9325357,0.1084309,0.917542,0.03154254,0.007945938,0.9391677,0.3527178,0.9139532,0.862458,0.01293341,0.4512603,0.006069983,0.5409017,0.9725516,0.6393432,0.9111793,0.01664907,0.268757,0.7667095,0.5996674,0.04491695
"DLB14",0.8830812,0.08348938,0.8260419,0.03037084,0.02008063,0.8843481,0.2753823,0.822846,0.8496769,0.02385293,0.531718,0.006323519,0.6073135,0.9776945,0.6775829,0.8466197,0.02674566,0.3992219,0.8053357,0.5768029,0.00655668
