"","cg06952719","cg06998282","cg05313680","cg23882019","cg15175129","cg19104399","cg11280964","cg11163901","cg18127922","cg01947949","cg25936334","cg01753595","cg11971077","cg13773306","cg13871037","cg08485937","cg09508356","cg24683035"
"PDD38",0.03789176,0.06384574,0.7288733,0.7253367,0.1862449,0.9692278,0.02554169,0.01122661,0.3349724,0.05784644,0.0741814,0.2984273,0.01648196,0.7673806,0.9380706,0.9282158,0.6805641,0.01024867
"CTRL61",0.02695556,0.01346789,0.8177573,0.7099833,0.221219,0.979416,0.02158749,0.009502198,0.2980935,0.02663131,0.06506399,0.3097359,0.004583283,0.6843371,0.9353713,0.9345542,0.639887,0.01439019
"PDD23",0.02309741,0.01654682,0.823363,0.6699717,0.2761302,0.9782762,0.01558266,0.00545694,0.3754685,0.08861454,0.05002952,0.316725,0.005173078,0.7049978,0.9474707,0.9280327,0.6673397,0.007746741
"PDD21",0.006322328,0.04909073,0.8183128,0.7472688,0.289502,0.9753959,0.01773692,0.01156069,0.2282783,0.04612018,0.06979427,0.2041869,0.007322043,0.5893895,0.9219043,0.9070525,0.54434,0.009601495
"PD29",0.03472317,0.005598126,0.7458741,0.5818731,0.1980129,0.9668819,0.0402745,0.01591986,0.3886598,0.03905073,0.06615044,0.2548858,0.009381147,0.6024619,0.9001501,0.8937237,0.6902969,0.002315747
"PD5",0.03225012,0.07452213,0.8777588,0.8107171,0.2780514,0.9563814,0.03427741,0.02161857,0.313187,0.06650718,0.06756245,0.2756858,0.01679862,0.567208,0.9207347,0.9121008,0.6207534,0.01371921
"CTRL88",0.03516814,0.03051385,0.7969598,0.6513199,0.2408661,0.9489398,0.04283204,0.009088132,0.2956886,0.06652807,0.05259609,0.3210308,0.01057983,0.7929987,0.9220365,0.9526819,0.7012232,0.002267574
"PD41",0.01325213,0.02688357,0.7815009,0.7068003,0.2613184,0.9610076,0.02448314,0.01890359,0.3743975,0.0370926,0.05773857,0.3229528,0.008165675,0.7589353,0.9232172,0.9135089,0.6702857,0.01167502
"PDD39",0.01849925,0.001065085,0.7274177,0.6096335,0.2607549,0.9562746,0.04595901,0.01342616,0.2641576,0.05854386,0.06574249,0.2305062,0.01693714,0.597791,0.9162309,0.9128633,0.5863799,0.0136763
"PD11",0.0182577,0.0003556025,0.8167581,0.7211076,0.2490606,0.9398815,0.02928898,0.00698931,0.3642372,0.06716877,0.05786026,0.312066,0.005329008,0.7222648,0.9467334,0.9322077,0.7071867,0.0187643
"PDD26",0.01557519,0.04655952,0.787082,0.6989175,0.2314959,0.9699038,0.01189753,0.009541737,0.277518,0.02623668,0.05610299,0.2083809,0.003729859,0.6834834,0.9366982,0.9097552,0.5170028,0.01286852
"PDD25",0.02044215,0.0263194,0.6236279,0.6874461,0.2523622,0.9775834,0.06129936,0.005125905,0.3983539,0.03306301,0.0458595,0.2077344,0.008273123,0.7677279,0.9369884,0.8500046,0.6921197,0.006362019
"PD1",0.0269625,0.005531457,0.7587718,0.7105919,0.2096932,0.9653681,0.04091729,0.01123268,0.2910542,0.0732151,0.04522672,0.284325,0.002928944,0.6915432,0.9458631,0.9235278,0.6496285,0.005891498
"CTRL24",0.017931,0.004888903,0.7506717,0.6989458,0.244094,0.9721624,0.0310152,0.01038118,0.3577313,0.0853389,0.06334597,0.3208178,0.006745471,0.6793825,0.9258272,0.9101313,0.6305738,0.007726864
"PD55",0.006134563,0.03722882,0.7511477,0.7608053,0.2554948,0.9804571,0.03115996,0.003224792,0.2801339,0.06439922,0.04879049,0.2164644,0.00551604,0.6395718,0.9412898,0.9270917,0.6377826,0.01091073
"CTRL15",0.02502753,0.02594483,0.7604623,0.6272485,0.2200169,0.9833358,0.02040207,0.009502465,0.334474,0.06390426,0.04620784,0.2805855,0.005969953,0.7201382,0.9786133,0.9363987,0.6478076,0.01557719
"CTRL63",0.02923396,0.002268834,0.7138434,0.7293124,0.2630358,0.9870753,0.006950083,0.006266257,0.2765853,0.03000706,0.05383305,0.3370921,0.006971893,0.6400568,0.9046628,0.9509596,0.6350258,0.009050077
"PDD60",0.09820794,0.01727329,0.6682679,0.610729,0.1832696,0.9607946,0.05231087,0.01144353,0.3809589,0.04041194,0.07040987,0.3096122,0.002878966,0.7358749,0.9491664,0.871229,0.6584945,0.009979886
"PDD51",0.02907471,0.05307352,0.6694155,0.5946722,0.157448,0.9608598,0.04135179,0.01223602,0.3130307,0.01554711,0.08754039,0.2414703,0.009646302,0.6875736,0.9379449,0.8484749,0.6496684,0.01824119
"PDD43",0.01348967,0.03018978,0.785224,0.6962394,0.2343216,0.954127,0.03395403,0.009018517,0.3066963,0.06441477,0.07011023,0.2594658,0.00901404,0.588807,0.9379246,0.8983623,0.6510134,0.009602036
"PD14",0.05569127,0.005621739,0.8262746,0.7053877,0.3041551,0.9706981,0.01511778,0.004663252,0.3573873,0.03318226,0.05353874,0.3355749,0.006916569,0.5908676,0.9398548,0.9403601,0.6349763,0.01411466
"PDD5",0.03323134,0.1288634,0.7170836,0.6279094,0.2112112,0.9481414,0.04101662,0.01370733,0.3938081,0.04590314,0.07241083,0.2896086,0.01102296,0.6269414,0.890349,0.9399507,0.6364119,0.01601679
"PD37",0.02354061,0.02764364,0.8169615,0.7047494,0.2460113,0.9760444,0.02325784,0.0111291,0.3721046,0.05676613,0.05474493,0.3021189,0.0128388,0.581637,0.9516904,0.9106624,0.6881531,0.01305695
"CTRL80",0.03937532,0.005661807,0.7964061,0.7826513,0.150047,0.9639379,0.01400426,0.008466064,0.3008691,0.03364614,0.06841612,0.293265,0.002510622,0.5751812,0.9275052,0.9320526,0.5763569,0.005119891
"PDD74",0.05753177,0.04023445,0.8602021,0.6950203,0.1776556,0.9626334,0.05384801,0.001699293,0.2784364,0.06064894,0.07114014,0.3194478,0.007488219,0.6894342,0.8900612,0.9289297,0.6543333,0.01072885
"CTRL62",0.05272862,0.003640725,0.7475961,0.6896034,0.2361657,0.974328,0.02090639,0.0085796,0.279855,0.05814688,0.06791809,0.3350635,0.01093823,0.8124961,0.9661757,0.927581,0.6128837,0.01181592
"PD3",0.02503786,0.1290988,0.7685708,0.5724383,0.2041727,0.9524726,0.04822678,0.02384945,0.437718,0.06601833,0.06824424,0.2820317,0.02059462,0.5092996,0.9141967,0.8859479,0.6758668,0.02384802
"CTRL39",0.01922651,0.03883064,0.8668697,0.6812264,0.2397066,0.964236,0.05969175,0.01819923,0.39574,0.04787234,0.0654679,0.3436391,0.005147606,0.5920729,0.9144407,0.9535325,0.7401774,0.00936024
"CTRL97",0.02216552,0.02503434,0.81951,0.6788666,0.2724933,0.9743707,0.02358606,0.01413604,0.3507826,0.03516213,0.043204,0.3106552,0.008295153,0.7765357,0.9689768,0.9545308,0.633157,0.00592491
"PD47",0.03444102,0.02864839,0.7583785,0.6489355,0.1571334,0.9423196,0.03191706,0.01090417,0.3728726,0.0508093,0.06766749,0.2711026,0.0127823,0.7289021,0.923198,0.9463969,0.6734659,0.00569314
"DLB17",0.02369457,0.04557623,0.8712557,0.7100853,0.1688369,0.9743027,0.01928534,0.008288791,0.316799,0.05087231,0.06606309,0.255347,0.01114779,0.5189788,0.8629709,0.9252995,0.5797059,0.01018503
"DLB2",0.02232203,0.02714846,0.6646287,0.7901673,0.1916561,0.9591454,0.0444934,0.02135754,0.3475583,0.03487685,0.07091413,0.2544213,0.01570718,0.5087614,0.9302072,0.8712865,0.6791858,0.02341625
"CTRL35",0.02251925,0.01918996,0.8447393,0.7158089,0.2869304,0.9716723,0.04156842,0.01303697,0.3789836,0.05468176,0.04547339,0.2980306,0.001032525,0.5988865,0.9634707,0.9163201,0.6061853,0.00577636
"PD8",0.02027025,0.04678988,0.8141947,0.7645442,0.3481111,0.9732295,0.03266611,0.01778766,0.2850652,0.03551732,0.04646584,0.2721603,0.0164271,0.6468058,0.9121058,0.943848,0.5296139,0.01480973
"CTRL51",0.03287082,0.03398351,0.7707238,0.6152837,0.2318028,0.9770503,0.0103349,0.007984032,0.3645364,0.05631636,0.04730679,0.2910788,0.006861705,0.7981659,0.9546322,0.9418062,0.7029748,0.003282276
"CTRL77",0.02035821,0.04073342,0.8180242,0.7006506,0.1555684,0.9782147,0.01796517,0.01166972,0.2834641,0.06538561,0.04970598,0.2476217,0.003045977,0.6672438,0.8980793,0.9397746,0.6383876,0.01170891
"CTRL68",0.01880977,0.01500382,0.8196719,0.5979629,0.150781,0.967152,0.02975066,0.01495108,0.2797826,0.04602597,0.05833435,0.2684451,0.005872388,0.6293555,0.9582038,0.9625833,0.6211697,0.01276395
"PDD24",0.01243747,0.03836731,0.9208602,0.7487535,0.240338,0.9782461,0.01652004,0.009871095,0.3513026,0.06399132,0.04406855,0.3022634,0.005511657,0.6382144,0.9379526,0.9416156,0.6540208,0.009949041
"CTRL19",0.0298136,0.05440014,0.8571111,0.7410866,0.2537211,0.9700548,0.04412292,0.004343105,0.4194347,0.08846414,0.04594144,0.3102321,0.007750145,0.7222331,0.9107824,0.9298757,0.659795,0.009683026
"PDD13",0.05541051,0.006772187,0.613261,0.623002,0.1533273,0.9866516,0.04882077,0.01343922,0.4213697,0.03280286,0.043,0.2364993,0.005567717,0.9374885,0.9332129,0.8814186,0.663006,0.00448821
"CTRL43",0.05047585,0.02715735,0.7582951,0.6421248,0.2423797,0.9590492,0.01273293,0.01553494,0.3006935,0.05778093,0.07512806,0.351037,0.007448576,0.7837563,0.9591418,0.9613528,0.7190244,0.01290516
"DLB11",0.01800048,0.02990272,0.7917969,0.7073033,0.2241049,0.9748108,0.03412732,0.01212955,0.3660542,0.03782042,0.03721135,0.3472071,0.001773589,0.6853442,0.9141456,0.9393742,0.6871689,0.00746821
"PDD58",0.02067201,0.01380348,0.7547285,0.6704431,0.2326161,0.9771499,0.03797686,0.01784818,0.35304,0.05139726,0.06297539,0.3734404,0.006113658,0.5807522,0.9734703,0.9298697,0.6518201,0.01025192
"CTRL42",0.04437303,0.01036629,0.8078974,0.6734472,0.2725696,0.9767216,0.03140811,0.005024028,0.3920583,0.07981403,0.0541144,0.396509,0.004337687,0.8185677,0.9499444,0.936104,0.6459639,0.006439964
"PDD53",0.02913688,0.03045555,0.747181,0.6618263,0.2293841,0.9663264,0.03605336,0.01303106,0.3246789,0.0293028,0.05369928,0.2924171,0.008416444,0.6318402,0.955021,0.9235127,0.6918422,0.007177962
"PD40",0.0304184,0.03730566,0.7499283,0.6329597,0.2294749,0.9691537,0.01952468,0.006242387,0.3676691,0.05147168,0.07170974,0.3672139,6.399181e-05,0.6352447,0.9322117,0.9436596,0.7264741,0.008296055
"PDD44",0.03402865,0.07422724,0.7712075,0.7093065,0.2110018,0.9599526,0.05118274,0.00847516,0.3355503,0.04214268,0.07427981,0.2918451,0.006387131,0.6475112,0.9435268,0.8947058,0.594948,0.01672036
"PD6",0.01022789,0.0489252,0.7946139,0.7223408,0.1481614,0.948429,0.02164263,0.01607717,0.3451039,0.03582021,0.07421325,0.2719196,0.01239083,0.5596213,0.8959227,0.9426813,0.6567585,0.01368301
"CTRL1",0.01985003,0.05393077,0.7882361,0.6745909,0.1998001,0.963468,0.02568664,0.01675781,0.4091097,0.0416749,0.0527735,0.2759277,0.008699466,0.5798606,0.9081216,0.9304024,0.7232405,0.01315284
"PD35",0.03008936,0.004088989,0.7184241,0.6918543,0.2062978,0.9617149,0.04293482,0.007802875,0.2969499,0.0467403,0.05145642,0.314328,0.009232036,0.6708281,0.9673774,0.8727235,0.63607,0.01433239
"PDD41",0.01024897,0.04477607,0.8006944,0.6810563,0.2180636,0.9444433,0.05608448,0.01213468,0.328401,0.06679458,0.05316339,0.2447674,0.004165753,0.6774418,0.9435114,0.9086101,0.6229436,0.009929907
"PDD70",0.0523428,0.05366297,0.7838095,0.7676339,0.1942396,0.9878285,0.03982462,0.006765548,0.2722729,0.04253098,0.05179387,0.3347957,0.00625323,0.6111832,0.940012,0.9357472,0.6533858,0.000826731
"PD59",0.02470341,0.07232841,0.8388396,0.6299203,0.2210411,0.9459387,0.03135074,0.005519356,0.348084,0.03327338,0.07346839,0.3027117,0.006417411,0.6300323,0.9624433,0.9437058,0.6520023,0.007309348
"PDD28",0.01584123,0.01743339,0.5457969,0.6158516,0.1362464,0.9715741,0.04740567,0.005524455,0.3688223,0.03026653,0.07890794,0.3045753,0.007327081,0.6452381,0.9044765,0.8424234,0.7119565,0.007039055
"CTRL78",0.03676864,0.07176928,0.7350394,0.6470788,0.2090804,0.9641121,0.03648231,0.01406553,0.3642767,0.06863528,0.04988167,0.3364929,0.01227259,0.5807433,0.8924717,0.9169803,0.5982516,0.02024737
"CTRL64",0.02228045,0.04555334,0.7369889,0.599939,0.1896838,0.9600332,0.02332971,0.01283456,0.2669514,0.0476084,0.08484762,0.2521855,0.009101985,0.6478613,0.8508175,0.9273557,0.6758158,0.01232733
"PD48",0.06316672,0.05188326,0.8065644,0.6567119,0.1965955,0.9661661,0.04820716,0.01642159,0.3604363,0.04948204,0.06417819,0.3046808,0.007022291,0.7316617,0.9210975,0.9220034,0.6281711,0.01100602
"PD21",0.01245684,0.07006632,0.727813,0.6656171,0.2471464,0.9774018,0.02925005,0.01437543,0.3835613,0.02690058,0.0784,0.275798,0.01055897,0.7001695,0.8911222,0.9264705,0.6003351,0.01017583
"CTRL95",0.01911271,0.009726729,0.7687606,0.5898706,0.2262838,0.962321,0.02851616,0.01261746,0.3763169,0.06210169,0.05248307,0.3380085,0.001822497,0.6117094,0.9525526,0.9490885,0.7433394,0.008617698
"CTRL57",0.02576584,0.009725079,0.833367,0.7042041,0.1746163,0.9735672,0.03324429,0.01670567,0.324077,0.02713435,0.06386249,0.2920639,0.001656511,0.7188828,0.95317,0.9365316,0.6169365,0.009182335
"PDD30",0.02354298,0.0400253,0.7868477,0.6961841,0.2332438,0.9657081,0.02579514,0.01554019,0.314083,0.06215124,0.06723338,0.3712619,0.007184887,0.5359612,0.9131646,0.9318395,0.609675,0.009147116
"PDD22",0.01541421,0.04686293,0.7963074,0.816727,0.2451432,0.9776553,0.0356585,0.01135322,0.3168316,0.04446357,0.06172402,0.2583023,0.00213774,0.7482605,0.9347808,0.9079889,0.6444282,0.008460888
"DLB15",0.02928406,0.0740757,0.6262359,0.6531217,0.2031196,0.9771585,0.04023085,0.02064685,0.277774,0.05196629,0.06485888,0.2355187,0.01473245,0.7139257,0.9378926,0.8401062,0.6803288,0.02645903
"PD50",0.04569923,0.02473715,0.8157527,0.6849046,0.2649909,0.9543107,0.04713328,0.01004614,0.302571,0.03939093,0.05521041,0.2865496,0.0112017,0.6723039,0.8867333,0.947522,0.6710313,0.01352657
"CTRL29",0.0334783,0.01244817,0.7282415,0.6015876,0.2613199,0.976109,0.02616127,0.002846075,0.2569257,0.06368715,0.0595082,0.2037492,0.003469211,0.6803536,0.9679811,0.85274,0.6170295,0.01412405
"PDD54",0.03225818,0.02397491,0.7595638,0.713866,0.240187,0.9543965,0.02647338,0.01015123,0.3513084,0.04311985,0.06004521,0.2519409,0.01078272,0.6812334,0.9527168,0.9295976,0.5463918,0.01067008
"PDD27",0.05506098,0.04005111,0.8688207,0.7375703,0.3021271,0.9799455,0.0370259,0.005321575,0.3925982,0.09630714,0.05433263,0.3702469,0.005070423,0.6446204,0.9407814,0.9544563,0.6146905,0.009043597
"DLB24",0.03662476,0.05180355,0.7937804,0.6974087,0.2018527,0.957501,0.04431797,0.01379798,0.3571539,0.03054469,0.07181487,0.2775123,0.006805158,0.681683,0.9468585,0.9263824,0.5743989,0.01291532
"PD23",0.03803251,0.02252534,0.8161641,0.6803296,0.216758,0.9768128,0.03129844,0.01225881,0.2652603,0.03287589,0.06063089,0.2674431,0.005375723,0.6551893,0.9477447,0.9246115,0.6157536,0.00941815
"PD30",0.04496359,0.04116476,0.8301217,0.7434666,0.2283209,0.9579059,0.02786982,0.01065898,0.3383161,0.038029,0.04934742,0.3553697,0.001413169,0.5979712,0.9304309,0.8938178,0.7004845,0.002425401
"PDD15",0.05246174,0.07319185,0.8173396,0.7187805,0.2106861,0.9596823,0.01877084,0.01509284,0.2808482,0.04576503,0.05451911,0.2035344,0.008411677,0.5753026,0.9386971,0.9419492,0.6383704,0.01707506
"CTRL50",0.01785073,0.01913865,0.7967668,0.6822246,0.2038717,0.9830977,0.02820279,0.01062148,0.3315036,0.0268619,0.06363257,0.3085275,0.006972379,0.8120898,0.9587072,0.9253056,0.5622434,0.01114226
"CTRL93",0.05642081,0.001592521,0.8135757,0.568069,0.2865032,0.9864909,0.03154629,0.009575147,0.3965703,0.03622998,0.04202135,0.3149204,0.003456619,0.7654242,0.9483045,0.9358415,0.5874573,0.008461877
"PDD35",0.02856085,0.04983668,0.5818776,0.5898366,0.1403238,0.9653623,0.05216839,0.01154279,0.3767779,0.04527796,0.05320278,0.289683,0.009278711,0.7151876,0.9557293,0.8585061,0.6499507,0.006588413
"CTRL73",0.02425374,0.06034566,0.7968876,0.6875897,0.1906247,0.9757715,0.03214313,0.01068091,0.3079256,0.0478849,0.0662768,0.2452421,0.005864918,0.654671,0.9278784,0.9263912,0.7107153,0.01311327
"PDD6",0.03036359,0.01024886,0.634427,0.6699087,0.2522769,0.9751802,0.1192467,0.008499354,0.3639077,0.02199883,0.03418704,0.2369271,0.01111963,0.6802088,0.9514521,0.8426897,0.6664928,0.005577867
"CTRL13",0.03658697,0.02079674,0.8261995,0.6256388,0.2413608,0.9468867,0.02552819,0.01461923,0.3683841,0.04172837,0.05801176,0.26748,0.008,0.791867,0.9693186,0.9495107,0.6096876,0.00678392
"PDD73",0.01191183,0.1463905,0.883486,0.6893963,0.1615271,0.9679364,0.01851105,0.004903278,0.3185009,0.02957824,0.04086739,0.274402,0.01206835,0.5549629,0.9390207,0.9595597,0.5327121,0.0160801
"CTRL81",0.02887589,0.01556402,0.8281488,0.676266,0.2139814,0.9623913,0.03525038,0.009258568,0.3500439,0.03125,0.07793646,0.297953,0.01171875,0.7897092,0.9359742,0.909889,0.6958398,0.01122995
"CTRL33",0.01734575,0.01456779,0.869835,0.6357743,0.272822,0.9550307,0.05404243,0.016222,0.3681859,0.04100461,0.0449908,0.3408502,0.003195126,0.6568488,0.9503428,0.9360427,0.5175258,0.01037344
"PDD49",0.03017554,0.01754594,0.7854227,0.7017665,0.1967326,0.9463254,0.03996383,0.0117028,0.2733204,0.05827528,0.06761178,0.2133163,0.005252918,0.7573289,0.950677,0.9124736,0.6537958,0.007636474
"PD27",0.03754234,0.01719958,0.7486144,0.6386799,0.2310129,0.9671259,0.04036446,0.01095571,0.4004929,0.0459416,0.06535779,0.3105814,0.005698553,0.5127066,0.9355361,0.9158115,0.6970285,0.008628634
"PDD4",0.03723436,0.07760638,0.8660688,0.7588424,0.2823522,0.9398527,0.02809337,0.01140312,0.3430839,0.04872564,0.07232988,0.2374525,0.01614082,0.5380812,0.881046,0.9629211,0.5210465,0.01443242
"PD58",0.01907607,0.01783086,0.811467,0.6335711,0.1903894,0.9744622,0.05266443,0.0130954,0.3497133,0.03598862,0.04549104,0.3042624,0.009473027,0.624225,0.9633639,0.934934,0.6248222,0.01218128
"CTRL85",0.01678506,0.01267765,0.8503234,0.7284087,0.2877037,0.9583545,0.05216099,0.01691225,0.2413331,0.05178969,0.06453439,0.2159251,0.004369265,0.6925839,0.9084523,0.9124066,0.6577851,0.006164828
"PD52",0.01605852,0.03656553,0.7442953,0.715212,0.2506169,0.9819681,0.05653485,0.007151172,0.3367151,0.02385976,0.03740405,0.2329124,0.00314052,0.7358959,0.9361208,0.8964974,0.6127918,0.004551489
"PD60",0.02407216,0.03824737,0.6949326,0.6597631,0.1484036,0.9766215,0.05882704,0.01011259,0.3496385,0.03262493,0.0581869,0.2589901,0.008638272,0.5690576,0.9099726,0.9178607,0.6679802,0.00974026
"PD61",0.02429798,0.01563829,0.7660075,0.6873303,0.1662259,0.9492088,0.04098575,0.008697411,0.2938685,0.03026209,0.05674469,0.2801716,0.007755373,0.7013232,0.9639844,0.9279993,0.676533,0.01005545
"CTRL11",0.01703524,0.02548028,0.7838887,0.6080255,0.2940911,0.9763993,0.03565539,0.009406399,0.3584968,0.05588453,0.04414026,0.3253803,0.009785676,0.5761838,0.9445446,0.9576894,0.6370309,0.01052296
"CTRL40",0.02016924,0.03808675,0.8415483,0.6960696,0.2604377,0.9665253,0.03465598,0.009918393,0.3437803,0.04177913,0.06291718,0.3345787,0.007370437,0.7152589,0.9569649,0.9402278,0.6303364,0.01147656
"DLB35",0.01813349,0.02191904,0.799659,0.6699562,0.2563516,0.949473,0.02948385,0.0008459521,0.3543754,0.04863222,0.06319862,0.356651,0.006922144,0.6700287,0.9400913,0.9489288,0.6559557,0.009869612
"PD9",0.03848576,0.05433532,0.7871246,0.7180214,0.1738017,0.9650842,0.04696614,0.02358408,0.3598426,0.0339451,0.07795777,0.2883191,0.01043062,0.6391058,0.9281366,0.8571328,0.647236,0.01399515
"CTRL79",0.02015083,0.0336242,0.7466409,0.6679735,0.1899326,0.960745,0.04903603,0.006090731,0.3612014,0.05509012,0.04001459,0.321373,0.005210888,0.7563936,0.9337335,0.9373793,0.6100121,0.01023947
"PDD61",0.04487856,0.01680915,0.7676438,0.7024493,0.2065747,0.94344,0.0419871,0.00746675,0.3302314,0.01462166,0.06398206,0.3189205,0.01189931,0.6573514,0.9282614,0.9574669,0.6958655,0.007899777
"PD56",0.03205981,0.03254955,0.8614238,0.6111998,0.1614858,0.9756174,0.020975,0.008473997,0.3318562,0.06382979,0.0497676,0.2972669,0.001804004,0.7449404,0.9386646,0.9408515,0.5773787,0.003776202
"CTRL55",0.0567861,0.02188557,0.8416919,0.5661643,0.2075276,0.9789937,0.03817142,0.008298217,0.3664702,0.08933508,0.05720123,0.3328897,0.002112234,0.7280205,0.9458882,0.939794,0.6544169,0.01219326
"CTRL37",0.04176161,0.01704195,0.7939117,0.81005,0.2582558,0.9563226,0.02466468,0.004955828,0.321061,0.1196866,0.06171694,0.2744981,0.0107086,0.6252835,0.9454801,0.8953796,0.633509,0.001321768
"CTRL82",0.01595641,0.02934017,0.8080898,0.6540195,0.2121644,0.9614684,0.03243076,0.008173599,0.2687043,0.04586002,0.06017942,0.2791399,0.008228303,0.5402634,0.9028759,0.9325683,0.5957082,0.008972597
"CTRL32",0.02335485,0.01575138,0.8391805,0.8226914,0.3423709,0.980001,0.05122243,0.009724187,0.3671887,0.04569378,0.06111929,0.2364788,0.01093669,0.7323803,0.9502716,0.9539693,0.645598,0.006459705
"PD2",0.0228424,0.1222624,0.8541787,0.8226731,0.3007731,0.9555838,0.09124341,0.01786408,0.3280423,0.03511572,0.05255057,0.2851946,0.01067974,0.6156644,0.8704556,0.9149375,0.6836399,0.01581538
"PD54",0.03282239,0.01310847,0.7980215,0.6261185,0.2285887,0.9762151,0.03176969,0.007279288,0.2992236,0.038369,0.06574222,0.2857528,0.003507068,0.7937835,0.9446848,0.942096,0.5832083,0.01056746
"CTRL48",0.0323633,0.04088423,0.7191107,0.5963947,0.2041347,0.9430285,0.0354453,0.0126929,0.363792,0.04942178,0.05389004,0.2526568,0.003291992,0.6568786,0.9357761,0.9558706,0.6684836,0.0108214
"PD49",0.03207218,0.02249333,0.6811551,0.6769694,0.1902658,0.9504303,0.02229739,0.01136051,0.3067772,0.025982,0.04658066,0.2760111,0.003524229,0.6935447,0.8924046,0.8863635,0.6883717,0.01704714
"PDD69",0.0431998,0.0217607,0.7063333,0.6032617,0.186208,0.9561528,0.06777933,0.02218471,0.4164618,0.03841833,0.0629509,0.2984497,0.00734796,0.6106166,0.9561534,0.8988073,0.7020339,0.008316142
"PD45",0.05538374,0.03497441,0.7782692,0.6342181,0.2722979,0.9641399,0.04036519,0.01072109,0.3489187,0.03455899,0.07279168,0.2817178,0.01311944,0.6909291,0.9741643,0.9413396,0.6712354,0.01666962
"CTRL12",0.03073059,0.0438193,0.7990176,0.716654,0.2864853,0.932845,0.0430978,0.01852886,0.3041862,0.05533063,0.04628906,0.2676262,0.007387863,0.5822545,0.9081127,0.9180301,0.5869565,0.01675458
"PD33",0.02471676,0.010522,0.7800956,0.680564,0.2329842,0.9504724,0.03352147,0.01484145,0.2897907,0.04070906,0.07133448,0.2273198,0.007617307,0.5907334,0.9481847,0.8891839,0.6299653,0.0111646
"PD51",0.02330733,0.01641938,0.7747872,0.6753638,0.175266,0.9855372,0.0198959,0.007697432,0.2969003,0.06245873,0.05309491,0.3333629,0.00546381,0.7104547,0.9370029,0.9589432,0.6720729,0.009224632
"PD13",0.02071233,0.1093481,0.7568982,0.7421633,0.2815364,0.9473934,0.02570062,0.01528883,0.3556181,0.03225806,0.0656473,0.25255,0.01389728,0.5051534,0.8621514,0.9440272,0.6851971,0.01136758
"PDD45",0.01512346,0.03189362,0.8644502,0.7005187,0.222476,0.9698236,0.04307599,0.008963585,0.3703508,0.03244838,0.07761755,0.2936276,0.005059742,0.6487753,0.9406789,0.9253095,0.5062349,0.006377164
"PD20",0.01815304,0.06436898,0.7429787,0.6967699,0.1955702,0.9489882,0.02567776,0.007197659,0.2518695,0.04411765,0.05808477,0.1952856,0.005996642,0.5108428,0.9450499,0.9161552,0.6545483,0.01589559
"CTRL83",0.03084445,0.02454572,0.769401,0.6248771,0.2086868,0.962925,0.01903725,0.01353348,0.311173,0.02545935,0.05309735,0.2368749,0.01078039,0.6670462,0.9474482,0.9461033,0.7212168,0.0117531
"PDD7",0.02218419,0.09525073,0.7979309,0.6912108,0.2759838,0.9567892,0.03387736,0.01384265,0.3459119,0.07690593,0.06262231,0.3365561,0.00894769,0.6099205,0.9004727,0.9458964,0.6747079,0.01808122
"CTRL71",0.01235419,0.04283365,0.7798129,0.6526771,0.2135115,0.9691754,0.03849687,0.003832335,0.3295767,0.07813733,0.06287575,0.3104509,0.003773335,0.6343804,0.8895862,0.9330591,0.6657475,0.01233852
"PDD47",0.05295117,0.01003105,0.8099901,0.6525416,0.2510794,0.9681704,0.02550652,0.01164938,0.3566535,0.02177411,0.05084746,0.3129658,0.005480582,0.620343,0.9407861,0.9305319,0.6699471,0.01529702
"PD32",0.04300614,0.002803989,0.7513647,0.686572,0.1760978,0.9607408,0.02707196,0.01287368,0.2776974,0.04951667,0.05391554,0.2715077,0.01041906,0.6888664,0.9363334,0.9082711,0.731347,0.01456022
"CTRL6",0.01391033,0.03108493,0.7674294,0.6188788,0.2493447,0.9640737,0.03098153,0.01020317,0.3698111,0.04850687,0.0604534,0.2332393,0.01287668,0.6892401,0.9191225,0.8944331,0.5861989,0.01697139
"CTRL46",0.06253958,0.04594976,0.7445656,0.5532423,0.2255917,0.9670045,0.03745821,0.01388242,0.2972048,0.02719298,0.07464103,0.3122186,0.004541109,0.6029824,0.9457728,0.9273099,0.6638065,0.01203166
"PD17",0.0274157,0.02091621,0.8148673,0.8074635,0.2248712,0.9674113,0.03161303,0.01685594,0.3876408,0.04523121,0.06507353,0.282335,0.009889764,0.4994517,0.8987706,0.9326577,0.6682137,0.008128099
"PDD10",0.03195942,0.07663288,0.7567021,0.6879872,0.2740519,0.9621252,0.04042406,0.01830256,0.3776023,0.0485905,0.06300776,0.3276507,0.01198876,0.6535987,0.866581,0.8939733,0.6174749,0.01847891
"DLB12",0.03517981,0.002409501,0.8053198,0.7285554,0.1852245,0.9820813,0.009824032,0.0109447,0.3039559,0.03798462,0.07188786,0.2895445,0.004287726,0.7150559,0.9375871,0.936153,0.7077584,0.009090115
"CTRL44",0.03615429,0.01023908,0.8195172,0.691604,0.1929297,0.9803588,0.02496723,0.01666667,0.407979,0.06564551,0.05102516,0.2543073,0.009262217,0.6975848,0.9357245,0.9309376,0.7112984,0.0128595
"CTRL86",0.04774518,0.01122545,0.7171684,0.644997,0.1852265,0.9751131,0.02828306,0.005997335,0.3323653,0.02830649,0.04475025,0.3115455,0.008492191,0.792895,0.9216107,0.8592492,0.7142384,0.01123956
"DLB27",0.02478216,0.0145553,0.7941835,0.5849742,0.1876824,0.9651458,0.01849393,0.009603444,0.355061,0.07912154,0.07526596,0.2935662,0.005681415,0.5988652,0.9563644,0.863608,0.5980919,0.008377167
"PD18",0.04433883,0.02559868,0.7732237,0.6425645,0.2309569,0.9899218,0.02804118,0.01194082,0.3115687,0.05932613,0.04965472,0.3024705,0.01148146,0.5370971,0.8537974,0.9405724,0.6237335,0.009423187
"CTRL20",0.0192584,0.02874536,0.8342344,0.6803109,0.2163921,0.965614,0.04735723,0.003618469,0.3252968,0.06096662,0.06672288,0.2950195,0.007484524,0.6772387,0.9662966,0.9027972,0.5802116,0.0009312563
"PDD50",0.02799402,0.04372448,0.7324798,0.6671978,0.237347,0.9692031,0.02935633,0.008852031,0.2355105,0.04668737,0.04708155,0.2160301,0.005765795,0.7102551,0.9682651,0.9263376,0.6666322,0.01313773
"DLB21",0.0377729,0.0131156,0.7444316,0.6925409,0.1638389,0.9633787,0.03174065,0.01033345,0.2760464,0.04843735,0.04984146,0.3133216,0.005082951,0.8023127,0.9150662,0.934656,0.6091169,0.01371881
"CTRL53",0.03994877,0.001554871,0.7679118,0.619746,0.230369,0.9775332,0.03989839,0.007167965,0.3737132,0.04315533,0.04271415,0.2785599,0.004867829,0.6913812,0.9658034,0.913477,0.5238185,0.006499133
"CTRL65",0.02211875,0.02038345,0.7324337,0.6170235,0.1866587,0.9505685,0.03453268,0.01451288,0.3088721,0.03777949,0.06221349,0.3362812,0.00345669,0.664081,0.8937373,0.9479014,0.6726431,0.01781003
"PD38",0.03214232,0.05756094,0.7744712,0.6742584,0.274787,0.9563125,0.03256834,0.01087356,0.3661704,0.03825137,0.06862092,0.3540961,0.008536294,0.6682939,0.9330352,0.9216625,0.7754995,0.007217115
"CTRL18",0.03567593,0.01211201,0.7665962,0.6975582,0.2609288,0.9788134,0.02666442,0.001798561,0.3675229,0.07595112,0.05606463,0.2993753,0.004263314,0.7477265,0.9526637,0.9363457,0.6362189,0.005459337
"PDD36",0.03824154,0.01935486,0.6403933,0.6851715,0.1846553,0.9662484,0.04305889,0.01187181,0.3905559,0.02801627,0.05311573,0.2370511,0.009668234,0.7657824,0.9448197,0.8921134,0.7659623,0.0106569
"PDD64",0.02894269,0.03931632,0.7759455,0.730018,0.2135297,0.9665788,0.04938333,0.005815661,0.3094345,0.02683857,0.07427436,0.3118982,0.009640438,0.7192705,0.9330941,0.9176169,0.6565647,0.006342763
"PD42",0.02033771,0.03900319,0.809333,0.7716682,0.3309764,0.9734043,0.01199,0.0183501,0.2346157,0.05446485,0.06019262,0.2322587,0.002280043,0.6284376,0.9243078,0.8891296,0.7444751,0.006652924
"PDD33",0.02513702,0.02601227,0.8458152,0.640825,0.1694532,0.9600657,0.01840608,0.006640397,0.2727483,0.05917496,0.03849249,0.2529438,0.006449116,0.7313126,0.8955211,0.9186123,0.6858718,0.01900739
"PDD65",0.03024354,0.007785658,0.6789338,0.6237661,0.1752191,0.9877865,0.03553213,0.01162016,0.3903844,0.0326087,0.06028636,0.3000854,0.003499903,0.7682121,0.9438367,0.895349,0.6945868,0.01219512
"PD62",0.03802562,0.01990261,0.7708969,0.7011292,0.29338,0.9617097,0.02350631,0.01561943,0.2834588,0.04947434,0.05232484,0.2792999,0.004964011,0.8457157,0.9284602,0.89748,0.6731716,0.009845825
"PDD77",0.02710375,0.05453199,0.7130324,0.6884466,0.1926478,0.9516677,0.05808287,0.01133397,0.3758506,0.03026401,0.05170207,0.322744,0.01343401,0.8277974,0.929922,0.9031632,0.7382276,0.01525986
"PDD2",0.03246741,0.06315682,0.8250324,0.7312125,0.275547,0.9517736,0.0421466,0.02038871,0.2838087,0.06692913,0.06602187,0.2529003,0.007455846,0.7283829,0.928418,0.9234946,0.6107446,0.01460722
"PD25",0.02102108,0.01650148,0.8615719,0.6573392,0.2944638,0.9617581,0.03154254,0.01281958,0.3128725,0.04932147,0.04939305,0.2518408,0.006069983,0.6393432,0.9576744,0.9250781,0.5996674,0.01436074
"DLB14",0.02331285,0.006575715,0.7850462,0.6785942,0.1912685,0.9736497,0.03037084,0.01858036,0.37566,0.05580762,0.05661914,0.2898614,0.006323519,0.6775829,0.9559376,0.9414962,0.5768029,0.0121409
